Name,Team,billikenTeam,contract,salary,point_value,repl,par,PA,HR,R,RBI,SB,AVG,IP,W,SV,SO,ERA,WHIP,p_c,p_1b,p_2b,p_3b,p_ss,p_of,p_ci,p_mi,ev,surplus
Shohei Ohtani,LAD,Louisville Sluggers,Opt,34,13.4,3.3,10.100000000000001,679,48,129,119,26,0.282,NA,NA,NA,NA,NA,NA,0,0,0,0,0,0,0,0,35,1
Juan Soto,NYM,Erie Lakers,2,37,11.1,3.3,7.8,686,38,114,102,23,0.272,NA,NA,NA,NA,NA,NA,0,0,0,0,0,1,0,0,28.2,-8.8
Ronald Acuna Jr.,ATL,Westside Marauders,2026,46,10.8,3.3,7.500000000000001,651,31,115,84,26,0.286,NA,NA,NA,NA,NA,NA,0,0,0,0,0,1,0,0,27.3,-18.7
Kyle Tucker,LAD,Melonheads,2,40,10,3.3,6.7,651,33,98,102,22,0.268,NA,NA,NA,NA,NA,NA,0,0,0,0,0,1,0,0,24.9,-15.1
Elly De La Cruz,CIN,Hoosiers,2030,30,10,3.3,6.7,672,25,97,89,41,0.262,NA,NA,NA,NA,NA,NA,0,0,0,0,1,0,0,1,24.9,-5.1
Fernando Tatis Jr.,SDP,Big Red Machine,2026,31,9.9,3.3,6.6000000000000005,672,30,106,84,26,0.27,NA,NA,NA,NA,NA,NA,0,0,0,0,0,1,0,0,24.6,-6.4
Corbin Carroll,ARI,Hoosiers,2029,26,9.6,3.3,6.3,637,27,101,89,34,0.259,NA,NA,NA,NA,NA,NA,0,0,0,0,0,1,0,0,23.7,-2.3
Pete Crow-Armstrong,CHC,Melonheads,2027,11,9.1,3.3,5.8,644,26,88,92,34,0.254,NA,NA,NA,NA,NA,NA,0,0,0,0,0,1,0,0,22.2,11.2
Jackson Chourio,MIL,Louisville Sluggers,Opt,15,9.1,3.3,5.8,651,25,92,88,24,0.271,NA,NA,NA,NA,NA,NA,0,0,0,0,0,1,0,0,22.2,7.2
Trea Turner,PHI,Blue Socks,2,30,8.9,3.3,5.6000000000000005,644,19,92,73,28,0.282,NA,NA,NA,NA,NA,NA,0,0,0,0,1,0,0,1,21.6,-8.4
Bryce Harper,PHI,NA,NA,NA,8.8,3.3,5.500000000000001,665,29,90,95,11,0.273,NA,NA,NA,NA,NA,NA,0,1,0,0,0,0,1,0,21.3,NA
Paul Skenes,PIT,Melonheads,Opt,7,6.8,1.6,5.199999999999999,NA,NA,NA,NA,NA,NA,189,13,0,223,2.84,1.07,0,0,0,0,0,0,0,0,20.5,13.5
Francisco Lindor,NYM,National Pastime,2,33,8.4,3.3,5.1000000000000005,630,26,94,78,22,0.261,NA,NA,NA,NA,NA,NA,0,0,0,0,1,0,0,1,20.2,-12.8
Freddie Freeman,LAD,NA,NA,NA,8.4,3.3,5.1000000000000005,651,24,89,91,8,0.284,NA,NA,NA,NA,NA,NA,0,1,0,0,0,0,1,0,20.2,NA
Kyle Schwarber,PHI,Free At Last,2,24,8.4,3.3,5.1000000000000005,686,44,103,105,7,0.227,NA,NA,NA,NA,NA,NA,0,0,0,0,0,0,0,0,20.2,-3.8
Hunter Goodman,COL,Louisville Sluggers,2,7,7,1.9,5.1,583,29,74,89,2,0.259,NA,NA,NA,NA,NA,NA,1,0,0,0,0,1,0,0,20.2,13.2
Ivan Herrera,STL,National Pastime,Opt,2,6.8,1.9,4.9,593,19,76,73,10,0.273,NA,NA,NA,NA,NA,NA,1,0,0,0,0,0,0,0,19.6,17.6
William Contreras,MIL,Melonheads,2026,11,6.7,1.9,4.800000000000001,610,20,79,77,6,0.27,NA,NA,NA,NA,NA,NA,1,0,0,0,0,0,0,0,19.3,8.3
Mookie Betts,LAD,Erie Lakers,Opt,35,8.1,3.3,4.8,651,24,97,87,9,0.274,NA,NA,NA,NA,NA,NA,0,0,0,0,1,1,0,1,19.3,-15.7
Ketel Marte,ARI,Big Red Machine,2,29,8.1,3.3,4.8,637,27,94,86,6,0.274,NA,NA,NA,NA,NA,NA,0,0,1,0,0,0,0,1,19.3,-9.7
James Wood,WSN,NA,NA,NA,8.1,3.3,4.8,644,27,90,84,16,0.261,NA,NA,NA,NA,NA,NA,0,0,0,0,0,1,0,0,19.3,NA
Bo Bichette,NYM,NA,NA,NA,7.9,3.3,4.6000000000000005,658,19,81,86,6,0.291,NA,NA,NA,NA,NA,NA,NA,NA,NA,NA,NA,NA,NA,NA,18.7,NA
Mason Miller,SDP,Westside Marauders,2,21,6.2,1.6,4.6,NA,NA,NA,NA,NA,NA,66,4,32,106,2.43,0.96,0,0,0,0,0,0,0,0,18.7,-2.3
Manny Machado,SDP,Hoosiers,Opt,25,7.8,3.3,4.5,651,27,81,91,10,0.263,NA,NA,NA,NA,NA,NA,0,0,0,1,0,0,1,0,18.4,-6.6
Austin Riley,ATL,Erie Lakers,Opt,35,7.7,3.3,4.4,672,30,88,92,3,0.261,NA,NA,NA,NA,NA,NA,0,0,0,1,0,0,1,0,18.1,-16.9
Michael Harris II,ATL,National Pastime,2028,21,7.7,3.3,4.4,574,22,71,77,18,0.275,NA,NA,NA,NA,NA,NA,0,0,0,0,0,1,0,0,18.1,-2.9
CJ Abrams,WSN,Melonheads,2027,16,7.7,3.3,4.4,630,20,86,70,30,0.254,NA,NA,NA,NA,NA,NA,0,0,0,0,1,0,0,1,18.1,2.1
Edwin Diaz,LAD,Louisville Sluggers,2027,33,6,1.6,4.4,NA,NA,NA,NA,NA,NA,66,5,36,93,2.98,1.07,0,0,0,0,0,0,0,0,18.1,-14.9
Edwin Diaz,LAD,Louisville Sluggers,2027,33,6,1.6,4.4,NA,NA,NA,NA,NA,NA,66,5,36,93,2.98,1.07,0,1,0,0,0,0,1,0,18.1,-14.9
Geraldo Perdomo,ARI,Free At Last,2,6,7.6,3.3,4.3,686,15,96,72,23,0.266,NA,NA,NA,NA,NA,NA,0,0,0,0,1,0,0,1,17.8,11.8
Matt Olson,ATL,Free Birds,2027,38,7.6,3.3,4.3,686,32,94,95,1,0.253,NA,NA,NA,NA,NA,NA,0,1,0,0,0,0,1,0,17.8,-20.2
Rafael Devers,SFG,Hoosiers,2,30,7.5,3.3,4.2,686,31,94,93,2,0.253,NA,NA,NA,NA,NA,NA,0,1,0,1,0,0,1,0,17.5,-12.5
Jackson Merrill,SDP,Louisville Sluggers,Opt,7,7.4,3.3,4.1000000000000005,630,24,82,85,7,0.27,NA,NA,NA,NA,NA,NA,0,0,0,0,0,1,0,0,17.2,10.2
Nico Hoerner,CHC,Free Birds,2026,23,7.4,3.3,4.1000000000000005,665,9,79,65,27,0.281,NA,NA,NA,NA,NA,NA,0,0,1,0,0,0,0,1,17.2,-5.8
Teoscar Hernandez,LAD,Free Birds,Opt,20,7.4,3.3,4.1000000000000005,595,29,75,92,6,0.261,NA,NA,NA,NA,NA,NA,0,0,0,0,0,1,0,0,17.2,-2.8
Logan Webb,SFG,Hoosiers,2026,16,5.6,1.6,3.9999999999999996,NA,NA,NA,NA,NA,NA,202,15,0,191,3.19,1.17,0,0,0,0,0,0,0,0,16.9,0.9
Jhoan Duran,PHI,Blue Socks,2,17,5.6,1.6,3.9999999999999996,NA,NA,NA,NA,NA,NA,70,7,29,84,2.67,1.1,0,0,0,0,0,0,0,0,16.9,-0.1
Seiya Suzuki,CHC,Melonheads,2,21,7.2,3.3,3.9000000000000004,630,27,79,88,7,0.256,NA,NA,NA,NA,NA,NA,0,0,0,0,0,1,0,0,16.6,-4.4
Drake Baldwin,ATL,Free Birds,2,1,5.8,1.9,3.9,528,21,63,75,1,0.266,NA,NA,NA,NA,NA,NA,1,0,0,0,0,0,0,0,16.6,15.6
Chris Sale,ATL,Westside Marauders,Opt,13,5.5,1.6,3.9,NA,NA,NA,NA,NA,NA,165,12,0,200,3.15,1.1,0,0,0,0,0,0,0,0,16.6,3.6
Andy Pages,LAD,Westside Marauders,2,3,7.1,3.3,3.8,602,26,75,85,10,0.257,NA,NA,NA,NA,NA,NA,0,0,0,0,0,1,0,0,16.3,13.3
Brice Turang,MIL,National Pastime,Opt,7,7.1,3.3,3.8,651,14,82,68,28,0.259,NA,NA,NA,NA,NA,NA,0,0,1,0,0,0,0,1,16.3,9.3
Alec Burleson,STL,National Pastime,Opt,1,7,3.3,3.7,609,22,70,80,6,0.276,NA,NA,NA,NA,NA,NA,0,1,0,0,0,1,1,0,16,15
Christian Yelich,MIL,NA,NA,NA,7,3.3,3.7,630,20,81,80,17,0.256,NA,NA,NA,NA,NA,NA,0,0,0,0,0,1,0,0,16,NA
Cristopher Sanchez,PHI,Louisville Sluggers,2026,6,5.3,1.6,3.6999999999999997,NA,NA,NA,NA,NA,NA,200,12,0,193,3.21,1.16,0,0,0,0,0,0,0,0,16,10
Ezequiel Tovar,COL,Erie Lakers,2027,11,6.9,3.3,3.6000000000000005,651,21,82,74,9,0.266,NA,NA,NA,NA,NA,NA,0,0,0,0,1,0,0,1,15.7,4.7
Eugenio Suarez,CIN,NA,NA,NA,6.9,3.3,3.6000000000000005,616,35,79,97,3,0.235,NA,NA,NA,NA,NA,NA,NA,NA,NA,NA,NA,NA,NA,NA,15.7,NA
Devin Williams,NYM,NA,NA,NA,5.2,1.6,3.6,NA,NA,NA,NA,NA,NA,64,5,32,85,3.13,1.14,0,0,0,0,0,0,0,0,15.7,NA
Matt Chapman,SFG,Free At Last,Opt,18,6.8,3.3,3.5,672,27,89,84,9,0.242,NA,NA,NA,NA,NA,NA,0,0,0,1,0,0,1,0,15.4,-2.6
Michael Busch,CHC,Big Red Machine,2027,11,6.8,3.3,3.5,595,28,83,81,3,0.253,NA,NA,NA,NA,NA,NA,0,1,0,0,0,0,1,0,15.4,4.4
Adolis Garcia,PHI,NA,NA,NA,6.8,3.3,3.5,609,27,75,88,13,0.241,NA,NA,NA,NA,NA,NA,0,0,0,0,0,1,0,0,15.4,NA
Willy Adames,SFG,National Pastime,2026,27,6.7,3.3,3.4000000000000004,679,27,85,87,12,0.236,NA,NA,NA,NA,NA,NA,0,0,0,0,1,0,0,1,15.1,-11.9
Oneil Cruz,PIT,Westside Marauders,2026,22,6.7,3.3,3.4000000000000004,539,22,69,67,29,0.237,NA,NA,NA,NA,NA,NA,0,0,0,0,1,1,0,1,15.1,-6.9
Luis Robert Jr.,NYM,Blue Socks,1,21,6.7,3.3,3.4000000000000004,567,21,69,76,29,0.235,NA,NA,NA,NA,NA,NA,NA,NA,NA,NA,NA,NA,NA,NA,15.1,-5.9
Luis Arraez,SFG,NA,NA,NA,6.7,3.3,3.4000000000000004,623,6,73,58,9,0.308,NA,NA,NA,NA,NA,NA,0,1,1,0,0,0,1,1,15.1,NA
Will Smith,LAD,Westside Marauders,2,15,5.2,1.9,3.3000000000000003,500,19,67,67,2,0.255,NA,NA,NA,NA,NA,NA,1,0,0,0,0,0,0,0,14.8,-0.2
Bryson Stott,PHI,NA,NA,NA,6.6,3.3,3.3,623,14,73,67,25,0.258,NA,NA,NA,NA,NA,NA,0,0,1,0,1,0,0,1,14.8,NA
Heliot Ramos,SFG,Hoosiers,2,16,6.6,3.3,3.3,644,23,78,79,7,0.257,NA,NA,NA,NA,NA,NA,0,0,0,0,0,1,0,0,14.8,-1.2
Dansby Swanson,CHC,Big Red Machine,2,19,6.5,3.3,3.2,686,22,82,80,16,0.241,NA,NA,NA,NA,NA,NA,0,0,0,0,1,0,0,1,14.5,-4.5
Agustin Ramirez,MIA,Hoosiers,2,2,5.1,1.9,3.1999999999999997,478,18,60,62,12,0.244,NA,NA,NA,NA,NA,NA,1,1,0,0,0,0,1,0,14.5,12.5
Dylan Crews,WSN,Blue Socks,Opt,1,6.4,3.3,3.1000000000000005,595,18,72,69,26,0.244,NA,NA,NA,NA,NA,NA,0,0,0,0,0,1,0,0,14.2,13.2
Hunter Greene,CIN,Westside Marauders,Opt,14,4.7,1.6,3.1,NA,NA,NA,NA,NA,NA,180,11,0,212,3.74,1.11,0,0,0,0,0,0,0,0,14.2,0.2
Yoshinobu Yamamoto,LAD,Melonheads,Opt,26,4.7,1.6,3.1,NA,NA,NA,NA,NA,NA,155,12,0,165,3.38,1.11,0,0,0,0,0,0,0,0,14.2,-11.8
Alex Bregman,CHC,NA,NA,NA,6.3,3.3,3,672,23,87,82,3,0.25,NA,NA,NA,NA,NA,NA,0,0,0,1,0,0,1,0,13.9,NA
Xavier Edwards,MIA,Louisville Sluggers,Opt,1,6.3,3.3,3,602,5,72,50,27,0.281,NA,NA,NA,NA,NA,NA,0,0,1,0,1,0,0,1,13.9,12.9
Alec Bohm,PHI,NA,NA,NA,6.3,3.3,3,609,16,70,77,3,0.278,NA,NA,NA,NA,NA,NA,0,1,0,1,0,0,1,0,13.9,NA
Brenton Doyle,COL,Westside Marauders,2,10,6.3,3.3,3,595,19,69,70,21,0.248,NA,NA,NA,NA,NA,NA,0,0,0,0,0,1,0,0,13.9,3.9
Kyle Stowers,MIA,Big Red Machine,2,3,6.2,3.3,2.9000000000000004,609,27,73,84,4,0.243,NA,NA,NA,NA,NA,NA,0,0,0,0,0,1,0,0,13.6,10.6
Ozzie Albies,ATL,Free At Last,2026,42,6.2,3.3,2.9000000000000004,630,19,75,75,11,0.254,NA,NA,NA,NA,NA,NA,0,0,1,0,0,0,0,1,13.6,-28.4
Luis Garcia Jr.,WSN,Louisville Sluggers,2,19,6.2,3.3,2.9000000000000004,525,16,63,67,13,0.272,NA,NA,NA,NA,NA,NA,0,0,1,0,0,0,0,1,13.6,-5.4
Mickey Moniak,COL,Blue Socks,2,1,6.2,3.3,2.9000000000000004,490,21,65,68,9,0.266,NA,NA,NA,NA,NA,NA,0,0,0,0,0,1,0,0,13.6,12.6
Gabriel Moreno,ARI,NA,NA,NA,4.7,1.9,2.8000000000000003,456,11,54,56,4,0.279,NA,NA,NA,NA,NA,NA,1,0,0,0,0,0,0,0,13.3,NA
Zack Wheeler,PHI,Melonheads,Opt,28,4.4,1.6,2.8000000000000003,NA,NA,NA,NA,NA,NA,147,10,0,160,3.31,1.11,0,0,0,0,0,0,0,0,13.3,-14.7
Daniel Palencia,CHC,Hoosiers,2,1,4.4,1.6,2.8000000000000003,NA,NA,NA,NA,NA,NA,67,5,30,75,3.68,1.24,0,0,0,0,0,0,0,0,13.3,12.3
Ian Happ,CHC,Free At Last,Opt,18,6.1,3.3,2.8,658,23,84,79,8,0.243,NA,NA,NA,NA,NA,NA,0,0,0,0,0,1,0,0,13.3,-4.7
Jurickson Profar,ATL,Blue Socks,Opt,2,6.1,3.3,2.8,644,19,82,73,9,0.253,NA,NA,NA,NA,NA,NA,0,0,0,0,0,1,0,0,13.3,11.3
Xander Bogaerts,SDP,NA,NA,NA,6,3.3,2.7,609,13,68,63,17,0.264,NA,NA,NA,NA,NA,NA,0,0,1,0,1,0,0,1,13,NA
Ryan Walker,SFG,Big Red Machine,2,1,4.3,1.6,2.6999999999999997,NA,NA,NA,NA,NA,NA,63,5,27,68,3.27,1.18,0,0,0,0,0,0,0,0,13,12
Masyn Winn,STL,Westside Marauders,Opt,11,5.9,3.3,2.6000000000000005,644,15,79,68,13,0.255,NA,NA,NA,NA,NA,NA,0,0,0,0,1,0,0,1,12.7,1.7
Otto Lopez,MIA,Big Red Machine,2,1,5.9,3.3,2.6000000000000005,609,12,67,65,16,0.266,NA,NA,NA,NA,NA,NA,0,0,1,0,1,0,0,1,12.7,11.7
Jorge Polanco,NYM,NA,NA,NA,5.9,3.3,2.6000000000000005,546,24,66,77,5,0.251,NA,NA,NA,NA,NA,NA,0,0,1,0,0,0,0,1,12.7,NA
Jakob Marsee,MIA,Hoosiers,2,1,5.9,3.3,2.6000000000000005,581,13,73,58,35,0.231,NA,NA,NA,NA,NA,NA,0,0,0,0,0,1,0,0,12.7,11.7
Francisco Alvarez,NYM,Westside Marauders,2027,11,4.5,1.9,2.6,446,22,54,63,1,0.238,NA,NA,NA,NA,NA,NA,1,0,0,0,0,0,0,0,12.7,1.7
J.T. Realmuto,PHI,Blue Socks,2,13,4.5,1.9,2.6,500,15,56,58,7,0.251,NA,NA,NA,NA,NA,NA,1,0,0,0,0,0,0,0,12.7,-0.3
Raisel Iglesias,ATL,National Pastime,2,24,4.2,1.6,2.6,NA,NA,NA,NA,NA,NA,66,5,26,71,3.61,1.15,0,0,0,0,0,0,0,0,12.7,-11.3
Marcus Semien,NYM,NA,NA,NA,5.8,3.3,2.5,644,20,83,75,9,0.242,NA,NA,NA,NA,NA,NA,0,0,1,0,0,0,0,1,12.4,NA
Noelvi Marte,CIN,Melonheads,Opt,16,5.8,3.3,2.5,539,17,67,65,15,0.253,NA,NA,NA,NA,NA,NA,0,0,0,1,0,1,1,0,12.4,-3.6
Jesus Luzardo,PHI,Louisville Sluggers,2027,19,4.1,1.6,2.4999999999999996,NA,NA,NA,NA,NA,NA,179,12,0,197,3.77,1.19,0,0,0,0,0,0,0,0,12.4,-6.6
Pete Fairbanks,MIA,NA,NA,NA,4.1,1.6,2.4999999999999996,NA,NA,NA,NA,NA,NA,62,4,27,64,3.38,1.2,0,0,0,0,0,0,0,0,12.4,NA
Konnor Griffin,PIT,NA,NA,NA,5.7,3.3,2.4000000000000004,469,11,67,55,23,0.26,NA,NA,NA,NA,NA,NA,0,0,0,0,0,1,0,0,12.2,NA
Matt McLain,CIN,Hoosiers,2028,16,5.7,3.3,2.4000000000000004,616,19,75,68,18,0.235,NA,NA,NA,NA,NA,NA,0,0,1,0,1,0,0,1,12.2,-3.8
Sal Stewart,CIN,Westside Marauders,2,1,5.7,3.3,2.4000000000000004,490,18,63,67,8,0.264,NA,NA,NA,NA,NA,NA,0,1,1,1,0,0,1,1,12.2,11.2
Daylen Lile,WSN,Erie Lakers,2,1,5.7,3.3,2.4000000000000004,553,11,66,64,14,0.267,NA,NA,NA,NA,NA,NA,0,0,0,0,0,1,0,0,12.2,11.2
Bryan Reynolds,PIT,Free Birds,Opt,22,5.7,3.3,2.4000000000000004,644,19,73,76,5,0.253,NA,NA,NA,NA,NA,NA,0,0,0,0,0,1,0,0,12.2,-9.8
Ramon Laureano,SDP,Melonheads,2,1,5.6,3.3,2.3,560,21,70,73,9,0.242,NA,NA,NA,NA,NA,NA,0,0,0,0,0,1,0,0,11.9,10.9
Jordan Beck,COL,Hoosiers,2,4,5.6,3.3,2.3,560,16,64,63,16,0.252,NA,NA,NA,NA,NA,NA,0,0,0,0,0,1,0,0,11.9,7.9
Nick Pivetta,SDP,National Pastime,2,13,3.9,1.6,2.3,NA,NA,NA,NA,NA,NA,183,11,0,200,3.92,1.17,0,0,0,0,0,0,0,0,11.9,-1.1
Jung Hoo Lee,SFG,Blue Socks,Opt,15,5.5,3.3,2.2,609,10,68,64,9,0.271,NA,NA,NA,NA,NA,NA,0,0,0,0,0,1,0,0,11.6,-3.4
Abner Uribe,MIL,Westside Marauders,2,1,3.8,1.6,2.1999999999999997,NA,NA,NA,NA,NA,NA,72,4,19,87,3.11,1.21,0,0,0,0,0,0,0,0,11.6,10.6
Brandon Woodruff,MIL,Hoosiers,2,12,3.7,1.6,2.1,NA,NA,NA,NA,NA,NA,149,10,0,158,3.74,1.15,0,0,0,0,0,0,0,0,11.3,-0.7
Spencer Strider,ATL,Free Birds,2,17,3.7,1.6,2.1,NA,NA,NA,NA,NA,NA,159,12,0,187,3.85,1.21,0,0,0,0,0,0,0,0,11.3,-5.7
Emilio Pagan,CIN,Louisville Sluggers,2,1,3.7,1.6,2.1,NA,NA,NA,NA,NA,NA,66,3,27,71,4.05,1.19,0,0,0,0,0,0,0,0,11.3,10.3
Dennis Santana,PIT,National Pastime,2,3,3.7,1.6,2.1,NA,NA,NA,NA,NA,NA,68,4,26,63,3.72,1.25,0,0,0,0,0,0,0,0,11.3,8.3
Harrison Bader,SFG,Blue Socks,2,2,5.3,3.3,2,532,15,62,59,15,0.251,NA,NA,NA,NA,NA,NA,0,0,0,0,0,1,0,0,11,9
TJ Friedl,CIN,Free Birds,2026,11,5.3,3.3,2,623,15,76,61,13,0.245,NA,NA,NA,NA,NA,NA,0,0,0,0,0,1,0,0,11,-0
Brandon Lowe,PIT,Louisville Sluggers,1,15,5.3,3.3,2,546,23,69,68,4,0.243,NA,NA,NA,NA,NA,NA,0,0,1,0,0,0,0,1,11,-4
Willi Castro,COL,Melonheads,2,17,5.3,3.3,2,546,13,68,55,15,0.256,NA,NA,NA,NA,NA,NA,0,0,1,1,1,1,1,1,11,-6
Joey Ortiz,MIL,Big Red Machine,Opt,6,5.2,3.3,1.9000000000000004,630,12,73,66,15,0.248,NA,NA,NA,NA,NA,NA,0,0,0,1,1,0,1,1,10.7,4.7
Nolan Arenado,ARI,Blue Socks,2026,33,5.2,3.3,1.9000000000000004,595,17,64,75,3,0.254,NA,NA,NA,NA,NA,NA,0,0,0,1,0,0,1,0,10.7,-22.3
Victor Scott II,STL,Free At Last,2,5,5.2,3.3,1.9000000000000004,581,9,65,50,38,0.226,NA,NA,NA,NA,NA,NA,0,0,0,0,0,1,0,0,10.7,5.7
Ryan O'Hearn,PIT,Erie Lakers,2,11,5.2,3.3,1.9000000000000004,546,15,64,63,3,0.267,NA,NA,NA,NA,NA,NA,0,1,0,0,0,1,1,0,10.7,-0.3
Tommy Edman,LAD,Blue Socks,2026,29,5.1,3.3,1.7999999999999998,511,15,64,61,11,0.25,NA,NA,NA,NA,NA,NA,0,0,1,1,1,1,1,1,10.4,-18.6
Sal Frelick,MIL,NA,NA,NA,5.1,3.3,1.7999999999999998,511,8,60,52,15,0.271,NA,NA,NA,NA,NA,NA,0,0,0,0,0,1,0,0,10.4,NA
Justin Crawford,PHI,NA,NA,NA,5.1,3.3,1.7999999999999998,427,6,56,43,22,0.276,NA,NA,NA,NA,NA,NA,0,0,0,0,0,1,0,0,10.4,NA
Marcell Ozuna,PIT,Big Red Machine,2026,22,5.1,3.3,1.7999999999999998,525,23,63,70,0,0.246,NA,NA,NA,NA,NA,NA,0,0,0,0,0,0,0,0,10.4,-11.6
Michael King,SDP,Big Red Machine,Opt,2,3.4,1.6,1.7999999999999998,NA,NA,NA,NA,NA,NA,170,11,0,179,3.68,1.24,0,0,0,0,0,0,0,0,10.4,8.4
Blake Snell,LAD,NA,NA,NA,3.4,1.6,1.7999999999999998,NA,NA,NA,NA,NA,NA,141,10,0,175,3.55,1.24,0,0,0,0,0,0,0,0,10.4,NA
Freddy Peralta,NYM,National Pastime,Opt,24,3.4,1.6,1.7999999999999998,NA,NA,NA,NA,NA,NA,162,11,0,177,3.83,1.22,0,0,0,0,0,0,0,0,10.4,-13.6
Shohei Ohtani,LAD,Louisville Sluggers,Opt,34,3.4,1.6,1.7999999999999998,NA,NA,NA,NA,NA,NA,116,8,0,138,3.51,1.13,0,0,0,0,0,0,0,0,10.4,-23.6
Lourdes Gurriel Jr.,ARI,Erie Lakers,Opt,13,5,3.3,1.7000000000000002,469,15,52,61,7,0.266,NA,NA,NA,NA,NA,NA,0,0,0,0,0,1,0,0,10.1,-2.9
Brandon Marsh,PHI,Erie Lakers,2,8,4.9,3.3,1.6000000000000005,497,14,59,59,10,0.256,NA,NA,NA,NA,NA,NA,0,0,0,0,0,1,0,0,9.8,1.8
Miguel Andujar,SDP,Free Birds,2,1,4.9,3.3,1.6000000000000005,504,13,55,61,3,0.274,NA,NA,NA,NA,NA,NA,0,0,0,1,0,1,1,0,9.8,8.8
Aaron Nola,PHI,Blue Socks,2,20,3.2,1.6,1.6,NA,NA,NA,NA,NA,NA,180,11,0,177,4.11,1.21,0,0,0,0,0,0,0,0,9.8,-10.2
JJ Wetherholt,STL,Hoosiers,2,1,4.8,3.3,1.5,532,11,62,59,11,0.254,NA,NA,NA,NA,NA,NA,0,0,0,0,1,0,0,1,9.5,8.5
Andrew Vaughn,MIL,Westside Marauders,2,15,4.8,3.3,1.5,560,20,58,75,0,0.246,NA,NA,NA,NA,NA,NA,0,1,0,0,0,0,1,0,9.5,-5.5
Tyler Glasnow,LAD,Hoosiers,Opt,11,3.1,1.6,1.5,NA,NA,NA,NA,NA,NA,133,8,0,155,3.68,1.2,0,0,0,0,0,0,0,0,9.5,-1.5
Matthew Boyd,CHC,National Pastime,2,7,3.1,1.6,1.5,NA,NA,NA,NA,NA,NA,167,11,0,149,3.89,1.23,0,0,0,0,0,0,0,0,9.5,2.5
Trevor Megill,MIL,Erie Lakers,Opt,1,3.1,1.6,1.5,NA,NA,NA,NA,NA,NA,66,5,11,82,3.27,1.17,0,0,0,0,0,0,0,0,9.5,8.5
Lars Nootbaar,STL,NA,NA,NA,4.7,3.3,1.4000000000000004,546,16,70,54,7,0.247,NA,NA,NA,NA,NA,NA,0,0,0,0,0,1,0,0,9.2,NA
Moises Ballesteros,CHC,Hoosiers,2,1,3.3,1.9,1.4,382,9,41,45,2,0.264,NA,NA,NA,NA,NA,NA,1,0,0,0,0,0,0,0,9.2,8.2
Chase Burns,CIN,Westside Marauders,2,1,3,1.6,1.4,NA,NA,NA,NA,NA,NA,123,8,0,142,3.75,1.17,0,0,0,0,0,0,0,0,9.2,8.2
Emmet Sheehan,LAD,Blue Socks,2,1,3,1.6,1.4,NA,NA,NA,NA,NA,NA,145,9,0,165,3.96,1.2,0,0,0,0,0,0,0,0,9.2,8.2
Zac Gallen,ARI,Westside Marauders,Opt,26,3,1.6,1.4,NA,NA,NA,NA,NA,NA,182,13,0,169,4.03,1.28,0,0,0,0,0,0,0,0,9.2,-16.8
Tyler Stephenson,CIN,National Pastime,2,12,3.2,1.9,1.3000000000000003,450,14,50,53,1,0.234,NA,NA,NA,NA,NA,NA,1,0,0,0,0,0,0,0,8.9,-3.1
Mark Vientos,NYM,National Pastime,Opt,1,4.6,3.3,1.2999999999999998,441,20,52,63,1,0.25,NA,NA,NA,NA,NA,NA,0,0,0,1,0,0,1,0,8.9,7.9
Joe Musgrove,SDP,NA,NA,NA,2.9,1.6,1.2999999999999998,NA,NA,NA,NA,NA,NA,158,9,0,145,3.89,1.21,0,0,0,0,0,0,0,0,8.9,NA
Brett Baty,NYM,Louisville Sluggers,2,2,4.5,3.3,1.2000000000000002,455,18,54,57,5,0.249,NA,NA,NA,NA,NA,NA,0,0,1,1,0,0,1,1,8.6,6.6
Connor Norby,MIA,Blue Socks,Opt,1,4.5,3.3,1.2000000000000002,497,15,61,58,8,0.245,NA,NA,NA,NA,NA,NA,0,0,1,1,0,0,1,1,8.6,7.6
Nolan Gorman,STL,National Pastime,2,6,4.5,3.3,1.2000000000000002,532,24,63,70,4,0.22,NA,NA,NA,NA,NA,NA,0,0,1,1,0,0,1,1,8.6,2.6
Freddy Fermin,SDP,Erie Lakers,2,7,3.1,1.9,1.2000000000000002,480,11,48,49,3,0.242,NA,NA,NA,NA,NA,NA,1,0,0,0,0,0,0,0,8.6,1.6
Reynaldo Lopez,ATL,Free Birds,Opt,4,2.8,1.6,1.1999999999999997,NA,NA,NA,NA,NA,NA,148,10,0,149,3.82,1.25,0,0,0,0,0,0,0,0,8.6,4.6
Shota Imanaga,CHC,Melonheads,Opt,13,2.8,1.6,1.1999999999999997,NA,NA,NA,NA,NA,NA,147,9,0,134,4.04,1.18,0,0,0,0,0,0,0,0,8.6,-4.4
Spencer Horwitz,PIT,NA,NA,NA,4.4,3.3,1.1000000000000005,490,11,62,51,2,0.269,NA,NA,NA,NA,NA,NA,0,1,1,0,0,0,1,1,8.3,NA
Merrill Kelly,ARI,NA,NA,NA,2.7,1.6,1.1,NA,NA,NA,NA,NA,NA,169,11,0,151,3.94,1.27,0,0,0,0,0,0,0,0,8.3,NA
JoJo Romero,STL,Louisville Sluggers,2,1,2.7,1.6,1.1,NA,NA,NA,NA,NA,NA,64,5,14,62,3.49,1.29,0,0,0,0,0,0,0,0,8.3,7.3
Jared Triolo,PIT,Louisville Sluggers,2,1,4.3,3.3,1,553,9,62,51,15,0.245,NA,NA,NA,NA,NA,NA,0,1,1,1,1,0,1,1,8,7
Jordan Walker,STL,NA,NA,NA,4.3,3.3,1,546,15,56,60,10,0.238,NA,NA,NA,NA,NA,NA,0,0,0,0,0,1,0,0,8,NA
Patrick Bailey,SFG,Free At Last,2,6,2.9,1.9,1,525,11,53,53,3,0.228,NA,NA,NA,NA,NA,NA,1,0,0,0,0,0,0,0,8,2
Sandy Alcantara,MIA,Big Red Machine,2,18,2.6,1.6,1,NA,NA,NA,NA,NA,NA,188,11,0,156,4.08,1.26,0,0,0,0,0,0,0,0,8,-10
Nick Lodolo,CIN,NA,NA,NA,2.6,1.6,1,NA,NA,NA,NA,NA,NA,151,9,0,154,4.13,1.2,0,0,0,0,0,0,0,0,8,NA
Jake Cronenworth,SDP,Hoosiers,2,12,4.2,3.3,0.9000000000000004,630,15,70,65,4,0.234,NA,NA,NA,NA,NA,NA,0,1,1,0,1,0,1,1,7.7,-4.3
Brady House,WSN,Westside Marauders,2,1,4.2,3.3,0.9000000000000004,525,14,55,61,5,0.245,NA,NA,NA,NA,NA,NA,0,0,0,1,0,0,1,0,7.7,6.7
Carson Kelly,CHC,Westside Marauders,2,1,2.8,1.9,0.8999999999999999,380,12,43,44,2,0.233,NA,NA,NA,NA,NA,NA,1,0,0,0,0,0,0,0,7.7,6.7
Eury Perez,MIA,Blue Socks,Opt,1,2.5,1.6,0.8999999999999999,NA,NA,NA,NA,NA,NA,135,8,0,145,4.04,1.21,0,0,0,0,0,0,0,0,7.7,6.7
Nolan McLean,NYM,Hoosiers,2,1,2.5,1.6,0.8999999999999999,NA,NA,NA,NA,NA,NA,145,10,0,140,3.82,1.29,0,0,0,0,0,0,0,0,7.7,6.7
Edward Cabrera,CHC,Hoosiers,2,2,2.5,1.6,0.8999999999999999,NA,NA,NA,NA,NA,NA,137,9,0,146,3.92,1.25,0,0,0,0,0,0,0,0,7.7,5.7
Jacob Misiorowski,MIL,Melonheads,2,1,2.5,1.6,0.8999999999999999,NA,NA,NA,NA,NA,NA,138,9,0,159,3.97,1.28,0,0,0,0,0,0,0,0,7.7,6.7
Robert Suarez,ATL,Big Red Machine,Opt,9,2.5,1.6,0.8999999999999999,NA,NA,NA,NA,NA,NA,67,5,8,70,3.56,1.19,0,0,0,0,0,0,0,0,7.7,-1.3
Max Muncy,LAD,Free Birds,Opt,19,4.1,3.3,0.7999999999999998,455,21,60,62,3,0.22,NA,NA,NA,NA,NA,NA,0,0,0,1,0,0,1,0,7.4,-11.6
Spencer Schwellenbach,ATL,National Pastime,Opt,1,2.4,1.6,0.7999999999999998,NA,NA,NA,NA,NA,NA,89,6,0,87,3.52,1.13,0,0,0,0,0,0,0,0,7.4,6.4
Riley O'Brien,STL,NA,NA,NA,2.4,1.6,0.7999999999999998,NA,NA,NA,NA,NA,NA,63,3,16,65,3.71,1.32,0,0,0,0,0,0,0,0,7.4,NA
Jake McCarthy,COL,Erie Lakers,2,1,4,3.3,0.7000000000000002,357,6,44,37,14,0.275,NA,NA,NA,NA,NA,NA,0,0,0,0,0,1,0,0,7.1,6.1
Gavin Sheets,SDP,Free At Last,2,1,4,3.3,0.7000000000000002,518,17,52,63,2,0.24,NA,NA,NA,NA,NA,NA,0,1,0,0,0,1,1,0,7.1,6.1
Sean Murphy,ATL,Big Red Machine,2,12,2.6,1.9,0.7000000000000002,348,15,39,43,0,0.221,NA,NA,NA,NA,NA,NA,1,0,0,0,0,0,0,0,7.1,-4.9
Brandon Pfaadt,ARI,Westside Marauders,Opt,10,2.3,1.6,0.6999999999999997,NA,NA,NA,NA,NA,NA,162,10,0,144,4.22,1.25,0,0,0,0,0,0,0,0,7.1,-2.9
Robbie Ray,SFG,Free Birds,Opt,5,2.3,1.6,0.6999999999999997,NA,NA,NA,NA,NA,NA,174,10,0,176,4.12,1.3,0,0,0,0,0,0,0,0,7.1,2.1
Jeremiah Estrada,SDP,Blue Socks,2,4,2.3,1.6,0.6999999999999997,NA,NA,NA,NA,NA,NA,70,5,1,95,3.29,1.15,0,0,0,0,0,0,0,0,7.1,3.1
Kevin Ginkel,ARI,Westside Marauders,2,2,2.3,1.6,0.6999999999999997,NA,NA,NA,NA,NA,NA,62,4,12,64,3.61,1.28,0,0,0,0,0,0,0,0,7.1,5.1
Victor Vodnik,COL,Louisville Sluggers,2,1,2.3,1.6,0.6999999999999997,NA,NA,NA,NA,NA,NA,64,3,22,62,4.25,1.46,0,0,0,0,0,0,0,0,7.1,6.1
Clayton Beeter,WSN,NA,NA,NA,2.3,1.6,0.6999999999999997,NA,NA,NA,NA,NA,NA,63,3,17,72,3.98,1.36,0,0,0,0,0,0,0,0,7.1,NA
Ke'Bryan Hayes,CIN,Blue Socks,2,11,3.9,3.3,0.6000000000000001,532,10,55,53,11,0.244,NA,NA,NA,NA,NA,NA,0,0,0,1,0,0,1,0,6.8,-4.2
Braxton Ashcraft,PIT,Big Red Machine,2,1,2.2,1.6,0.6000000000000001,NA,NA,NA,NA,NA,NA,149,8,0,132,3.84,1.28,0,0,0,0,0,0,0,0,6.8,5.8
Ryne Nelson,ARI,Erie Lakers,2,2,2.2,1.6,0.6000000000000001,NA,NA,NA,NA,NA,NA,169,9,0,139,4.09,1.27,0,0,0,0,0,0,0,0,6.8,4.8
Sean Manaea,NYM,NA,NA,NA,2.2,1.6,0.6000000000000001,NA,NA,NA,NA,NA,NA,136,8,0,140,4.2,1.23,0,0,0,0,0,0,0,0,6.8,NA
Hunter Harvey,CHC,NA,NA,NA,2.2,1.6,0.6000000000000001,NA,NA,NA,NA,NA,NA,52,4,5,58,3.09,1.1,0,0,0,0,0,0,0,0,6.8,NA
Ha-Seong Kim,ATL,Free Birds,2,10,3.8,3.3,0.5,413,9,48,42,15,0.244,NA,NA,NA,NA,NA,NA,0,0,0,0,1,0,0,1,6.5,-3.5
Garrett Mitchell,MIL,Hoosiers,Opt,4,3.8,3.3,0.5,406,10,49,45,14,0.238,NA,NA,NA,NA,NA,NA,0,0,0,0,0,1,0,0,6.5,2.5
Tyler Freeman,COL,Louisville Sluggers,2,1,3.8,3.3,0.5,357,5,45,34,13,0.274,NA,NA,NA,NA,NA,NA,0,0,1,0,0,1,0,1,6.5,5.5
Andrew Abbott,CIN,Free Birds,2,2,2.1,1.6,0.5,NA,NA,NA,NA,NA,NA,164,9,0,149,4.17,1.27,0,0,0,0,0,0,0,0,6.5,4.5
Braxton Garrett,MIA,NA,NA,NA,2.1,1.6,0.5,NA,NA,NA,NA,NA,NA,129,7,0,112,3.89,1.24,0,0,0,0,0,0,0,0,6.5,NA
Jose Alvarado,PHI,NA,NA,NA,2.1,1.6,0.5,NA,NA,NA,NA,NA,NA,64,5,3,75,3.3,1.24,0,0,0,0,0,0,0,0,6.5,NA
Adrian Morejon,SDP,Free Birds,2,1,2.1,1.6,0.5,NA,NA,NA,NA,NA,NA,68,6,3,69,3.39,1.2,0,0,0,0,0,0,0,0,6.5,5.5
Keibert Ruiz,WSN,NA,NA,NA,2.3,1.9,0.3999999999999999,320,8,30,35,2,0.249,NA,NA,NA,NA,NA,NA,1,0,0,0,0,0,0,0,6.2,NA
Mitch Keller,PIT,Free Birds,2,6,2,1.6,0.3999999999999999,NA,NA,NA,NA,NA,NA,175,10,0,152,4.19,1.3,0,0,0,0,0,0,0,0,6.2,0.2
David Peterson,NYM,NA,NA,NA,2,1.6,0.3999999999999999,NA,NA,NA,NA,NA,NA,163,9,0,146,3.85,1.35,0,0,0,0,0,0,0,0,6.2,NA
Quinn Priester,MIL,Westside Marauders,2,1,2,1.6,0.3999999999999999,NA,NA,NA,NA,NA,NA,174,10,0,145,4.12,1.31,0,0,0,0,0,0,0,0,6.2,5.2
Dustin May,STL,NA,NA,NA,2,1.6,0.3999999999999999,NA,NA,NA,NA,NA,NA,156,9,0,141,4.17,1.29,0,0,0,0,0,0,0,0,6.2,NA
Luis Rengifo,MIL,NA,NA,NA,3.6,3.3,0.30000000000000027,434,9,45,45,10,0.251,NA,NA,NA,NA,NA,NA,NA,NA,NA,NA,NA,NA,NA,NA,5.9,NA
Bryce Eldridge,SFG,Blue Socks,2,1,3.6,3.3,0.30000000000000027,448,18,45,58,1,0.235,NA,NA,NA,NA,NA,NA,0,1,0,0,0,0,1,0,5.9,4.9
Luis Campusano,SDP,NA,NA,NA,2.2,1.9,0.30000000000000027,259,8,31,31,1,0.247,NA,NA,NA,NA,NA,NA,1,0,0,0,0,0,0,0,5.9,NA
Brady Singer,CIN,Erie Lakers,2,2,1.9,1.6,0.2999999999999998,NA,NA,NA,NA,NA,NA,169,10,0,160,4.38,1.3,0,0,0,0,0,0,0,0,5.9,3.9
Michael McGreevy,STL,Louisville Sluggers,2,1,1.9,1.6,0.2999999999999998,NA,NA,NA,NA,NA,NA,144,9,0,100,3.98,1.27,0,0,0,0,0,0,0,0,5.9,4.9
Cade Horton,CHC,Big Red Machine,2,1,1.9,1.6,0.2999999999999998,NA,NA,NA,NA,NA,NA,127,8,0,111,4.12,1.25,0,0,0,0,0,0,0,0,5.9,4.9
Logan Henderson,MIL,Free Birds,2,1,1.9,1.6,0.2999999999999998,NA,NA,NA,NA,NA,NA,105,7,0,106,4.13,1.22,0,0,0,0,0,0,0,0,5.9,4.9
Tanner Scott,LAD,Melonheads,2026,6,1.9,1.6,0.2999999999999998,NA,NA,NA,NA,NA,NA,63,4,4,72,3.47,1.21,0,0,0,0,0,0,0,0,5.9,-0.1
A.J. Puk,ARI,Blue Socks,Opt,3,1.9,1.6,0.2999999999999998,NA,NA,NA,NA,NA,NA,42,3,7,50,3.32,1.17,0,0,0,0,0,0,0,0,5.9,2.9
Mike Yastrzemski,ATL,NA,NA,NA,3.5,3.3,0.20000000000000018,455,16,56,50,4,0.229,NA,NA,NA,NA,NA,NA,0,0,0,0,0,1,0,0,5.6,NA
Edouard Julien,COL,NA,NA,NA,3.5,3.3,0.20000000000000018,434,11,50,43,5,0.249,NA,NA,NA,NA,NA,NA,NA,NA,NA,NA,NA,NA,NA,NA,5.6,NA
Pedro Pages,STL,Big Red Machine,2,1,2.1,1.9,0.20000000000000018,358,10,34,39,1,0.228,NA,NA,NA,NA,NA,NA,1,0,0,0,0,0,0,0,5.6,4.6
Miguel Amaya,CHC,Free At Last,2,5,2.1,1.9,0.20000000000000018,284,8,30,34,1,0.24,NA,NA,NA,NA,NA,NA,1,0,0,0,0,0,0,0,5.6,0.6
Clay Holmes,NYM,NA,NA,NA,1.8,1.6,0.19999999999999996,NA,NA,NA,NA,NA,NA,153,10,0,125,3.89,1.37,0,0,0,0,0,0,0,0,5.6,NA
Justin Steele,CHC,Erie Lakers,2027,16,1.8,1.6,0.19999999999999996,NA,NA,NA,NA,NA,NA,81,5,0,76,3.58,1.2,0,0,0,0,0,0,0,0,5.6,-10.4
Orion Kerkering,PHI,NA,NA,NA,1.8,1.6,0.19999999999999996,NA,NA,NA,NA,NA,NA,63,5,1,70,3.48,1.21,0,0,0,0,0,0,0,0,5.6,NA
Michael Soroka,ARI,NA,NA,NA,1.8,1.6,0.19999999999999996,NA,NA,NA,NA,NA,NA,96,6,2,96,4.06,1.26,0,0,0,0,0,0,0,0,5.6,NA
A.J. Minter,NYM,NA,NA,NA,1.8,1.6,0.19999999999999996,NA,NA,NA,NA,NA,NA,56,4,2,63,3.42,1.18,0,0,0,0,0,0,0,0,5.6,NA
Nick Gonzales,PIT,Louisville Sluggers,2,9,3.4,3.3,0.10000000000000009,420,8,46,45,2,0.264,NA,NA,NA,NA,NA,NA,0,0,1,0,1,0,0,1,5.3,-3.7
Owen Caissie,MIA,Big Red Machine,2,1,3.4,3.3,0.10000000000000009,413,13,48,48,4,0.24,NA,NA,NA,NA,NA,NA,0,0,0,0,0,1,0,0,5.3,4.3
Pavin Smith,ARI,Big Red Machine,2,4,3.4,3.3,0.10000000000000009,455,13,52,52,3,0.237,NA,NA,NA,NA,NA,NA,0,1,0,0,0,1,1,0,5.3,1.3
Pavin Smith,ARI,Big Red Machine,2,4,3.4,3.3,0.10000000000000009,455,13,52,52,3,0.237,NA,NA,NA,NA,NA,NA,0,0,0,0,0,0,0,0,5.3,1.3
Spencer Steer,CIN,Westside Marauders,2,14,3.4,3.3,0.10000000000000009,378,13,44,47,6,0.236,NA,NA,NA,NA,NA,NA,0,1,0,0,0,1,1,0,5.3,-8.7
Bubba Chandler,PIT,Big Red Machine,2,4,1.7,1.6,0.09999999999999987,NA,NA,NA,NA,NA,NA,147,8,0,135,4.12,1.33,0,0,0,0,0,0,0,0,5.3,1.3
Foster Griffin,WSN,NA,NA,NA,1.7,1.6,0.09999999999999987,NA,NA,NA,NA,NA,NA,128,7,0,115,4.1,1.27,NA,NA,NA,NA,NA,NA,NA,NA,5.3,NA
Roki Sasaki,LAD,Free At Last,2,14,1.7,1.6,0.09999999999999987,NA,NA,NA,NA,NA,NA,123,7,0,129,4.16,1.29,0,0,0,0,0,0,0,0,5.3,-8.7
Jameson Taillon,CHC,Westside Marauders,2,4,1.7,1.6,0.09999999999999987,NA,NA,NA,NA,NA,NA,153,9,0,118,4.4,1.25,0,0,0,0,0,0,0,0,5.3,1.3
Chad Patrick,MIL,NA,NA,NA,1.7,1.6,0.09999999999999987,NA,NA,NA,NA,NA,NA,140,8,0,131,4.41,1.27,0,0,0,0,0,0,0,0,5.3,NA
Landen Roupp,SFG,Hoosiers,2,1,1.7,1.6,0.09999999999999987,NA,NA,NA,NA,NA,NA,128,8,0,120,3.95,1.34,0,0,0,0,0,0,0,0,5.3,4.3
Kodai Senga,NYM,NA,NA,NA,1.7,1.6,0.09999999999999987,NA,NA,NA,NA,NA,NA,119,7,0,119,3.86,1.32,0,0,0,0,0,0,0,0,5.3,NA
Tyler Mahle,SFG,NA,NA,NA,1.7,1.6,0.09999999999999987,NA,NA,NA,NA,NA,NA,137,8,0,113,4.05,1.29,0,0,0,0,0,0,0,0,5.3,NA
Alex Vesia,LAD,Free Birds,2,1,1.7,1.6,0.09999999999999987,NA,NA,NA,NA,NA,NA,61,4,1,77,3.55,1.19,0,0,0,0,0,0,0,0,5.3,4.3
Caleb Thielbar,CHC,NA,NA,NA,1.7,1.6,0.09999999999999987,NA,NA,NA,NA,NA,NA,66,5,1,69,3.63,1.21,0,0,0,0,0,0,0,0,5.3,NA
Phil Maton,CHC,NA,NA,NA,1.7,1.6,0.09999999999999987,NA,NA,NA,NA,NA,NA,65,4,4,67,3.76,1.23,0,0,0,0,0,0,0,0,5.3,NA
Alek Thomas,ARI,Free Birds,2,1,3.3,3.3,0,420,10,47,45,7,0.243,NA,NA,NA,NA,NA,NA,0,0,0,0,0,1,0,0,5,4
Carson Benge,NYM,NA,NA,NA,3.3,3.3,0,392,9,50,44,8,0.241,NA,NA,NA,NA,NA,NA,0,0,0,0,0,1,0,0,5,NA
Jose Trevino,CIN,NA,NA,NA,1.9,1.9,0,282,7,29,29,1,0.24,NA,NA,NA,NA,NA,NA,1,0,0,0,0,0,0,0,5,NA
Joey Bart,PIT,Westside Marauders,2,1,1.9,1.9,0,301,7,32,31,1,0.238,NA,NA,NA,NA,NA,NA,1,0,0,0,0,0,0,0,5,4
Henry Davis,PIT,NA,NA,NA,1.9,1.9,0,282,8,31,30,4,0.224,NA,NA,NA,NA,NA,NA,1,0,0,0,0,0,0,0,5,NA
Matthew Liberatore,STL,National Pastime,2,1,1.6,1.6,0,NA,NA,NA,NA,NA,NA,150,9,0,125,4.22,1.31,0,0,0,0,0,0,0,0,5,4
Dylan Lee,ATL,NA,NA,NA,1.6,1.6,0,NA,NA,NA,NA,NA,NA,65,3,1,73,3.55,1.17,0,0,0,0,0,0,0,0,5,NA
Luke Weaver,NYM,NA,NA,NA,1.6,1.6,0,NA,NA,NA,NA,NA,NA,67,4,4,73,4,1.24,0,0,0,0,0,0,0,0,5,NA
Jake Mangum,PIT,NA,NA,NA,3.2,3.3,-0.09999999999999964,315,3,32,30,12,0.282,NA,NA,NA,NA,NA,NA,0,0,0,0,0,1,0,0,4.7,NA
Braxton Fulford,COL,NA,NA,NA,1.8,1.9,-0.09999999999999987,205,6,24,25,2,0.244,NA,NA,NA,NA,NA,NA,1,0,0,0,0,0,0,0,4.7,NA
Liam Hicks,MIA,Free Birds,2,1,1.8,1.9,-0.09999999999999987,305,4,30,29,2,0.244,NA,NA,NA,NA,NA,NA,1,1,0,0,0,0,1,0,4.7,3.7
Max Meyer,MIA,Hoosiers,2,1,1.5,1.6,-0.10000000000000009,NA,NA,NA,NA,NA,NA,137,8,0,123,4.24,1.32,0,0,0,0,0,0,0,0,4.7,3.7
Jared Koenig,MIL,NA,NA,NA,1.5,1.6,-0.10000000000000009,NA,NA,NA,NA,NA,NA,65,4,1,66,3.55,1.23,0,0,0,0,0,0,0,0,4.7,NA
Matt Svanson,STL,NA,NA,NA,1.5,1.6,-0.10000000000000009,NA,NA,NA,NA,NA,NA,65,3,6,59,3.8,1.3,0,0,0,0,0,0,0,0,4.7,NA
Jacob Young,WSN,NA,NA,NA,3.1,3.3,-0.19999999999999973,350,3,40,30,18,0.251,NA,NA,NA,NA,NA,NA,0,0,0,0,0,1,0,0,4.4,NA
Jared Jones,PIT,Hoosiers,Opt,1,1.4,1.6,-0.20000000000000018,NA,NA,NA,NA,NA,NA,88,5,0,86,3.96,1.28,0,0,0,0,0,0,0,0,4.4,3.4
Gregory Soto,PIT,NA,NA,NA,1.4,1.6,-0.20000000000000018,NA,NA,NA,NA,NA,NA,61,3,4,66,3.69,1.3,0,0,0,0,0,0,0,0,4.4,NA
Erik Miller,SFG,NA,NA,NA,1.4,1.6,-0.20000000000000018,NA,NA,NA,NA,NA,NA,62,4,4,67,3.6,1.38,0,0,0,0,0,0,0,0,4.4,NA
Drey Jameson,ARI,NA,NA,NA,1.4,1.6,-0.20000000000000018,NA,NA,NA,NA,NA,NA,59,4,5,55,3.88,1.33,0,0,0,0,0,0,0,0,4.4,NA
JJ Bleday,CIN,NA,NA,NA,3,3.3,-0.2999999999999998,336,14,42,43,2,0.23,NA,NA,NA,NA,NA,NA,0,0,0,0,0,1,0,0,4.1,NA
Luis Torrens,NYM,Free At Last,2,1,1.6,1.9,-0.2999999999999998,218,6,21,24,1,0.244,NA,NA,NA,NA,NA,NA,1,0,0,0,0,0,0,0,4.1,3.1
Joe Mack,MIA,NA,NA,NA,1.6,1.9,-0.2999999999999998,263,8,29,30,2,0.219,NA,NA,NA,NA,NA,NA,1,0,0,0,0,0,0,0,4.1,NA
Harry Ford,WSN,NA,NA,NA,1.6,1.9,-0.2999999999999998,238,5,28,24,4,0.232,NA,NA,NA,NA,NA,NA,1,0,0,0,0,0,0,0,4.1,NA
Yohel Pozo,STL,NA,NA,NA,1.6,1.9,-0.2999999999999998,167,5,17,21,1,0.264,NA,NA,NA,NA,NA,NA,1,0,0,0,0,0,0,0,4.1,NA
Grant Holmes,ATL,Big Red Machine,2,5,1.3,1.6,-0.30000000000000004,NA,NA,NA,NA,NA,NA,116,7,0,111,4.16,1.35,0,0,0,0,0,0,0,0,4.1,-0.9
Robert Gasser,MIL,NA,NA,NA,1.3,1.6,-0.30000000000000004,NA,NA,NA,NA,NA,NA,84,5,0,78,4.06,1.26,0,0,0,0,0,0,0,0,4.1,NA
Graham Ashcraft,CIN,NA,NA,NA,1.3,1.6,-0.30000000000000004,NA,NA,NA,NA,NA,NA,65,5,2,59,3.88,1.29,0,0,0,0,0,0,0,0,4.1,NA
Blake Treinen,LAD,NA,NA,NA,1.3,1.6,-0.30000000000000004,NA,NA,NA,NA,NA,NA,58,5,1,65,3.94,1.28,0,0,0,0,0,0,0,0,4.1,NA
Sam Hentges,SFG,NA,NA,NA,1.3,1.6,-0.30000000000000004,NA,NA,NA,NA,NA,NA,54,3,0,53,3.28,1.22,0,0,0,0,0,0,0,0,4.1,NA
Jason Adam,SDP,Free Birds,2,5,1.3,1.6,-0.30000000000000004,NA,NA,NA,NA,NA,NA,51,3,0,54,3.52,1.19,0,0,0,0,0,0,0,0,4.1,-0.9
Paul Sewald,ARI,NA,NA,NA,1.3,1.6,-0.30000000000000004,NA,NA,NA,NA,NA,NA,58,3,8,57,4.53,1.26,NA,NA,NA,NA,NA,NA,NA,NA,4.1,NA
Jordan Lawlar,ARI,Westside Marauders,2,2,2.9,3.3,-0.3999999999999999,329,7,40,35,12,0.237,NA,NA,NA,NA,NA,NA,0,0,0,1,1,0,1,1,3.8,1.8
Nasim Nunez,WSN,NA,NA,NA,2.9,3.3,-0.3999999999999999,315,3,36,26,24,0.227,NA,NA,NA,NA,NA,NA,0,0,1,0,1,0,0,1,3.8,NA
Troy Johnston,COL,Louisville Sluggers,2,1,2.9,3.3,-0.3999999999999999,273,7,31,33,8,0.262,NA,NA,NA,NA,NA,NA,0,1,0,0,0,1,1,0,3.8,2.8
Cade Cavalli,WSN,Hoosiers,2,1,1.2,1.6,-0.40000000000000013,NA,NA,NA,NA,NA,NA,135,7,0,115,4.2,1.33,0,0,0,0,0,0,0,0,3.8,2.8
Eduardo Rodriguez,ARI,NA,NA,NA,1.2,1.6,-0.40000000000000013,NA,NA,NA,NA,NA,NA,124,8,0,110,4.24,1.36,0,0,0,0,0,0,0,0,3.8,NA
Brooks Raley,NYM,NA,NA,NA,1.2,1.6,-0.40000000000000013,NA,NA,NA,NA,NA,NA,62,3,1,61,3.81,1.23,0,0,0,0,0,0,0,0,3.8,NA
Cole Henry,WSN,NA,NA,NA,1.2,1.6,-0.40000000000000013,NA,NA,NA,NA,NA,NA,64,2,16,60,4.94,1.46,0,0,0,0,0,0,0,0,3.8,NA
Thomas Saggese,STL,Westside Marauders,2,1,2.8,3.3,-0.5,371,8,40,39,4,0.249,NA,NA,NA,NA,NA,NA,0,0,1,1,1,0,1,1,3.6,2.6
Jake Bauers,MIL,NA,NA,NA,2.8,3.3,-0.5,315,13,37,38,8,0.216,NA,NA,NA,NA,NA,NA,0,1,0,0,0,1,1,0,3.6,NA
Carmen Mlodzinski,PIT,NA,NA,NA,1.1,1.6,-0.5,NA,NA,NA,NA,NA,NA,68,4,0,60,3.73,1.3,0,0,0,0,0,0,0,0,3.6,NA
Brusdar Graterol,LAD,NA,NA,NA,1.1,1.6,-0.5,NA,NA,NA,NA,NA,NA,55,3,0,47,3.54,1.21,0,0,0,0,0,0,0,0,3.6,NA
Aaron Bummer,ATL,NA,NA,NA,1.1,1.6,-0.5,NA,NA,NA,NA,NA,NA,60,4,0,62,3.57,1.32,0,0,0,0,0,0,0,0,3.6,NA
Aaron Ashby,MIL,NA,NA,NA,1.1,1.6,-0.5,NA,NA,NA,NA,NA,NA,64,4,1,67,3.72,1.37,0,0,0,0,0,0,0,0,3.6,NA
Andrew Nardi,MIA,NA,NA,NA,1.1,1.6,-0.5,NA,NA,NA,NA,NA,NA,56,3,0,67,3.71,1.26,0,0,0,0,0,0,0,0,3.6,NA
Mason Montgomery,PIT,NA,NA,NA,1.1,1.6,-0.5,NA,NA,NA,NA,NA,NA,60,3,2,63,3.87,1.31,0,0,0,0,0,0,0,0,3.6,NA
Calvin Faucher,MIA,Blue Socks,2,3,1.1,1.6,-0.5,NA,NA,NA,NA,NA,NA,64,3,5,64,4,1.38,0,0,0,0,0,0,0,0,3.6,0.6
Angel Zerpa,MIL,NA,NA,NA,1.1,1.6,-0.5,NA,NA,NA,NA,NA,NA,60,3,0,57,3.61,1.25,0,0,0,0,0,0,0,0,3.6,NA
Julian Fernandez,WSN,NA,NA,NA,1.1,1.6,-0.5,NA,NA,NA,NA,NA,NA,59,3,2,59,3.96,1.28,0,0,0,0,0,0,0,0,3.6,NA
Julian Fernandez,WSN,NA,NA,NA,1.1,1.6,-0.5,NA,NA,NA,NA,NA,NA,59,3,2,59,3.96,1.28,0,0,0,1,0,0,1,0,3.6,NA
Anthony Bender,MIA,Melonheads,2,1,1.1,1.6,-0.5,NA,NA,NA,NA,NA,NA,61,4,1,58,3.91,1.3,0,0,0,0,0,0,0,0,3.6,2.6
Christopher Morel,MIA,NA,NA,NA,2.7,3.3,-0.5999999999999996,315,13,37,39,6,0.223,NA,NA,NA,NA,NA,NA,0,0,1,1,0,1,1,1,3.3,NA
Dalton Rushing,LAD,Blue Socks,2,3,1.3,1.9,-0.5999999999999999,169,6,21,22,1,0.228,NA,NA,NA,NA,NA,NA,1,0,0,0,0,1,0,0,3.3,0.3
Kyle Leahy,STL,NA,NA,NA,1,1.6,-0.6000000000000001,NA,NA,NA,NA,NA,NA,132,6,0,108,4.19,1.35,0,0,0,0,0,0,0,0,3.3,NA
Kyle Harrison,MIL,NA,NA,NA,1,1.6,-0.6000000000000001,NA,NA,NA,NA,NA,NA,89,5,0,89,4.25,1.32,NA,NA,NA,NA,NA,NA,NA,NA,3.3,NA
Corbin Burnes,ARI,Hoosiers,2,27,1,1.6,-0.6000000000000001,NA,NA,NA,NA,NA,NA,39,3,0,37,3.51,1.21,0,0,0,0,0,0,0,0,3.3,-23.7
JP Sears,SDP,NA,NA,NA,1,1.6,-0.6000000000000001,NA,NA,NA,NA,NA,NA,128,7,0,110,4.67,1.27,0,0,0,0,0,0,0,0,3.3,NA
Tony Santillan,CIN,Erie Lakers,2,1,1,1.6,-0.6000000000000001,NA,NA,NA,NA,NA,NA,70,3,4,73,4.27,1.34,0,0,0,0,0,0,0,0,3.3,2.3
Tyler Kinley,ATL,NA,NA,NA,1,1.6,-0.6000000000000001,NA,NA,NA,NA,NA,NA,63,4,0,70,4.02,1.29,0,0,0,0,0,0,0,0,3.3,NA
Tanner Banks,PHI,NA,NA,NA,1,1.6,-0.6000000000000001,NA,NA,NA,NA,NA,NA,62,3,0,58,3.85,1.23,0,0,0,0,0,0,0,0,3.3,NA
Ben Brown,CHC,Free At Last,2,1,1,1.6,-0.6000000000000001,NA,NA,NA,NA,NA,NA,49,3,0,55,3.75,1.2,0,0,0,0,0,0,0,0,3.3,2.3
Ryan Thompson,ARI,NA,NA,NA,1,1.6,-0.6000000000000001,NA,NA,NA,NA,NA,NA,64,4,1,52,3.81,1.3,0,0,0,0,0,0,0,0,3.3,NA
Jose Butto,SFG,NA,NA,NA,1,1.6,-0.6000000000000001,NA,NA,NA,NA,NA,NA,61,3,2,56,3.89,1.31,0,0,0,0,0,0,0,0,3.3,NA
Sean Murphy,ATL,Big Red Machine,2,12,2.6,3.3,-0.6999999999999997,348,15,39,43,0,0.221,NA,NA,NA,NA,NA,NA,0,0,0,0,0,0,0,0,3,-9
Adrian Del Castillo,ARI,NA,NA,NA,1.2,1.9,-0.7,172,5,18,20,1,0.231,NA,NA,NA,NA,NA,NA,1,0,0,0,0,0,0,0,3,NA
Adrian Houser,SFG,NA,NA,NA,0.9,1.6,-0.7000000000000001,NA,NA,NA,NA,NA,NA,147,8,0,105,4.23,1.38,0,0,0,0,0,0,0,0,3,NA
Robby Snelling,MIA,NA,NA,NA,0.9,1.6,-0.7000000000000001,NA,NA,NA,NA,NA,NA,86,5,0,74,4.03,1.34,0,0,0,0,0,0,0,0,3,NA
Janson Junk,MIA,NA,NA,NA,0.9,1.6,-0.7000000000000001,NA,NA,NA,NA,NA,NA,95,5,0,69,4.34,1.27,0,0,0,0,0,0,0,0,3,NA
Brock Burke,CIN,NA,NA,NA,0.9,1.6,-0.7000000000000001,NA,NA,NA,NA,NA,NA,62,4,1,58,4.17,1.29,NA,NA,NA,NA,NA,NA,NA,NA,3,NA
Ryne Stanek,STL,NA,NA,NA,0.9,1.6,-0.7000000000000001,NA,NA,NA,NA,NA,NA,60,4,2,61,4.07,1.37,NA,NA,NA,NA,NA,NA,NA,NA,3,NA
PJ Poulin,WSN,NA,NA,NA,0.9,1.6,-0.7000000000000001,NA,NA,NA,NA,NA,NA,61,4,2,59,4.08,1.35,0,0,0,0,0,0,0,0,3,NA
Mauricio Dubon,ATL,NA,NA,NA,2.5,3.3,-0.7999999999999998,336,5,37,33,3,0.258,NA,NA,NA,NA,NA,NA,0,1,1,1,1,1,1,1,2.7,NA
Griffin Conine,MIA,Melonheads,2,1,2.5,3.3,-0.7999999999999998,385,13,42,45,1,0.222,NA,NA,NA,NA,NA,NA,0,0,0,0,0,1,0,0,2.7,1.7
Heriberto Hernandez,MIA,Hoosiers,2,1,2.5,3.3,-0.7999999999999998,350,12,40,42,3,0.223,NA,NA,NA,NA,NA,NA,0,0,0,0,0,1,0,0,2.7,1.7
Drew Millas,WSN,NA,NA,NA,1.1,1.9,-0.7999999999999998,141,2,15,14,3,0.248,NA,NA,NA,NA,NA,NA,1,0,0,0,0,0,0,0,2.7,NA
Brad Lord,WSN,NA,NA,NA,0.8,1.6,-0.8,NA,NA,NA,NA,NA,NA,147,8,0,111,4.46,1.36,0,0,0,0,0,0,0,0,2.7,NA
Hurston Waldrep,ATL,Free Birds,2,1,0.8,1.6,-0.8,NA,NA,NA,NA,NA,NA,123,8,0,109,4.29,1.41,0,0,0,0,0,0,0,0,2.7,1.7
Jordan Wicks,CHC,NA,NA,NA,0.8,1.6,-0.8,NA,NA,NA,NA,NA,NA,44,3,0,40,3.86,1.27,0,0,0,0,0,0,0,0,2.7,NA
Brad Keller,PHI,Big Red Machine,2,1,0.8,1.6,-0.8,NA,NA,NA,NA,NA,NA,68,4,2,61,4.19,1.35,0,0,0,0,0,0,0,0,2.7,1.7
Brad Keller,PHI,Big Red Machine,2,1,0.8,1.6,-0.8,NA,NA,NA,NA,NA,NA,68,4,2,61,4.19,1.35,0,0,0,0,0,0,0,0,2.7,1.7
Hoby Milner,CHC,NA,NA,NA,0.8,1.6,-0.8,NA,NA,NA,NA,NA,NA,60,3,0,50,3.91,1.29,0,0,0,0,0,0,0,0,2.7,NA
Isaac Mattson,PIT,NA,NA,NA,0.8,1.6,-0.8,NA,NA,NA,NA,NA,NA,64,4,2,60,4.26,1.38,0,0,0,0,0,0,0,0,2.7,NA
Brock Stewart,LAD,NA,NA,NA,0.8,1.6,-0.8,NA,NA,NA,NA,NA,NA,38,2,0,44,3.81,1.24,0,0,0,0,0,0,0,0,2.7,NA
David Morgan,SDP,NA,NA,NA,0.8,1.6,-0.8,NA,NA,NA,NA,NA,NA,62,3,0,63,4.04,1.3,0,0,0,0,0,0,0,0,2.7,NA
Tyler Austin,CHC,NA,NA,NA,2.4,3.3,-0.8999999999999999,252,10,31,35,1,0.247,NA,NA,NA,NA,NA,NA,NA,NA,NA,NA,NA,NA,NA,NA,2.4,NA
Otto Kemp,PHI,NA,NA,NA,2.4,3.3,-0.8999999999999999,273,8,33,35,5,0.234,NA,NA,NA,NA,NA,NA,0,1,1,1,0,1,1,1,2.4,NA
Bryce Elder,ATL,Hoosiers,2,1,0.7,1.6,-0.9000000000000001,NA,NA,NA,NA,NA,NA,110,6,0,92,4.42,1.35,0,0,0,0,0,0,0,0,2.4,1.4
Brandon Sproat,MIL,Free Birds,2,1,0.7,1.6,-0.9000000000000001,NA,NA,NA,NA,NA,NA,69,4,0,59,4.19,1.33,0,0,0,0,0,0,0,0,2.4,1.4
Richard Fitts,STL,NA,NA,NA,0.7,1.6,-0.9000000000000001,NA,NA,NA,NA,NA,NA,104,5,0,79,4.38,1.32,0,0,0,0,0,0,0,0,2.4,NA
Colin Rea,CHC,Free At Last,2,1,0.7,1.6,-0.9000000000000001,NA,NA,NA,NA,NA,NA,82,4,0,65,4.37,1.29,0,0,0,0,0,0,0,0,2.4,1.4
Pierce Johnson,CIN,NA,NA,NA,0.7,1.6,-0.9000000000000001,NA,NA,NA,NA,NA,NA,61,3,1,67,4.25,1.34,NA,NA,NA,NA,NA,NA,NA,NA,2.4,NA
Justin Lawrence,PIT,Free At Last,Opt,4,0.7,1.6,-0.9000000000000001,NA,NA,NA,NA,NA,NA,58,3,1,59,3.95,1.38,0,0,0,0,0,0,0,0,2.4,-1.6
Tobias Myers,NYM,NA,NA,NA,0.7,1.6,-0.9000000000000001,NA,NA,NA,NA,NA,NA,59,3,0,49,4.19,1.29,0,0,0,0,0,0,0,0,2.4,NA
Wandy Peralta,SDP,NA,NA,NA,0.7,1.6,-0.9000000000000001,NA,NA,NA,NA,NA,NA,59,3,0,52,3.84,1.34,0,0,0,0,0,0,0,0,2.4,NA
Jason Foley,SFG,NA,NA,NA,0.7,1.6,-0.9000000000000001,NA,NA,NA,NA,NA,NA,34,2,0,29,3.43,1.23,0,0,0,0,0,0,0,0,2.4,NA
Evan Phillips,LAD,Free Birds,2,1,0.7,1.6,-0.9000000000000001,NA,NA,NA,NA,NA,NA,28,2,0,30,3.45,1.16,0,0,0,0,0,0,0,0,2.4,1.4
Joel Payamps,ATL,NA,NA,NA,0.7,1.6,-0.9000000000000001,NA,NA,NA,NA,NA,NA,53,3,0,48,4.07,1.29,0,0,0,0,0,0,0,0,2.4,NA
Jack Dreyer,LAD,NA,NA,NA,0.7,1.6,-0.9000000000000001,NA,NA,NA,NA,NA,NA,52,3,0,52,4.13,1.28,0,0,0,0,0,0,0,0,2.4,NA
Grant Anderson,MIL,NA,NA,NA,0.7,1.6,-0.9000000000000001,NA,NA,NA,NA,NA,NA,56,3,0,57,4.12,1.3,0,0,0,0,0,0,0,0,2.4,NA
Porter Hodge,CHC,NA,NA,NA,0.7,1.6,-0.9000000000000001,NA,NA,NA,NA,NA,NA,50,3,0,56,4.02,1.35,0,0,0,0,0,0,0,0,2.4,NA
Josh White,MIA,NA,NA,NA,0.7,1.6,-0.9000000000000001,NA,NA,NA,NA,NA,NA,47,3,0,47,3.96,1.3,NA,NA,NA,NA,NA,NA,NA,NA,2.4,NA
Dylan Dodd,ATL,NA,NA,NA,0.7,1.6,-0.9000000000000001,NA,NA,NA,NA,NA,NA,46,3,0,39,4,1.27,0,0,0,0,0,0,0,0,2.4,NA
Joel Peguero,SFG,NA,NA,NA,0.7,1.6,-0.9000000000000001,NA,NA,NA,NA,NA,NA,64,3,6,50,4.4,1.43,0,0,0,0,0,0,0,0,2.4,NA
Jose Tena,WSN,NA,NA,NA,2.3,3.3,-1,266,5,28,27,8,0.253,NA,NA,NA,NA,NA,NA,0,0,0,1,0,0,1,0,2.1,NA
Carlos Santana,ARI,Melonheads,2,9,2.3,3.3,-1,357,10,38,40,3,0.224,NA,NA,NA,NA,NA,NA,0,1,0,0,0,0,1,0,2.1,-6.9
Andre Pallante,STL,NA,NA,NA,0.6,1.6,-1,NA,NA,NA,NA,NA,NA,143,8,0,100,4.25,1.42,0,0,0,0,0,0,0,0,2.1,NA
Hunter Barco,PIT,NA,NA,NA,0.6,1.6,-1,NA,NA,NA,NA,NA,NA,89,4,0,81,4.18,1.38,0,0,0,0,0,0,0,0,2.1,NA
Jonah Tong,NYM,Free At Last,2,1,0.6,1.6,-1,NA,NA,NA,NA,NA,NA,26,2,0,30,3.71,1.26,0,0,0,0,0,0,0,0,2.1,1.1
Justin Wrobleski,LAD,NA,NA,NA,0.6,1.6,-1,NA,NA,NA,NA,NA,NA,53,3,0,49,4.24,1.29,0,0,0,0,0,0,0,0,2.1,NA
Luis Garcia,NYM,NA,NA,NA,0.6,1.6,-1,NA,NA,NA,NA,NA,NA,59,3,0,53,3.91,1.36,NA,NA,NA,NA,NA,NA,NA,NA,2.1,NA
Caleb Ferguson,CIN,NA,NA,NA,0.6,1.6,-1,NA,NA,NA,NA,NA,NA,58,3,0,55,4.21,1.32,0,0,0,0,0,0,0,0,2.1,NA
Coleman Crow,MIL,NA,NA,NA,0.6,1.6,-1,NA,NA,NA,NA,NA,NA,33,2,0,31,3.91,1.24,NA,NA,NA,NA,NA,NA,NA,NA,2.1,NA
Christian Scott,NYM,NA,NA,NA,0.6,1.6,-1,NA,NA,NA,NA,NA,NA,38,2,0,36,4.06,1.21,0,0,0,0,0,0,0,0,2.1,NA
Jonathan Bowlan,PHI,NA,NA,NA,0.6,1.6,-1,NA,NA,NA,NA,NA,NA,56,3,0,53,4.15,1.3,0,0,0,0,0,0,0,0,2.1,NA
Huascar Brazoban,NYM,NA,NA,NA,0.6,1.6,-1,NA,NA,NA,NA,NA,NA,56,3,0,53,4.08,1.37,0,0,0,0,0,0,0,0,2.1,NA
Justin Martinez,ARI,Erie Lakers,2,10,0.6,1.6,-1,NA,NA,NA,NA,NA,NA,22,2,0,28,3.21,1.3,0,0,0,0,0,0,0,0,2.1,-7.9
Ian Hamilton,ATL,NA,NA,NA,0.6,1.6,-1,NA,NA,NA,NA,NA,NA,50,2,0,52,3.73,1.34,0,0,0,0,0,0,0,0,2.1,NA
Rob Zastryzny,MIL,NA,NA,NA,0.6,1.6,-1,NA,NA,NA,NA,NA,NA,50,3,0,46,4.1,1.31,0,0,0,0,0,0,0,0,2.1,NA
Javier Assad,CHC,NA,NA,NA,0.6,1.6,-1,NA,NA,NA,NA,NA,NA,61,3,0,51,4.06,1.33,0,0,0,0,0,0,0,0,2.1,NA
Austin Warren,NYM,NA,NA,NA,0.6,1.6,-1,NA,NA,NA,NA,NA,NA,50,4,0,45,4.28,1.32,0,0,0,0,0,0,0,0,2.1,NA
Yohan Ramirez,PIT,NA,NA,NA,0.6,1.6,-1,NA,NA,NA,NA,NA,NA,56,3,0,57,4.18,1.34,0,0,0,0,0,0,0,0,2.1,NA
Jonathan Loaisiga,ARI,NA,NA,NA,0.6,1.6,-1,NA,NA,NA,NA,NA,NA,35,2,0,30,3.61,1.29,NA,NA,NA,NA,NA,NA,NA,NA,2.1,NA
Ryan Fernandez,STL,NA,NA,NA,0.6,1.6,-1,NA,NA,NA,NA,NA,NA,44,3,0,45,4.01,1.34,0,0,0,0,0,0,0,0,2.1,NA
Ryan Fernandez,STL,NA,NA,NA,0.6,1.6,-1,NA,NA,NA,NA,NA,NA,44,3,0,45,4.01,1.34,0,0,0,1,0,0,1,0,2.1,NA
Tyler Phillips,MIA,NA,NA,NA,0.6,1.6,-1,NA,NA,NA,NA,NA,NA,68,3,3,50,4.23,1.37,0,0,0,0,0,0,0,0,2.1,NA
DL Hall,MIL,NA,NA,NA,0.6,1.6,-1,NA,NA,NA,NA,NA,NA,52,3,0,52,4.02,1.35,0,0,0,0,0,0,0,0,2.1,NA
Jacob Webb,CHC,NA,NA,NA,0.6,1.6,-1,NA,NA,NA,NA,NA,NA,54,3,0,51,4.27,1.29,0,0,0,0,0,0,0,0,2.1,NA
Craig Yoho,MIL,NA,NA,NA,0.6,1.6,-1,NA,NA,NA,NA,NA,NA,42,3,0,44,4,1.32,0,0,0,0,0,0,0,0,2.1,NA
Adbert Alzolay,NYM,NA,NA,NA,0.6,1.6,-1,NA,NA,NA,NA,NA,NA,44,2,0,41,4.08,1.25,0,0,0,0,0,0,0,0,2.1,NA
Justin Bruihl,STL,NA,NA,NA,0.6,1.6,-1,NA,NA,NA,NA,NA,NA,54,3,0,47,4.07,1.35,0,0,0,0,0,0,0,0,2.1,NA
Kade Strowd,ARI,NA,NA,NA,0.6,1.6,-1,NA,NA,NA,NA,NA,NA,60,3,3,55,4.21,1.41,NA,NA,NA,NA,NA,NA,NA,NA,2.1,NA
Edmundo Sosa,PHI,Big Red Machine,2,1,2.2,3.3,-1.0999999999999996,245,7,28,30,3,0.253,NA,NA,NA,NA,NA,NA,0,0,1,1,1,0,1,1,1.8,0.8
Sung-Mun Song,SDP,NA,NA,NA,2.2,3.3,-1.0999999999999996,266,6,29,27,6,0.243,NA,NA,NA,NA,NA,NA,NA,NA,NA,NA,NA,NA,NA,NA,1.8,NA
David Hamilton,MIL,NA,NA,NA,2.2,3.3,-1.0999999999999996,189,5,24,19,16,0.223,NA,NA,NA,NA,NA,NA,NA,NA,NA,NA,NA,NA,NA,NA,1.8,NA
Dane Myers,CIN,NA,NA,NA,2.2,3.3,-1.0999999999999996,231,6,25,27,8,0.245,NA,NA,NA,NA,NA,NA,0,0,0,0,0,1,0,0,1.8,NA
Jhostynxon Garcia,PIT,NA,NA,NA,2.2,3.3,-1.0999999999999996,315,9,36,33,3,0.231,NA,NA,NA,NA,NA,NA,0,0,0,0,0,1,0,0,1.8,NA
Jimmy Herget,COL,NA,NA,NA,0.5,1.6,-1.1,NA,NA,NA,NA,NA,NA,77,3,2,70,4.58,1.34,0,0,0,0,0,0,0,0,1.8,NA
Juan Mejia,COL,NA,NA,NA,0.5,1.6,-1.1,NA,NA,NA,NA,NA,NA,66,3,3,68,4.57,1.41,0,0,0,0,0,0,0,0,1.8,NA
Keaton Winn,SFG,NA,NA,NA,0.5,1.6,-1.1,NA,NA,NA,NA,NA,NA,36,2,0,33,3.93,1.28,0,0,0,0,0,0,0,0,1.8,NA
Matt Gage,SFG,NA,NA,NA,0.5,1.6,-1.1,NA,NA,NA,NA,NA,NA,56,2,0,47,3.88,1.35,0,0,0,0,0,0,0,0,1.8,NA
Yuki Matsui,SDP,NA,NA,NA,0.5,1.6,-1.1,NA,NA,NA,NA,NA,NA,53,2,0,54,4.11,1.35,0,0,0,0,0,0,0,0,1.8,NA
Gordon Graceffo,STL,NA,NA,NA,0.5,1.6,-1.1,NA,NA,NA,NA,NA,NA,58,3,0,46,4.22,1.32,0,0,0,0,0,0,0,0,1.8,NA
Bradgley Rodriguez,SDP,NA,NA,NA,0.5,1.6,-1.1,NA,NA,NA,NA,NA,NA,50,3,0,46,4.15,1.37,0,0,0,0,0,0,0,0,1.8,NA
Bryan Hudson,NYM,NA,NA,NA,0.5,1.6,-1.1,NA,NA,NA,NA,NA,NA,52,2,0,50,4,1.33,NA,NA,NA,NA,NA,NA,NA,NA,1.8,NA
Richard Lovelady,WSN,NA,NA,NA,0.5,1.6,-1.1,NA,NA,NA,NA,NA,NA,52,2,0,47,4.11,1.31,0,0,0,0,0,0,0,0,1.8,NA
Hayden Harris,ATL,NA,NA,NA,0.5,1.6,-1.1,NA,NA,NA,NA,NA,NA,42,2,0,46,4.05,1.31,0,0,0,0,0,0,0,0,1.8,NA
Tristan Beck,SFG,NA,NA,NA,0.5,1.6,-1.1,NA,NA,NA,NA,NA,NA,40,2,0,34,4.07,1.29,0,0,0,0,0,0,0,0,1.8,NA
Lake Bachar,MIA,NA,NA,NA,0.5,1.6,-1.1,NA,NA,NA,NA,NA,NA,48,3,0,48,4.23,1.34,0,0,0,0,0,0,0,0,1.8,NA
Andrew Hoffmann,ARI,NA,NA,NA,0.5,1.6,-1.1,NA,NA,NA,NA,NA,NA,40,3,0,35,4.12,1.37,0,0,0,0,0,0,0,0,1.8,NA
Matt Pushard,STL,NA,NA,NA,0.5,1.6,-1.1,NA,NA,NA,NA,NA,NA,52,3,0,45,4.22,1.35,NA,NA,NA,NA,NA,NA,NA,NA,1.8,NA
Graham Pauley,MIA,NA,NA,NA,2.1,3.3,-1.1999999999999997,301,8,34,33,4,0.229,NA,NA,NA,NA,NA,NA,0,0,0,1,0,0,1,0,1.5,NA
Andres Chaparro,WSN,NA,NA,NA,2.1,3.3,-1.1999999999999997,259,9,28,32,1,0.239,NA,NA,NA,NA,NA,NA,0,1,0,0,0,0,1,0,1.5,NA
Tyrone Taylor,NYM,NA,NA,NA,2.1,3.3,-1.1999999999999997,280,6,32,28,7,0.232,NA,NA,NA,NA,NA,NA,0,0,0,0,0,1,0,0,1.5,NA
Hunter Dobbins,STL,NA,NA,NA,0.4,1.6,-1.2000000000000002,NA,NA,NA,NA,NA,NA,96,5,0,68,4.46,1.36,0,0,0,0,0,0,0,0,1.5,NA
Trevor McDonald,SFG,NA,NA,NA,0.4,1.6,-1.2000000000000002,NA,NA,NA,NA,NA,NA,62,3,0,48,4.22,1.35,0,0,0,0,0,0,0,0,1.5,NA
Kyle Hurt,LAD,NA,NA,NA,0.4,1.6,-1.2000000000000002,NA,NA,NA,NA,NA,NA,42,3,0,44,4.37,1.38,0,0,0,0,0,0,0,0,1.5,NA
Kyle Hurt,LAD,NA,NA,NA,0.4,1.6,-1.2000000000000002,NA,NA,NA,NA,NA,NA,42,3,0,44,4.37,1.38,0,0,0,0,0,0,0,0,1.5,NA
Kyle Hart,SDP,NA,NA,NA,0.4,1.6,-1.2000000000000002,NA,NA,NA,NA,NA,NA,57,3,0,49,4.47,1.35,0,0,0,0,0,0,0,0,1.5,NA
Kyle Hart,SDP,NA,NA,NA,0.4,1.6,-1.2000000000000002,NA,NA,NA,NA,NA,NA,57,3,0,49,4.47,1.35,0,0,0,0,0,0,0,0,1.5,NA
Joey Wentz,ATL,NA,NA,NA,0.4,1.6,-1.2000000000000002,NA,NA,NA,NA,NA,NA,52,3,0,51,4.41,1.39,0,0,0,0,0,0,0,0,1.5,NA
DJ Herz,WSN,NA,NA,NA,0.4,1.6,-1.2000000000000002,NA,NA,NA,NA,NA,NA,28,2,0,30,4.07,1.35,0,0,0,0,0,0,0,0,1.5,NA
Jonathan Pintaro,NYM,NA,NA,NA,0.4,1.6,-1.2000000000000002,NA,NA,NA,NA,NA,NA,32,2,0,30,3.96,1.33,0,0,0,0,0,0,0,0,1.5,NA
Evan Sisk,PIT,NA,NA,NA,0.4,1.6,-1.2000000000000002,NA,NA,NA,NA,NA,NA,52,2,0,49,3.92,1.37,0,0,0,0,0,0,0,0,1.5,NA
Jaden Hill,COL,NA,NA,NA,0.4,1.6,-1.2000000000000002,NA,NA,NA,NA,NA,NA,52,3,0,51,4.52,1.37,0,0,0,0,0,0,0,0,1.5,NA
John King,MIA,NA,NA,NA,0.4,1.6,-1.2000000000000002,NA,NA,NA,NA,NA,NA,52,3,0,33,3.91,1.39,NA,NA,NA,NA,NA,NA,NA,NA,1.5,NA
Justin Hagenman,NYM,NA,NA,NA,0.4,1.6,-1.2000000000000002,NA,NA,NA,NA,NA,NA,27,1,0,24,4.11,1.2,0,0,0,0,0,0,0,0,1.5,NA
Ethan Roberts,CHC,NA,NA,NA,0.4,1.6,-1.2000000000000002,NA,NA,NA,NA,NA,NA,42,2,0,42,4.29,1.34,0,0,0,0,0,0,0,0,1.5,NA
Taylor Clarke,ARI,NA,NA,NA,0.4,1.6,-1.2000000000000002,NA,NA,NA,NA,NA,NA,56,2,0,45,4.2,1.31,NA,NA,NA,NA,NA,NA,NA,NA,1.5,NA
Nick Raquet,STL,NA,NA,NA,0.4,1.6,-1.2000000000000002,NA,NA,NA,NA,NA,NA,38,3,0,30,4.17,1.35,0,0,0,0,0,0,0,0,1.5,NA
Garrett Hawkins,SDP,NA,NA,NA,0.4,1.6,-1.2000000000000002,NA,NA,NA,NA,NA,NA,28,2,0,29,4.2,1.33,NA,NA,NA,NA,NA,NA,NA,NA,1.5,NA
Reiver Sanmartin,SFG,NA,NA,NA,0.4,1.6,-1.2000000000000002,NA,NA,NA,NA,NA,NA,44,3,0,32,4.04,1.38,0,0,0,0,0,0,0,0,1.5,NA
Spencer Bivens,SFG,NA,NA,NA,0.4,1.6,-1.2000000000000002,NA,NA,NA,NA,NA,NA,70,3,1,52,4.23,1.36,0,0,0,0,0,0,0,0,1.5,NA
Jose Fermin,STL,NA,NA,NA,2,3.3,-1.2999999999999998,245,4,29,25,8,0.242,NA,NA,NA,NA,NA,NA,0,0,1,1,0,0,1,1,1.2,NA
Matt Shaw,CHC,Free Birds,2,12,2,3.3,-1.2999999999999998,196,6,25,23,7,0.244,NA,NA,NA,NA,NA,NA,0,0,1,1,1,0,1,1,1.2,-10.8
Will Benson,CIN,Louisville Sluggers,2,1,2,3.3,-1.2999999999999998,217,8,27,26,5,0.225,NA,NA,NA,NA,NA,NA,0,0,0,0,0,1,0,0,1.2,0.2
Rafael Marchan,PHI,NA,NA,NA,0.6,1.9,-1.2999999999999998,128,2,13,13,0,0.231,NA,NA,NA,NA,NA,NA,1,0,0,0,0,0,0,0,1.2,NA
Jimmy Crooks,STL,NA,NA,NA,0.6,1.9,-1.2999999999999998,96,2,10,10,0,0.238,NA,NA,NA,NA,NA,NA,1,0,0,0,0,0,0,0,1.2,NA
Daniel Susac,SFG,NA,NA,NA,0.6,1.9,-1.2999999999999998,77,2,7,9,1,0.235,NA,NA,NA,NA,NA,NA,1,0,0,0,0,0,0,0,1.2,NA
Miles Mikolas,WSN,Free At Last,2,1,0.3,1.6,-1.3,NA,NA,NA,NA,NA,NA,141,7,0,93,4.77,1.34,0,0,0,0,0,0,0,0,1.2,0.2
Chris Paddack,MIA,NA,NA,NA,0.3,1.6,-1.3,NA,NA,NA,NA,NA,NA,133,6,0,102,4.82,1.32,NA,NA,NA,NA,NA,NA,NA,NA,1.2,NA
Andrew Alvarez,WSN,Erie Lakers,2,1,0.3,1.6,-1.3,NA,NA,NA,NA,NA,NA,104,5,0,76,4.34,1.42,0,0,0,0,0,0,0,0,1.2,0.2
Rhett Lowder,CIN,NA,NA,NA,0.3,1.6,-1.3,NA,NA,NA,NA,NA,NA,82,4,0,65,4.58,1.34,0,0,0,0,0,0,0,0,1.2,NA
Mitchell Parker,WSN,Free At Last,2,2,0.3,1.6,-1.3,NA,NA,NA,NA,NA,NA,75,4,0,57,4.53,1.37,0,0,0,0,0,0,0,0,1.2,-0.8
Hayden Birdsong,SFG,Westside Marauders,2,1,0.3,1.6,-1.3,NA,NA,NA,NA,NA,NA,58,3,0,58,4.41,1.39,0,0,0,0,0,0,0,0,1.2,0.2
Gavin Stone,LAD,NA,NA,NA,0.3,1.6,-1.3,NA,NA,NA,NA,NA,NA,33,2,0,30,4.39,1.31,0,0,0,0,0,0,0,0,1.2,NA
Ryan Gusto,MIA,NA,NA,NA,0.3,1.6,-1.3,NA,NA,NA,NA,NA,NA,55,3,0,47,4.42,1.35,0,0,0,0,0,0,0,0,1.2,NA
Cristian Mena,ARI,NA,NA,NA,0.3,1.6,-1.3,NA,NA,NA,NA,NA,NA,27,1,0,26,3.87,1.3,0,0,0,0,0,0,0,0,1.2,NA
Luis Perales,WSN,NA,NA,NA,0.3,1.6,-1.3,NA,NA,NA,NA,NA,NA,38,2,0,37,4.35,1.39,0,0,0,0,0,0,0,0,1.2,NA
Luis Perales,WSN,NA,NA,NA,0.3,1.6,-1.3,NA,NA,NA,NA,NA,NA,38,2,0,37,4.35,1.39,0,0,0,0,0,0,0,0,1.2,NA
Kohl Drake,ARI,Westside Marauders,2,1,0.3,1.6,-1.3,NA,NA,NA,NA,NA,NA,25,2,0,22,4.21,1.35,NA,NA,NA,NA,NA,NA,NA,NA,1.2,0.2
Adam Mazur,MIA,NA,NA,NA,0.3,1.6,-1.3,NA,NA,NA,NA,NA,NA,35,2,0,27,4.34,1.32,0,0,0,0,0,0,0,0,1.2,NA
Carlos Rodriguez,MIL,NA,NA,NA,0.3,1.6,-1.3,NA,NA,NA,NA,NA,NA,49,2,0,45,4.42,1.33,0,0,0,0,0,0,0,0,1.2,NA
Luke Little,CHC,NA,NA,NA,0.3,1.6,-1.3,NA,NA,NA,NA,NA,NA,20,1,0,23,3.65,1.33,0,0,0,0,0,0,0,0,1.2,NA
Tim Mayza,PHI,NA,NA,NA,0.3,1.6,-1.3,NA,NA,NA,NA,NA,NA,31,2,0,26,4.05,1.36,NA,NA,NA,NA,NA,NA,NA,NA,1.2,NA
Gregory Santos,SFG,NA,NA,NA,0.3,1.6,-1.3,NA,NA,NA,NA,NA,NA,24,1,0,23,3.64,1.38,NA,NA,NA,NA,NA,NA,NA,NA,1.2,NA
Joe Jimenez,ATL,NA,NA,NA,0.3,1.6,-1.3,NA,NA,NA,NA,NA,NA,18,1,0,20,4,1.25,0,0,0,0,0,0,0,0,1.2,NA
JT Brubaker,SFG,NA,NA,NA,0.3,1.6,-1.3,NA,NA,NA,NA,NA,NA,53,2,0,45,4.21,1.37,0,0,0,0,0,0,0,0,1.2,NA
Dylan Ross,NYM,NA,NA,NA,0.3,1.6,-1.3,NA,NA,NA,NA,NA,NA,36,1,0,38,3.96,1.35,0,0,0,0,0,0,0,0,1.2,NA
Paxton Schultz,WSN,NA,NA,NA,0.3,1.6,-1.3,NA,NA,NA,NA,NA,NA,46,2,0,41,4.37,1.37,0,0,0,0,0,0,0,0,1.2,NA
Jose Suarez,ATL,NA,NA,NA,0.3,1.6,-1.3,NA,NA,NA,NA,NA,NA,24,1,0,23,3.94,1.29,0,0,0,0,0,0,0,0,1.2,NA
Ben Casparius,LAD,NA,NA,NA,0.3,1.6,-1.3,NA,NA,NA,NA,NA,NA,54,3,0,51,4.62,1.34,0,0,0,0,0,0,0,0,1.2,NA
Sammy Peralta,MIL,NA,NA,NA,0.3,1.6,-1.3,NA,NA,NA,NA,NA,NA,14,1,0,12,4.07,1.27,0,0,0,0,0,0,0,0,1.2,NA
Edgardo Henriquez,LAD,NA,NA,NA,0.3,1.6,-1.3,NA,NA,NA,NA,NA,NA,44,2,0,46,4.41,1.37,0,0,0,0,0,0,0,0,1.2,NA
Kyle Nicolas,PIT,NA,NA,NA,0.3,1.6,-1.3,NA,NA,NA,NA,NA,NA,42,2,0,41,4.11,1.4,0,0,0,0,0,0,0,0,1.2,NA
Derek Law,ARI,NA,NA,NA,0.3,1.6,-1.3,NA,NA,NA,NA,NA,NA,26,2,0,22,4.13,1.36,NA,NA,NA,NA,NA,NA,NA,NA,1.2,NA
Easton McGee,MIL,NA,NA,NA,0.3,1.6,-1.3,NA,NA,NA,NA,NA,NA,30,1,0,24,4.12,1.28,0,0,0,0,0,0,0,0,1.2,NA
Shane Drohan,MIL,NA,NA,NA,0.3,1.6,-1.3,NA,NA,NA,NA,NA,NA,34,2,0,32,4.2,1.35,NA,NA,NA,NA,NA,NA,NA,NA,1.2,NA
Hunter Stratton,ATL,NA,NA,NA,0.3,1.6,-1.3,NA,NA,NA,NA,NA,NA,30,2,0,28,4.25,1.33,0,0,0,0,0,0,0,0,1.2,NA
Ron Marinaccio,SDP,NA,NA,NA,0.3,1.6,-1.3,NA,NA,NA,NA,NA,NA,46,2,0,45,4.26,1.34,0,0,0,0,0,0,0,0,1.2,NA
Craig Kimbrel,NYM,NA,NA,NA,0.3,1.6,-1.3,NA,NA,NA,NA,NA,NA,32,2,0,37,4.16,1.35,NA,NA,NA,NA,NA,NA,NA,NA,1.2,NA
Jackson Rutledge,WSN,NA,NA,NA,0.3,1.6,-1.3,NA,NA,NA,NA,NA,NA,57,3,1,49,4.6,1.39,0,0,0,0,0,0,0,0,1.2,NA
Ty Adcock,SDP,NA,NA,NA,0.3,1.6,-1.3,NA,NA,NA,NA,NA,NA,39,2,0,36,4.29,1.35,0,0,0,0,0,0,0,0,1.2,NA
Brandyn Garcia,ARI,NA,NA,NA,0.3,1.6,-1.3,NA,NA,NA,NA,NA,NA,52,3,0,45,4.17,1.41,0,0,0,0,0,0,0,0,1.2,NA
George Soriano,STL,NA,NA,NA,0.3,1.6,-1.3,NA,NA,NA,NA,NA,NA,50,2,0,47,4.39,1.35,0,0,0,0,0,0,0,0,1.2,NA
Cade Gibson,MIA,NA,NA,NA,0.3,1.6,-1.3,NA,NA,NA,NA,NA,NA,60,3,0,47,4.26,1.4,0,0,0,0,0,0,0,0,1.2,NA
Javier Sanoja,MIA,NA,NA,NA,1.9,3.3,-1.4,231,3,24,24,5,0.258,NA,NA,NA,NA,NA,NA,0,0,1,1,1,1,1,1,0.9,NA
Jose Urquidy,PIT,NA,NA,NA,0.2,1.6,-1.4000000000000001,NA,NA,NA,NA,NA,NA,95,5,0,69,4.88,1.35,NA,NA,NA,NA,NA,NA,NA,NA,0.9,NA
Thomas White,MIA,NA,NA,NA,0.2,1.6,-1.4000000000000001,NA,NA,NA,NA,NA,NA,24,1,0,23,4.22,1.4,0,0,0,0,0,0,0,0,0.9,NA
Blade Tidwell,SFG,NA,NA,NA,0.2,1.6,-1.4000000000000001,NA,NA,NA,NA,NA,NA,39,2,0,34,4.3,1.37,0,0,0,0,0,0,0,0,0.9,NA
Carson Whisenhunt,SFG,NA,NA,NA,0.2,1.6,-1.4000000000000001,NA,NA,NA,NA,NA,NA,29,2,0,23,4.26,1.36,0,0,0,0,0,0,0,0,0.9,NA
Pierson Ohl,COL,NA,NA,NA,0.2,1.6,-1.4000000000000001,NA,NA,NA,NA,NA,NA,39,2,0,30,4.53,1.29,NA,NA,NA,NA,NA,NA,NA,NA,0.9,NA
Seth Halvorsen,COL,NA,NA,NA,0.2,1.6,-1.4000000000000001,NA,NA,NA,NA,NA,NA,60,3,3,55,4.64,1.47,0,0,0,0,0,0,0,0,0.9,NA
Brennan Bernardino,COL,NA,NA,NA,0.2,1.6,-1.4000000000000001,NA,NA,NA,NA,NA,NA,58,3,2,53,4.46,1.46,0,0,0,0,0,0,0,0,0.9,NA
Trevor Williams,WSN,NA,NA,NA,0.2,1.6,-1.4000000000000001,NA,NA,NA,NA,NA,NA,32,2,0,26,4.6,1.36,0,0,0,0,0,0,0,0,0.9,NA
Sam Moll,CIN,NA,NA,NA,0.2,1.6,-1.4000000000000001,NA,NA,NA,NA,NA,NA,42,2,0,41,4.45,1.37,0,0,0,0,0,0,0,0,0.9,NA
Gus Varland,WSN,NA,NA,NA,0.2,1.6,-1.4000000000000001,NA,NA,NA,NA,NA,NA,48,2,0,45,4.37,1.41,0,0,0,0,0,0,0,0,0.9,NA
Welinton Herrera,COL,NA,NA,NA,0.2,1.6,-1.4000000000000001,NA,NA,NA,NA,NA,NA,26,2,0,26,4.41,1.41,NA,NA,NA,NA,NA,NA,NA,NA,0.9,NA
Danny Young,ATL,NA,NA,NA,0.2,1.6,-1.4000000000000001,NA,NA,NA,NA,NA,NA,20,1,0,21,3.95,1.32,0,0,0,0,0,0,0,0,0.9,NA
Bryce Montes de Oca,WSN,NA,NA,NA,0.2,1.6,-1.4000000000000001,NA,NA,NA,NA,NA,NA,12,1,0,14,4.04,1.41,NA,NA,NA,NA,NA,NA,NA,NA,0.9,NA
Philip Abner,ARI,NA,NA,NA,0.2,1.6,-1.4000000000000001,NA,NA,NA,NA,NA,NA,16,1,0,15,4.07,1.37,0,0,0,0,0,0,0,0,0.9,NA
Will Klein,LAD,NA,NA,NA,0.2,1.6,-1.4000000000000001,NA,NA,NA,NA,NA,NA,50,3,0,53,4.43,1.46,0,0,0,0,0,0,0,0,0.9,NA
Zach McCambley,PHI,NA,NA,NA,0.2,1.6,-1.4000000000000001,NA,NA,NA,NA,NA,NA,48,2,0,46,4.47,1.39,NA,NA,NA,NA,NA,NA,NA,NA,0.9,NA
Kyle Wright,CHC,NA,NA,NA,0.2,1.6,-1.4000000000000001,NA,NA,NA,NA,NA,NA,14,1,0,12,4.08,1.29,NA,NA,NA,NA,NA,NA,NA,NA,0.9,NA
Griff McGarry,WSN,NA,NA,NA,0.2,1.6,-1.4000000000000001,NA,NA,NA,NA,NA,NA,55,3,0,61,4.37,1.46,0,0,0,0,0,0,0,0,0.9,NA
Jhony Brito,SDP,NA,NA,NA,0.2,1.6,-1.4000000000000001,NA,NA,NA,NA,NA,NA,24,1,0,20,4.18,1.33,0,0,0,0,0,0,0,0,0.9,NA
Andre Granillo,WSN,NA,NA,NA,0.2,1.6,-1.4000000000000001,NA,NA,NA,NA,NA,NA,42,2,0,40,4.44,1.39,0,0,0,0,0,0,0,0,0.9,NA
Bryan Hoeing,SDP,NA,NA,NA,0.2,1.6,-1.4000000000000001,NA,NA,NA,NA,NA,NA,26,1,0,21,4.18,1.32,0,0,0,0,0,0,0,0,0.9,NA
Jhancarlos Lara,ATL,NA,NA,NA,0.2,1.6,-1.4000000000000001,NA,NA,NA,NA,NA,NA,12,1,0,13,4.11,1.44,NA,NA,NA,NA,NA,NA,NA,NA,0.9,NA
Carson Seymour,SFG,NA,NA,NA,0.2,1.6,-1.4000000000000001,NA,NA,NA,NA,NA,NA,20,1,0,17,3.98,1.34,0,0,0,0,0,0,0,0,0.9,NA
Joey Gerber,NYM,NA,NA,NA,0.2,1.6,-1.4000000000000001,NA,NA,NA,NA,NA,NA,14,1,0,13,4.33,1.3,0,0,0,0,0,0,0,0,0.9,NA
Brycen Mautz,STL,NA,NA,NA,0.2,1.6,-1.4000000000000001,NA,NA,NA,NA,NA,NA,16,1,0,14,4.22,1.32,NA,NA,NA,NA,NA,NA,NA,NA,0.9,NA
Trent Thornton,CHC,NA,NA,NA,0.2,1.6,-1.4000000000000001,NA,NA,NA,NA,NA,NA,30,1,0,25,4.24,1.28,NA,NA,NA,NA,NA,NA,NA,NA,0.9,NA
Riley Martin,CHC,NA,NA,NA,0.2,1.6,-1.4000000000000001,NA,NA,NA,NA,NA,NA,22,1,0,22,4.16,1.44,NA,NA,NA,NA,NA,NA,NA,NA,0.9,NA
Daysbel Hernandez,ATL,NA,NA,NA,0.2,1.6,-1.4000000000000001,NA,NA,NA,NA,NA,NA,40,2,0,43,4.3,1.43,0,0,0,0,0,0,0,0,0.9,NA
Scott Alexander,SFG,NA,NA,NA,0.2,1.6,-1.4000000000000001,NA,NA,NA,NA,NA,NA,34,2,0,25,4.12,1.42,NA,NA,NA,NA,NA,NA,NA,NA,0.9,NA
Max Lazar,PHI,NA,NA,NA,0.2,1.6,-1.4000000000000001,NA,NA,NA,NA,NA,NA,38,2,0,30,4.53,1.34,0,0,0,0,0,0,0,0,0.9,NA
Connor Phillips,CIN,NA,NA,NA,0.2,1.6,-1.4000000000000001,NA,NA,NA,NA,NA,NA,56,3,0,59,4.63,1.4,0,0,0,0,0,0,0,0,0.9,NA
Casey Schmitt,SFG,National Pastime,2,1,1.8,3.3,-1.4999999999999998,210,7,23,25,1,0.248,NA,NA,NA,NA,NA,NA,0,1,1,1,1,0,1,1,0.6,-0.4
Ryan Ritter,COL,NA,NA,NA,1.8,3.3,-1.4999999999999998,189,5,23,22,3,0.253,NA,NA,NA,NA,NA,NA,0,0,1,0,1,0,0,1,0.6,NA
Robert Hassell III,WSN,NA,NA,NA,1.8,3.3,-1.4999999999999998,252,4,26,24,6,0.242,NA,NA,NA,NA,NA,NA,0,0,0,0,0,1,0,0,0.6,NA
Endy Rodriguez,PIT,Hoosiers,2,5,0.4,1.9,-1.5,54,1,6,6,0,0.242,NA,NA,NA,NA,NA,NA,1,1,0,0,0,0,1,0,0.6,-4.4
Endy Rodriguez,PIT,Blue Socks,2,1,0.4,1.9,-1.5,54,1,6,6,0,0.242,NA,NA,NA,NA,NA,NA,1,1,0,0,0,0,1,0,0.6,-0.4
Andrew Painter,PHI,Free At Last,Opt,1,0.1,1.6,-1.5,NA,NA,NA,NA,NA,NA,104,5,0,90,4.72,1.39,0,0,0,0,0,0,0,0,0.6,-0.4
Jake Irvin,WSN,National Pastime,2,1,0.1,1.6,-1.5,NA,NA,NA,NA,NA,NA,100,5,0,75,4.82,1.37,0,0,0,0,0,0,0,0,0.6,-0.4
Quinn Mathews,STL,Hoosiers,2,4,0.1,1.6,-1.5,NA,NA,NA,NA,NA,NA,40,2,0,36,4.31,1.46,0,0,0,0,0,0,0,0,0.6,-3.4
Matt Waldron,SDP,NA,NA,NA,0.1,1.6,-1.5,NA,NA,NA,NA,NA,NA,34,2,0,27,4.83,1.34,0,0,0,0,0,0,0,0,0.6,NA
Mitch Bratt,ARI,NA,NA,NA,0.1,1.6,-1.5,NA,NA,NA,NA,NA,NA,9,0,0,7,4.14,1.28,NA,NA,NA,NA,NA,NA,NA,NA,0.6,NA
Thomas Harrington,PIT,NA,NA,NA,0.1,1.6,-1.5,NA,NA,NA,NA,NA,NA,16,1,0,13,4.59,1.34,0,0,0,0,0,0,0,0,0.6,NA
Alex Carrillo,NYM,NA,NA,NA,0.1,1.6,-1.5,NA,NA,NA,NA,NA,NA,20,1,0,21,4.3,1.36,NA,NA,NA,NA,NA,NA,NA,NA,0.6,NA
AJ Smith-Shawver,ATL,NA,NA,NA,0.1,1.6,-1.5,NA,NA,NA,NA,NA,NA,6,0,0,7,3.85,1.28,0,0,0,0,0,0,0,0,0.6,NA
K.C. Hunt,MIL,NA,NA,NA,0.1,1.6,-1.5,NA,NA,NA,NA,NA,NA,10,1,0,9,4.2,1.28,NA,NA,NA,NA,NA,NA,NA,NA,0.6,NA
Kyle Backhus,PHI,NA,NA,NA,0.1,1.6,-1.5,NA,NA,NA,NA,NA,NA,16,1,0,15,4.3,1.34,0,0,0,0,0,0,0,0,0.6,NA
Bobby Miller,LAD,NA,NA,NA,0.1,1.6,-1.5,NA,NA,NA,NA,NA,NA,26,1,0,25,4.56,1.37,0,0,0,0,0,0,0,0,0.6,NA
Zack Thompson,STL,NA,NA,NA,0.1,1.6,-1.5,NA,NA,NA,NA,NA,NA,10,1,0,10,4.15,1.39,0,0,0,0,0,0,0,0,0.6,NA
Chris Roycroft,STL,NA,NA,NA,0.1,1.6,-1.5,NA,NA,NA,NA,NA,NA,40,2,0,32,4.29,1.45,0,0,0,0,0,0,0,0,0.6,NA
Jeff Criswell,COL,NA,NA,NA,0.1,1.6,-1.5,NA,NA,NA,NA,NA,NA,12,1,0,11,4.76,1.45,0,0,0,0,0,0,0,0,0.6,NA
Ken Waldichuk,WSN,NA,NA,NA,0.1,1.6,-1.5,NA,NA,NA,NA,NA,NA,13,1,0,13,4.47,1.39,0,0,0,0,0,0,0,0,0.6,NA
Ronan Kopp,LAD,NA,NA,NA,0.1,1.6,-1.5,NA,NA,NA,NA,NA,NA,10,1,0,11,4.53,1.51,NA,NA,NA,NA,NA,NA,NA,NA,0.6,NA
Jake Eder,WSN,NA,NA,NA,0.1,1.6,-1.5,NA,NA,NA,NA,NA,NA,14,1,0,11,4.61,1.39,0,0,0,0,0,0,0,0,0.6,NA
Josh Simpson,MIA,NA,NA,NA,0.1,1.6,-1.5,NA,NA,NA,NA,NA,NA,14,1,0,14,4.34,1.44,0,0,0,0,0,0,0,0,0.6,NA
Jackson Wolf,SDP,NA,NA,NA,0.1,1.6,-1.5,NA,NA,NA,NA,NA,NA,12,1,0,10,4.4,1.33,0,0,0,0,0,0,0,0,0.6,NA
Chris Devenski,PIT,NA,NA,NA,0.1,1.6,-1.5,NA,NA,NA,NA,NA,NA,24,1,0,20,4.43,1.34,NA,NA,NA,NA,NA,NA,NA,NA,0.6,NA
Nolan Hoffman,PHI,NA,NA,NA,0.1,1.6,-1.5,NA,NA,NA,NA,NA,NA,12,1,0,11,4.58,1.42,0,0,0,0,0,0,0,0,0.6,NA
James Karinchak,ATL,NA,NA,NA,0.1,1.6,-1.5,NA,NA,NA,NA,NA,NA,14,1,0,16,4.39,1.41,NA,NA,NA,NA,NA,NA,NA,NA,0.6,NA
Michael Petersen,MIA,NA,NA,NA,0.1,1.6,-1.5,NA,NA,NA,NA,NA,NA,28,1,0,26,4.39,1.36,0,0,0,0,0,0,0,0,0.6,NA
Wilber Dotel,PIT,NA,NA,NA,0.1,1.6,-1.5,NA,NA,NA,NA,NA,NA,12,1,0,10,4.54,1.4,NA,NA,NA,NA,NA,NA,NA,NA,0.6,NA
Chase Shugart,PHI,NA,NA,NA,0.1,1.6,-1.5,NA,NA,NA,NA,NA,NA,42,2,0,34,4.65,1.38,0,0,0,0,0,0,0,0,0.6,NA
Gavin Hollowell,CHC,NA,NA,NA,0.1,1.6,-1.5,NA,NA,NA,NA,NA,NA,16,1,0,15,4.5,1.4,0,0,0,0,0,0,0,0,0.6,NA
Genesis Cabrera,PHI,NA,NA,NA,0.1,1.6,-1.5,NA,NA,NA,NA,NA,NA,18,1,0,16,4.67,1.4,NA,NA,NA,NA,NA,NA,NA,NA,0.6,NA
Jack Neely,CHC,NA,NA,NA,0.1,1.6,-1.5,NA,NA,NA,NA,NA,NA,18,1,0,18,4.47,1.39,0,0,0,0,0,0,0,0,0.6,NA
Garrett Acton,MIA,NA,NA,NA,0.1,1.6,-1.5,NA,NA,NA,NA,NA,NA,16,1,0,15,4.66,1.42,0,0,0,0,0,0,0,0,0.6,NA
Ryan Rolison,CHC,NA,NA,NA,0.1,1.6,-1.5,NA,NA,NA,NA,NA,NA,15,1,0,11,4.48,1.41,0,0,0,0,0,0,0,0,0.6,NA
Daison Acosta,SDP,NA,NA,NA,0.1,1.6,-1.5,NA,NA,NA,NA,NA,NA,18,1,0,18,4.44,1.44,NA,NA,NA,NA,NA,NA,NA,NA,0.6,NA
Yilber Diaz,ARI,NA,NA,NA,0.1,1.6,-1.5,NA,NA,NA,NA,NA,NA,24,1,0,23,4.31,1.45,0,0,0,0,0,0,0,0,0.6,NA
Paul Gervase,LAD,NA,NA,NA,0.1,1.6,-1.5,NA,NA,NA,NA,NA,NA,32,2,0,34,4.66,1.4,0,0,0,0,0,0,0,0,0.6,NA
Zach Pop,PHI,NA,NA,NA,0.1,1.6,-1.5,NA,NA,NA,NA,NA,NA,52,3,0,40,4.65,1.41,0,0,0,0,0,0,0,0,0.6,NA
Brandan Bidois,PIT,NA,NA,NA,0.1,1.6,-1.5,NA,NA,NA,NA,NA,NA,40,2,0,37,4.49,1.45,NA,NA,NA,NA,NA,NA,NA,NA,0.6,NA
Austin Love,STL,NA,NA,NA,0.1,1.6,-1.5,NA,NA,NA,NA,NA,NA,32,2,0,27,4.51,1.43,0,0,0,0,0,0,0,0,0.6,NA
Juan Burgos,ARI,NA,NA,NA,0.1,1.6,-1.5,NA,NA,NA,NA,NA,NA,28,2,0,22,4.59,1.46,0,0,0,0,0,0,0,0,0.6,NA
Kyle Karros,COL,NA,NA,NA,1.7,3.3,-1.5999999999999999,217,3,25,22,2,0.261,NA,NA,NA,NA,NA,NA,0,0,0,1,0,0,1,0,0.3,NA
Nathan Church,STL,NA,NA,NA,1.7,3.3,-1.5999999999999999,203,3,23,21,5,0.253,NA,NA,NA,NA,NA,NA,0,0,0,0,0,1,0,0,0.3,NA
Blaine Crim,COL,NA,NA,NA,1.7,3.3,-1.5999999999999999,182,6,22,22,1,0.259,NA,NA,NA,NA,NA,NA,0,1,0,0,0,0,1,0,0.3,NA
Riley Adams,WSN,NA,NA,NA,0.3,1.9,-1.5999999999999999,61,2,6,6,0,0.212,NA,NA,NA,NA,NA,NA,1,0,0,0,0,0,0,0,0.3,NA
Martin Perez,ATL,NA,NA,NA,0,1.6,-1.6,NA,NA,NA,NA,NA,NA,36,2,0,27,4.53,1.44,NA,NA,NA,NA,NA,NA,NA,NA,0.3,NA
Alan Rangel,PHI,NA,NA,NA,0,1.6,-1.6,NA,NA,NA,NA,NA,NA,28,1,0,22,4.84,1.35,0,0,0,0,0,0,0,0,0.3,NA
JR Ritchie,ATL,NA,NA,NA,0,1.6,-1.6,NA,NA,NA,NA,NA,NA,9,0,0,7,4.5,1.37,NA,NA,NA,NA,NA,NA,NA,NA,0.3,NA
Tink Hence,STL,NA,NA,NA,-0,1.6,-1.6,NA,NA,NA,NA,NA,NA,8,0,0,7,4.4,1.38,0,0,0,0,0,0,0,0,0.3,NA
Landon Knack,LAD,NA,NA,NA,0,1.6,-1.6,NA,NA,NA,NA,NA,NA,23,1,0,20,4.94,1.37,0,0,0,0,0,0,0,0,0.3,NA
Pete Hansen,STL,NA,NA,NA,-0,1.6,-1.6,NA,NA,NA,NA,NA,NA,9,0,0,6,4.59,1.4,NA,NA,NA,NA,NA,NA,NA,NA,0.3,NA
RJ Petit,COL,NA,NA,NA,0,1.6,-1.6,NA,NA,NA,NA,NA,NA,55,3,0,47,4.79,1.43,NA,NA,NA,NA,NA,NA,NA,NA,0.3,NA
Didier Fuentes,ATL,NA,NA,NA,-0,1.6,-1.6,NA,NA,NA,NA,NA,NA,8,0,0,8,4.24,1.28,0,0,0,0,0,0,0,0,0.3,NA
Josh Staumont,CIN,NA,NA,NA,0,1.6,-1.6,NA,NA,NA,NA,NA,NA,12,1,0,12,4.79,1.49,0,0,0,0,0,0,0,0,0.3,NA
Lou Trivino,PHI,NA,NA,NA,0,1.6,-1.6,NA,NA,NA,NA,NA,NA,24,1,0,21,4.59,1.42,NA,NA,NA,NA,NA,NA,NA,NA,0.3,NA
Ryan Lambert,NYM,NA,NA,NA,0,1.6,-1.6,NA,NA,NA,NA,NA,NA,12,0,0,13,4.24,1.36,NA,NA,NA,NA,NA,NA,NA,NA,0.3,NA
Nick Burdi,NYM,NA,NA,NA,-0,1.6,-1.6,NA,NA,NA,NA,NA,NA,8,0,0,9,4.12,1.35,NA,NA,NA,NA,NA,NA,NA,NA,0.3,NA
Collin Snider,CHC,NA,NA,NA,-0,1.6,-1.6,NA,NA,NA,NA,NA,NA,10,0,0,8,4.43,1.35,NA,NA,NA,NA,NA,NA,NA,NA,0.3,NA
Tucker Davidson,PHI,NA,NA,NA,-0,1.6,-1.6,NA,NA,NA,NA,NA,NA,8,0,0,6,4.5,1.39,NA,NA,NA,NA,NA,NA,NA,NA,0.3,NA
Tate Kuehner,MIL,NA,NA,NA,-0,1.6,-1.6,NA,NA,NA,NA,NA,NA,8,0,0,7,4.24,1.42,NA,NA,NA,NA,NA,NA,NA,NA,0.3,NA
Lyon Richardson,CIN,NA,NA,NA,0,1.6,-1.6,NA,NA,NA,NA,NA,NA,22,1,0,19,4.59,1.44,0,0,0,0,0,0,0,0,0.3,NA
Shinnosuke Ogasawara,WSN,NA,NA,NA,0,1.6,-1.6,NA,NA,NA,NA,NA,NA,8,0,0,6,4.62,1.36,0,0,0,0,0,0,0,0,0.3,NA
Isaiah Campbell,ARI,NA,NA,NA,0,1.6,-1.6,NA,NA,NA,NA,NA,NA,14,1,0,10,4.38,1.41,NA,NA,NA,NA,NA,NA,NA,NA,0.3,NA
Keegan Thompson,COL,NA,NA,NA,0,1.6,-1.6,NA,NA,NA,NA,NA,NA,40,2,0,38,4.79,1.43,0,0,0,0,0,0,0,0,0.3,NA
Dale Stanavich,MIA,NA,NA,NA,0,1.6,-1.6,NA,NA,NA,NA,NA,NA,12,1,0,11,4.41,1.51,NA,NA,NA,NA,NA,NA,NA,NA,0.3,NA
Blake Walston,ARI,NA,NA,NA,-0,1.6,-1.6,NA,NA,NA,NA,NA,NA,10,0,0,8,4.45,1.44,0,0,0,0,0,0,0,0,0.3,NA
Jose Franco,CIN,NA,NA,NA,-0,1.6,-1.6,NA,NA,NA,NA,NA,NA,14,1,0,13,4.92,1.43,NA,NA,NA,NA,NA,NA,NA,NA,0.3,NA
Ryder Ryan,LAD,NA,NA,NA,0,1.6,-1.6,NA,NA,NA,NA,NA,NA,12,1,0,9,4.68,1.47,0,0,0,0,0,0,0,0,0.3,NA
Ryder Ryan,LAD,NA,NA,NA,0,1.6,-1.6,NA,NA,NA,NA,NA,NA,12,1,0,9,4.68,1.47,0,0,0,0,0,0,0,0,0.3,NA
Francis Pena,SDP,NA,NA,NA,0,1.6,-1.6,NA,NA,NA,NA,NA,NA,16,1,0,13,4.36,1.45,NA,NA,NA,NA,NA,NA,NA,NA,0.3,NA
Reggie Crawford,SFG,NA,NA,NA,-0,1.6,-1.6,NA,NA,NA,NA,NA,NA,8,0,0,8,4.54,1.41,0,0,0,0,0,0,0,0,0.3,NA
Juan Morillo,ARI,NA,NA,NA,0,1.6,-1.6,NA,NA,NA,NA,NA,NA,31,2,0,28,4.24,1.51,0,0,0,0,0,0,0,0,0.3,NA
Juan Sanchez,SFG,NA,NA,NA,0,1.6,-1.6,NA,NA,NA,NA,NA,NA,14,1,0,12,4.29,1.45,NA,NA,NA,NA,NA,NA,NA,NA,0.3,NA
Josh Ekness,MIA,NA,NA,NA,0,1.6,-1.6,NA,NA,NA,NA,NA,NA,22,1,0,19,4.59,1.43,NA,NA,NA,NA,NA,NA,NA,NA,0.3,NA
Jaden Woods,PIT,NA,NA,NA,0,1.6,-1.6,NA,NA,NA,NA,NA,NA,14,1,0,12,4.71,1.49,NA,NA,NA,NA,NA,NA,NA,NA,0.3,NA
Scott Blewett,STL,NA,NA,NA,0,1.6,-1.6,NA,NA,NA,NA,NA,NA,24,1,0,18,4.37,1.39,NA,NA,NA,NA,NA,NA,NA,NA,0.3,NA
Alek Jacob,SDP,NA,NA,NA,-0,1.6,-1.6,NA,NA,NA,NA,NA,NA,33,1,0,29,4.7,1.38,0,0,0,0,0,0,0,0,0.3,NA
Zach Maxwell,CIN,NA,NA,NA,-0,1.6,-1.6,NA,NA,NA,NA,NA,NA,50,2,0,51,4.66,1.46,NA,NA,NA,NA,NA,NA,NA,NA,0.3,NA
Johan Rojas,PHI,NA,NA,NA,1.6,3.3,-1.6999999999999997,175,2,20,17,9,0.247,NA,NA,NA,NA,NA,NA,0,0,0,0,0,1,0,0,-0,NA
Abimelec Ortiz,WSN,NA,NA,NA,1.6,3.3,-1.6999999999999997,224,8,26,26,1,0.229,NA,NA,NA,NA,NA,NA,NA,NA,NA,NA,NA,NA,NA,NA,-0,NA
Charlie Condon,COL,NA,NA,NA,1.6,3.3,-1.6999999999999997,210,6,22,24,1,0.244,NA,NA,NA,NA,NA,NA,0,0,0,0,0,1,0,0,-0,NA
Randy Vasquez,SDP,Erie Lakers,2,1,-0.1,1.6,-1.7000000000000002,NA,NA,NA,NA,NA,NA,142,7,0,96,4.82,1.41,0,0,0,0,0,0,0,0,-0,-1
Josiah Gray,WSN,NA,NA,NA,-0.1,1.6,-1.7000000000000002,NA,NA,NA,NA,NA,NA,114,6,0,99,4.97,1.42,0,0,0,0,0,0,0,0,-0,NA
River Ryan,LAD,NA,NA,NA,-0.1,1.6,-1.7000000000000002,NA,NA,NA,NA,NA,NA,39,2,0,32,4.78,1.42,0,0,0,0,0,0,0,0,-0,NA
River Ryan,LAD,NA,NA,NA,-0.1,1.6,-1.7000000000000002,NA,NA,NA,NA,NA,NA,39,2,0,32,4.78,1.42,0,0,0,0,0,0,0,0,-0,NA
Brandon Williamson,CIN,NA,NA,NA,-0.1,1.6,-1.7000000000000002,NA,NA,NA,NA,NA,NA,51,2,0,43,4.86,1.42,0,0,0,0,0,0,0,0,-0,NA
McCade Brown,COL,NA,NA,NA,-0.1,1.6,-1.7000000000000002,NA,NA,NA,NA,NA,NA,15,1,0,14,5.4,1.49,0,0,0,0,0,0,0,0,-0,NA
Bryse Wilson,PHI,NA,NA,NA,-0.1,1.6,-1.7000000000000002,NA,NA,NA,NA,NA,NA,30,1,0,21,4.99,1.39,NA,NA,NA,NA,NA,NA,NA,NA,-0,NA
Sean Sullivan,COL,NA,NA,NA,-0.1,1.6,-1.7000000000000002,NA,NA,NA,NA,NA,NA,9,0,0,6,5.29,1.4,NA,NA,NA,NA,NA,NA,NA,NA,-0,NA
Jean Cabrera,PHI,NA,NA,NA,-0.1,1.6,-1.7000000000000002,NA,NA,NA,NA,NA,NA,9,0,0,6,5.02,1.46,NA,NA,NA,NA,NA,NA,NA,NA,-0,NA
Jared Lyons,CIN,NA,NA,NA,-0.1,1.6,-1.7000000000000002,NA,NA,NA,NA,NA,NA,9,0,0,6,5.31,1.49,NA,NA,NA,NA,NA,NA,NA,NA,-0,NA
Julian Aguiar,CIN,NA,NA,NA,-0.1,1.6,-1.7000000000000002,NA,NA,NA,NA,NA,NA,35,1,0,25,5.02,1.37,0,0,0,0,0,0,0,0,-0,NA
Yoniel Curet,PHI,NA,NA,NA,-0.1,1.6,-1.7000000000000002,NA,NA,NA,NA,NA,NA,8,0,0,7,5.27,1.5,0,0,0,0,0,0,0,0,-0,NA
Mike Clevinger,PIT,NA,NA,NA,-0.1,1.6,-1.7000000000000002,NA,NA,NA,NA,NA,NA,24,1,0,19,4.77,1.4,NA,NA,NA,NA,NA,NA,NA,NA,-0,NA
Jagger Haynes,SDP,NA,NA,NA,-0.1,1.6,-1.7000000000000002,NA,NA,NA,NA,NA,NA,8,0,0,6,5.06,1.55,0,0,0,0,0,0,0,0,-0,NA
Gabriel Hughes,COL,NA,NA,NA,-0.1,1.6,-1.7000000000000002,NA,NA,NA,NA,NA,NA,18,1,0,13,4.89,1.46,0,0,0,0,0,0,0,0,-0,NA
Valente Bellozo,COL,NA,NA,NA,-0.1,1.6,-1.7000000000000002,NA,NA,NA,NA,NA,NA,8,0,0,6,5.04,1.41,NA,NA,NA,NA,NA,NA,NA,NA,-0,NA
Corbin Martin,CHC,NA,NA,NA,-0.1,1.6,-1.7000000000000002,NA,NA,NA,NA,NA,NA,8,0,0,7,4.62,1.46,NA,NA,NA,NA,NA,NA,NA,NA,-0,NA
Yunior Marte,CIN,NA,NA,NA,-0.1,1.6,-1.7000000000000002,NA,NA,NA,NA,NA,NA,18,1,0,15,4.96,1.48,0,0,0,0,0,0,0,0,-0,NA
Tejay Antone,CIN,NA,NA,NA,-0.1,1.6,-1.7000000000000002,NA,NA,NA,NA,NA,NA,16,1,0,13,5.14,1.51,0,0,0,0,0,0,0,0,-0,NA
Seth Johnson,PHI,NA,NA,NA,-0.1,1.6,-1.7000000000000002,NA,NA,NA,NA,NA,NA,20,1,0,18,4.8,1.46,0,0,0,0,0,0,0,0,-0,NA
Rolddy Munoz,ATL,NA,NA,NA,-0.1,1.6,-1.7000000000000002,NA,NA,NA,NA,NA,NA,26,1,0,23,4.5,1.48,0,0,0,0,0,0,0,0,-0,NA
Bradley Blalock,MIA,NA,NA,NA,-0.1,1.6,-1.7000000000000002,NA,NA,NA,NA,NA,NA,18,1,0,12,5,1.47,0,0,0,0,0,0,0,0,-0,NA
William Kempner,MIA,NA,NA,NA,-0.1,1.6,-1.7000000000000002,NA,NA,NA,NA,NA,NA,24,1,0,22,4.79,1.49,NA,NA,NA,NA,NA,NA,NA,NA,-0,NA
Ryan Harbin,PIT,NA,NA,NA,-0.1,1.6,-1.7000000000000002,NA,NA,NA,NA,NA,NA,34,2,0,32,4.6,1.56,NA,NA,NA,NA,NA,NA,NA,NA,-0,NA
Miguel Rojas,LAD,NA,NA,NA,1.5,3.3,-1.7999999999999998,182,4,20,18,3,0.256,NA,NA,NA,NA,NA,NA,0,0,1,1,1,0,1,1,-0.3,NA
Blake Perkins,MIL,NA,NA,NA,1.5,3.3,-1.7999999999999998,217,4,25,21,7,0.223,NA,NA,NA,NA,NA,NA,0,0,0,0,0,1,0,0,-0.3,NA
Ronny Mauricio,NYM,NA,NA,NA,1.5,3.3,-1.7999999999999998,140,5,16,16,4,0.244,NA,NA,NA,NA,NA,NA,0,0,1,1,0,0,1,1,-0.3,NA
Garrett Stubbs,PHI,NA,NA,NA,0.1,1.9,-1.7999999999999998,19,0,2,2,0,0.222,NA,NA,NA,NA,NA,NA,1,0,0,0,0,0,0,0,-0.3,NA
Tanner Gordon,COL,NA,NA,NA,-0.2,1.6,-1.8,NA,NA,NA,NA,NA,NA,55,3,0,40,5.26,1.39,0,0,0,0,0,0,0,0,-0.3,NA
Marco Gonzales,SDP,NA,NA,NA,-0.2,1.6,-1.8,NA,NA,NA,NA,NA,NA,27,1,0,19,4.89,1.41,0,0,0,0,0,0,0,0,-0.3,NA
Riley Cornelio,WSN,NA,NA,NA,-0.2,1.6,-1.8,NA,NA,NA,NA,NA,NA,17,1,0,12,5.2,1.53,NA,NA,NA,NA,NA,NA,NA,NA,-0.3,NA
John Brebbia,COL,NA,NA,NA,-0.2,1.6,-1.8,NA,NA,NA,NA,NA,NA,10,0,0,10,4.95,1.43,NA,NA,NA,NA,NA,NA,NA,NA,-0.3,NA
Kevin Abel,CIN,NA,NA,NA,-0.2,1.6,-1.8,NA,NA,NA,NA,NA,NA,10,0,0,8,5.3,1.52,NA,NA,NA,NA,NA,NA,NA,NA,-0.3,NA
Carson Palmquist,COL,NA,NA,NA,-0.2,1.6,-1.8,NA,NA,NA,NA,NA,NA,24,1,0,23,5.12,1.48,0,0,0,0,0,0,0,0,-0.3,NA
Cam Sanders,PIT,NA,NA,NA,-0.2,1.6,-1.8,NA,NA,NA,NA,NA,NA,30,1,0,28,4.75,1.55,0,0,0,0,0,0,0,0,-0.3,NA
Orlando Ribalta,WSN,NA,NA,NA,-0.2,1.6,-1.8,NA,NA,NA,NA,NA,NA,30,1,0,27,4.8,1.5,0,0,0,0,0,0,0,0,-0.3,NA
Triston McKenzie,SDP,NA,NA,NA,-0.2,1.6,-1.8,NA,NA,NA,NA,NA,NA,30,1,0,29,5.02,1.47,NA,NA,NA,NA,NA,NA,NA,NA,-0.3,NA
James McCann,ARI,NA,NA,NA,1.4,3.3,-1.9,194,5,20,22,1,0.239,NA,NA,NA,NA,NA,NA,NA,NA,NA,NA,NA,NA,NA,NA,-0.6,NA
Hyeseong Kim,LAD,Free At Last,2,7,1.4,3.3,-1.9,140,2,16,16,8,0.249,NA,NA,NA,NA,NA,NA,0,0,1,0,1,1,0,1,-0.6,-7.6
Jeferson Quero,MIL,NA,NA,NA,0,1.9,-1.9,6,0,1,1,0,0.227,NA,NA,NA,NA,NA,NA,1,0,0,0,0,0,0,0,-0.6,NA
Hayden Senger,NYM,NA,NA,NA,-0,1.9,-1.9,13,0,1,1,0,0.205,NA,NA,NA,NA,NA,NA,1,0,0,0,0,0,0,0,-0.6,NA
Rodolfo Duran,SDP,NA,NA,NA,0,1.9,-1.9,6,0,1,1,0,0.224,NA,NA,NA,NA,NA,NA,1,0,0,0,0,0,0,0,-0.6,NA
Ben Rortvedt,LAD,Louisville Sluggers,2,1,-0,1.9,-1.9,13,0,1,1,0,0.203,NA,NA,NA,NA,NA,NA,1,0,0,0,0,0,0,0,-0.6,-1.6
Kyle Freeland,COL,NA,NA,NA,-0.3,1.6,-1.9000000000000001,NA,NA,NA,NA,NA,NA,160,8,0,118,5.02,1.42,0,0,0,0,0,0,0,0,-0.6,NA
Chase Petty,CIN,NA,NA,NA,-0.3,1.6,-1.9000000000000001,NA,NA,NA,NA,NA,NA,46,2,0,36,5.09,1.46,0,0,0,0,0,0,0,0,-0.6,NA
Luis Mey,CIN,NA,NA,NA,-0.3,1.6,-1.9000000000000001,NA,NA,NA,NA,NA,NA,40,2,0,38,4.96,1.56,0,0,0,0,0,0,0,0,-0.6,NA
Zach Agnos,COL,Big Red Machine,2,1,-0.3,1.6,-1.9000000000000001,NA,NA,NA,NA,NA,NA,50,2,0,40,5.13,1.46,0,0,0,0,0,0,0,0,-0.6,-1.6
Ryan Waldschmidt,ARI,NA,NA,NA,1.3,3.3,-1.9999999999999998,161,3,20,17,4,0.239,NA,NA,NA,NA,NA,NA,0,0,0,0,0,1,0,0,-0.9,NA
Drew Gilbert,SFG,Hoosiers,2,1,1.3,3.3,-1.9999999999999998,196,5,21,22,2,0.23,NA,NA,NA,NA,NA,NA,0,0,0,0,0,1,0,0,-0.9,-1.9
Tyler Locklear,ARI,NA,NA,NA,1.3,3.3,-1.9999999999999998,154,4,18,19,3,0.244,NA,NA,NA,NA,NA,NA,0,1,0,0,0,0,1,0,-0.9,NA
Enrique Hernandez,LAD,Melonheads,2,1,1.3,3.3,-1.9999999999999998,196,6,22,23,1,0.225,NA,NA,NA,NA,NA,NA,0,1,1,1,0,1,1,1,-0.9,-1.9
Taijuan Walker,PHI,NA,NA,NA,-0.4,1.6,-2,NA,NA,NA,NA,NA,NA,120,6,0,84,4.96,1.43,0,0,0,0,0,0,0,0,-0.9,NA
Gary Sanchez,MIL,NA,NA,NA,1.2,3.3,-2.0999999999999996,144,7,16,20,0,0.222,NA,NA,NA,NA,NA,NA,NA,NA,NA,NA,NA,NA,NA,NA,-1.2,NA
Bryce Johnson,SDP,NA,NA,NA,1.2,3.3,-2.0999999999999996,189,2,20,17,7,0.231,NA,NA,NA,NA,NA,NA,0,0,0,0,0,1,0,0,-1.2,NA
Zac Veen,COL,Hoosiers,2,1,1.2,3.3,-2.0999999999999996,119,3,14,13,4,0.25,NA,NA,NA,NA,NA,NA,0,0,0,0,0,1,0,0,-1.2,-2.2
Jose Quintana,COL,Free Birds,2,1,-0.5,1.6,-2.1,NA,NA,NA,NA,NA,NA,144,8,0,102,4.86,1.49,0,0,0,0,0,0,0,0,-1.2,-2.2
Jose Quintana,COL,Free Birds,2,1,-0.5,1.6,-2.1,NA,NA,NA,NA,NA,NA,144,8,0,102,4.86,1.49,0,0,0,0,1,0,0,1,-1.2,-2.2
Michael Lorenzen,COL,NA,NA,NA,-0.5,1.6,-2.1,NA,NA,NA,NA,NA,NA,143,7,0,114,5.08,1.45,NA,NA,NA,NA,NA,NA,NA,NA,-1.2,NA
Luis Peralta,COL,NA,NA,NA,-0.5,1.6,-2.1,NA,NA,NA,NA,NA,NA,34,1,0,32,5.4,1.62,0,0,0,0,0,0,0,0,-1.2,NA
Luis Peralta,COL,NA,NA,NA,-0.5,1.6,-2.1,NA,NA,NA,NA,NA,NA,34,1,0,32,5.4,1.62,0,0,0,0,0,0,0,0,-1.2,NA
Alex Call,LAD,Free At Last,2,1,1.1,3.3,-2.1999999999999997,140,4,17,16,2,0.24,NA,NA,NA,NA,NA,NA,0,0,0,0,0,1,0,0,-1.5,-2.5
Jett Williams,MIL,Hoosiers,2,1,1.1,3.3,-2.1999999999999997,147,3,18,16,5,0.222,NA,NA,NA,NA,NA,NA,0,0,0,0,1,0,0,1,-1.5,-2.5
Esteury Ruiz,MIA,NA,NA,NA,1.1,3.3,-2.1999999999999997,77,2,10,8,7,0.246,NA,NA,NA,NA,NA,NA,0,0,0,0,0,1,0,0,-1.5,NA
Santiago Espinal,CIN,NA,NA,NA,1.1,3.3,-2.1999999999999997,196,2,18,17,2,0.25,NA,NA,NA,NA,NA,NA,0,0,1,1,0,1,1,1,-1.5,NA
Jorge Mateo,ATL,NA,NA,NA,1.1,3.3,-2.1999999999999997,105,2,12,10,8,0.224,NA,NA,NA,NA,NA,NA,NA,NA,NA,NA,NA,NA,NA,NA,-1.5,NA
Tomoyuki Sugano,COL,NA,NA,NA,-0.6,1.6,-2.2,NA,NA,NA,NA,NA,NA,116,6,0,74,5.17,1.43,NA,NA,NA,NA,NA,NA,NA,NA,-1.5,NA
Bryan Torres,STL,NA,NA,NA,1,3.3,-2.3,112,1,12,10,4,0.27,NA,NA,NA,NA,NA,NA,NA,NA,NA,NA,NA,NA,NA,NA,-1.8,NA
Nick Yorke,PIT,NA,NA,NA,1,3.3,-2.3,119,2,13,11,3,0.254,NA,NA,NA,NA,NA,NA,0,0,1,0,0,0,0,1,-1.8,NA
Tim Tawa,ARI,NA,NA,NA,1,3.3,-2.3,161,4,18,17,3,0.223,NA,NA,NA,NA,NA,NA,0,1,1,0,0,1,1,1,-1.8,NA
Jorge Barrosa,ARI,NA,NA,NA,1,3.3,-2.3,182,3,20,17,3,0.227,NA,NA,NA,NA,NA,NA,0,0,0,0,0,1,0,0,-1.8,NA
Luis Matos,SFG,NA,NA,NA,0.9,3.3,-2.4,84,3,10,10,2,0.249,NA,NA,NA,NA,NA,NA,0,0,0,0,0,1,0,0,-2.1,NA
Nathaniel Lowe,CIN,NA,NA,NA,0.9,3.3,-2.4,105,3,12,13,0,0.255,NA,NA,NA,NA,NA,NA,NA,NA,NA,NA,NA,NA,NA,NA,-2.1,NA
Jerar Encarnacion,SFG,Hoosiers,2,1,0.9,3.3,-2.4,112,4,12,15,1,0.237,NA,NA,NA,NA,NA,NA,0,0,0,0,0,1,0,0,-2.1,-3.1
Ryan Feltner,COL,NA,NA,NA,-0.8,1.6,-2.4000000000000004,NA,NA,NA,NA,NA,NA,97,4,0,80,5.16,1.49,0,0,0,0,0,0,0,0,-2.1,NA
Chase Dollander,COL,NA,NA,NA,-0.8,1.6,-2.4000000000000004,NA,NA,NA,NA,NA,NA,114,5,0,98,5.27,1.49,0,0,0,0,0,0,0,0,-2.1,NA
Alex Freeland,LAD,NA,NA,NA,0.8,3.3,-2.5,91,3,11,10,2,0.226,NA,NA,NA,NA,NA,NA,0,0,1,1,1,0,1,1,-2.4,NA
Chas McCormick,CHC,NA,NA,NA,0.8,3.3,-2.5,105,3,12,11,3,0.228,NA,NA,NA,NA,NA,NA,NA,NA,NA,NA,NA,NA,NA,NA,-2.4,NA
Deyvison De Los Santos,MIA,NA,NA,NA,0.8,3.3,-2.5,112,4,12,13,1,0.233,NA,NA,NA,NA,NA,NA,0,1,0,1,0,0,1,0,-2.4,NA
Eli White,ATL,Free At Last,2,1,0.7,3.3,-2.5999999999999996,70,2,9,8,3,0.237,NA,NA,NA,NA,NA,NA,0,0,0,0,0,1,0,0,-2.7,-3.7
Joey Wiemer,WSN,NA,NA,NA,0.7,3.3,-2.5999999999999996,119,3,12,12,3,0.208,NA,NA,NA,NA,NA,NA,0,0,0,0,0,1,0,0,-2.7,NA
Ildemaro Vargas,ARI,NA,NA,NA,0.6,3.3,-2.6999999999999997,98,1,9,10,1,0.251,NA,NA,NA,NA,NA,NA,NA,NA,NA,NA,NA,NA,NA,NA,-3,NA
Will Wagner,SDP,NA,NA,NA,0.6,3.3,-2.6999999999999997,84,1,9,8,1,0.253,NA,NA,NA,NA,NA,NA,0,1,1,1,0,0,1,1,-3,NA
Adael Amador,COL,NA,NA,NA,0.6,3.3,-2.6999999999999997,63,1,7,7,2,0.25,NA,NA,NA,NA,NA,NA,0,0,1,0,0,0,0,1,-3,NA
T.J. Rumfield,COL,NA,NA,NA,0.6,3.3,-2.6999999999999997,63,2,7,7,0,0.261,NA,NA,NA,NA,NA,NA,NA,NA,NA,NA,NA,NA,NA,NA,-3,NA
Maximo Acosta,MIA,NA,NA,NA,0.5,3.3,-2.8,70,2,7,7,3,0.224,NA,NA,NA,NA,NA,NA,0,0,1,1,1,0,1,1,-3.3,NA
Kris Bryant,COL,National Pastime,2,3,0.5,3.3,-2.8,91,2,10,9,0,0.238,NA,NA,NA,NA,NA,NA,0,1,0,0,0,1,1,0,-3.3,-6.3
Endy Rodriguez,PIT,Hoosiers,2,5,0.4,3.3,-2.9,54,1,6,6,0,0.242,NA,NA,NA,NA,NA,NA,0,0,0,0,0,0,0,0,-3.6,-8.6
Endy Rodriguez,PIT,Blue Socks,2,1,0.4,3.3,-2.9,54,1,6,6,0,0.242,NA,NA,NA,NA,NA,NA,0,0,0,0,0,0,0,0,-3.6,-4.6
Christian Koss,SFG,NA,NA,NA,0.4,3.3,-2.9,49,1,6,5,1,0.249,NA,NA,NA,NA,NA,NA,0,0,1,1,1,0,1,1,-3.6,NA
Dylan Moore,PHI,NA,NA,NA,0.4,3.3,-2.9,42,1,5,5,2,0.213,NA,NA,NA,NA,NA,NA,NA,NA,NA,NA,NA,NA,NA,NA,-3.6,NA
Tirso Ornelas,SDP,NA,NA,NA,0.4,3.3,-2.9,56,1,6,6,1,0.24,NA,NA,NA,NA,NA,NA,0,0,0,0,0,1,0,0,-3.6,NA
Orelvis Martinez,WSN,NA,NA,NA,0.4,3.3,-2.9,98,3,10,11,0,0.197,NA,NA,NA,NA,NA,NA,NA,NA,NA,NA,NA,NA,NA,NA,-3.6,NA
Antonio Senzatela,COL,NA,NA,NA,-1.3,1.6,-2.9000000000000004,NA,NA,NA,NA,NA,NA,85,4,0,51,5.47,1.57,0,0,0,0,0,0,0,0,-3.6,NA
Aidan Miller,PHI,Blue Socks,2,1,0.3,3.3,-3,42,1,5,4,2,0.224,NA,NA,NA,NA,NA,NA,0,0,0,0,1,0,0,1,-3.9,-4.9
Brett Wisely,ATL,NA,NA,NA,0.3,3.3,-3,42,1,5,4,1,0.236,NA,NA,NA,NA,NA,NA,0,0,1,0,1,0,0,1,-3.9,NA
Rafael Flores Jr.,PIT,NA,NA,NA,0.3,3.3,-3,53,1,5,5,0,0.245,NA,NA,NA,NA,NA,NA,NA,NA,NA,NA,NA,NA,NA,NA,-3.9,NA
Brandon Lockridge,MIL,NA,NA,NA,0.3,3.3,-3,42,0,5,4,2,0.242,NA,NA,NA,NA,NA,NA,0,0,0,0,0,1,0,0,-3.9,NA
Tommy Troy,ARI,NA,NA,NA,0.3,3.3,-3,35,1,4,3,1,0.239,NA,NA,NA,NA,NA,NA,0,0,0,0,1,0,0,1,-3.9,NA
Jack Suwinski,PIT,NA,NA,NA,0.3,3.3,-3,35,1,4,4,1,0.22,NA,NA,NA,NA,NA,NA,0,0,0,0,0,1,0,0,-3.9,NA
Tyler Fitzgerald,SFG,National Pastime,Opt,1,0.3,3.3,-3,28,1,3,3,1,0.233,NA,NA,NA,NA,NA,NA,0,0,1,0,1,0,0,1,-3.9,-4.9
Vidal Brujan,NYM,NA,NA,NA,0.3,3.3,-3,35,1,4,3,1,0.227,NA,NA,NA,NA,NA,NA,0,0,1,1,1,1,1,1,-3.9,NA
Tyler Callihan,CIN,NA,NA,NA,0.3,3.3,-3,49,1,5,5,1,0.227,NA,NA,NA,NA,NA,NA,0,0,1,0,0,0,0,1,-3.9,NA
Gabriel Rincones Jr.,PHI,NA,NA,NA,0.3,3.3,-3,35,1,4,4,1,0.216,NA,NA,NA,NA,NA,NA,0,0,0,0,0,1,0,0,-3.9,NA
Kevin Alcantara,CHC,NA,NA,NA,0.3,3.3,-3,35,1,4,4,1,0.231,NA,NA,NA,NA,NA,NA,0,0,0,0,0,1,0,0,-3.9,NA
Bryan Ramos,STL,NA,NA,NA,0.3,3.3,-3,35,1,4,4,1,0.212,NA,NA,NA,NA,NA,NA,NA,NA,NA,NA,NA,NA,NA,NA,-3.9,NA
Blake Dunn,CIN,NA,NA,NA,0.3,3.3,-3,28,1,3,3,1,0.232,NA,NA,NA,NA,NA,NA,0,0,0,0,0,1,0,0,-3.9,NA
Grant McCray,SFG,NA,NA,NA,0.3,3.3,-3,28,1,3,3,1,0.223,NA,NA,NA,NA,NA,NA,0,0,0,0,0,1,0,0,-3.9,NA
Sterlin Thompson,COL,NA,NA,NA,0.3,3.3,-3,28,1,3,3,0,0.258,NA,NA,NA,NA,NA,NA,NA,NA,NA,NA,NA,NA,NA,NA,-3.9,NA
MJ Melendez,NYM,NA,NA,NA,0.3,3.3,-3,42,1,5,5,1,0.216,NA,NA,NA,NA,NA,NA,NA,NA,NA,NA,NA,NA,NA,NA,-3.9,NA
Yohandy Morales,WSN,NA,NA,NA,0.3,3.3,-3,56,1,6,6,0,0.236,NA,NA,NA,NA,NA,NA,0,1,0,1,0,0,1,0,-3.9,NA
Jose Miranda,SDP,NA,NA,NA,0.3,3.3,-3,56,1,5,6,0,0.229,NA,NA,NA,NA,NA,NA,NA,NA,NA,NA,NA,NA,NA,NA,-3.9,NA
Jesus Rodriguez,SFG,NA,NA,NA,0.2,3.3,-3.0999999999999996,26,0,3,2,1,0.267,NA,NA,NA,NA,NA,NA,NA,NA,NA,NA,NA,NA,NA,NA,-4.2,NA
Jonah Heim,ATL,NA,NA,NA,0.2,3.3,-3.0999999999999996,45,1,4,5,0,0.225,NA,NA,NA,NA,NA,NA,NA,NA,NA,NA,NA,NA,NA,NA,-4.2,NA
Mason McCoy,SDP,NA,NA,NA,0.2,3.3,-3.0999999999999996,49,1,5,4,1,0.203,NA,NA,NA,NA,NA,NA,0,0,0,0,1,0,0,1,-4.2,NA
Cesar Prieto,STL,NA,NA,NA,0.2,3.3,-3.0999999999999996,28,0,3,3,0,0.256,NA,NA,NA,NA,NA,NA,0,0,1,1,0,0,1,1,-4.2,NA
Kyle Farmer,ATL,Free At Last,2,1,0.2,3.3,-3.0999999999999996,28,1,3,3,0,0.233,NA,NA,NA,NA,NA,NA,0,1,1,1,1,0,1,1,-4.2,-5.2
A.J. Vukovich,ARI,NA,NA,NA,0.2,3.3,-3.0999999999999996,28,1,3,3,0,0.236,NA,NA,NA,NA,NA,NA,0,0,0,0,0,1,0,0,-4.2,NA
Ryan Clifford,NYM,NA,NA,NA,0.2,3.3,-3.0999999999999996,14,1,2,2,0,0.21,NA,NA,NA,NA,NA,NA,0,1,0,0,0,1,1,0,-4.2,NA
Pedro Leon,PHI,NA,NA,NA,0.2,3.3,-3.0999999999999996,21,1,2,3,1,0.217,NA,NA,NA,NA,NA,NA,0,0,0,0,0,1,0,0,-4.2,NA
Blaze Jordan,STL,NA,NA,NA,0.2,3.3,-3.0999999999999996,21,1,2,2,0,0.246,NA,NA,NA,NA,NA,NA,0,1,0,1,0,0,1,0,-4.2,NA
Rece Hinds,CIN,NA,NA,NA,0.2,3.3,-3.0999999999999996,14,1,2,2,0,0.233,NA,NA,NA,NA,NA,NA,0,0,0,0,0,1,0,0,-4.2,NA
Matt Mervis,WSN,NA,NA,NA,0.2,3.3,-3.0999999999999996,35,1,4,4,0,0.216,NA,NA,NA,NA,NA,NA,NA,NA,NA,NA,NA,NA,NA,NA,-4.2,NA
Brock Wilken,MIL,NA,NA,NA,0.1,3.3,-3.1999999999999997,42,1,4,5,0,0.191,NA,NA,NA,NA,NA,NA,0,0,0,1,0,0,1,0,-4.5,NA
Enmanuel Valdez,PIT,Louisville Sluggers,2,1,0.1,3.3,-3.1999999999999997,14,0,2,2,0,0.239,NA,NA,NA,NA,NA,NA,0,1,1,0,0,0,1,1,-4.5,-5.5
Dylan Carlson,CHC,NA,NA,NA,0.1,3.3,-3.1999999999999997,21,0,2,2,0,0.23,NA,NA,NA,NA,NA,NA,NA,NA,NA,NA,NA,NA,NA,NA,-4.5,NA
Samad Taylor,SDP,NA,NA,NA,0.1,3.3,-3.1999999999999997,14,0,2,1,1,0.237,NA,NA,NA,NA,NA,NA,NA,NA,NA,NA,NA,NA,NA,NA,-4.5,NA
Matt Koperniak,STL,NA,NA,NA,0.1,3.3,-3.1999999999999997,21,0,2,2,0,0.239,NA,NA,NA,NA,NA,NA,0,0,0,0,0,1,0,0,-4.5,NA
Akil Baddoo,MIL,NA,NA,NA,0.1,3.3,-3.1999999999999997,14,0,2,2,0,0.224,NA,NA,NA,NA,NA,NA,0,0,0,0,0,1,0,0,-4.5,NA
Jonathon Long,CHC,NA,NA,NA,0.1,3.3,-3.1999999999999997,7,0,1,1,0,0.246,NA,NA,NA,NA,NA,NA,0,0,0,1,0,0,1,0,-4.5,NA
Dominic Fletcher,PIT,NA,NA,NA,0.1,3.3,-3.1999999999999997,7,0,1,1,0,0.242,NA,NA,NA,NA,NA,NA,0,0,0,0,0,1,0,0,-4.5,NA
Vimael Machin,COL,NA,NA,NA,0.1,3.3,-3.1999999999999997,7,0,1,1,0,0.259,NA,NA,NA,NA,NA,NA,NA,NA,NA,NA,NA,NA,NA,NA,-4.5,NA
Christian Franklin,WSN,NA,NA,NA,0.1,3.3,-3.1999999999999997,14,0,2,1,0,0.233,NA,NA,NA,NA,NA,NA,0,0,0,0,0,1,0,0,-4.5,NA
James Triantos,CHC,NA,NA,NA,0.1,3.3,-3.1999999999999997,7,0,1,1,0,0.239,NA,NA,NA,NA,NA,NA,0,0,1,0,0,0,0,1,-4.5,NA
Nicky Lopez,COL,NA,NA,NA,0.1,3.3,-3.1999999999999997,7,0,1,1,0,0.255,NA,NA,NA,NA,NA,NA,NA,NA,NA,NA,NA,NA,NA,NA,-4.5,NA
Christian Encarnacion-Strand,CIN,NA,NA,NA,0.1,3.3,-3.1999999999999997,7,0,1,1,0,0.243,NA,NA,NA,NA,NA,NA,0,1,0,0,0,0,1,0,-4.5,NA
Hector Rodriguez,CIN,NA,NA,NA,0.1,3.3,-3.1999999999999997,7,0,1,1,0,0.248,NA,NA,NA,NA,NA,NA,0,0,0,0,0,1,0,0,-4.5,NA
Kemp Alderman,MIA,NA,NA,NA,0.1,3.3,-3.1999999999999997,7,0,1,1,0,0.242,NA,NA,NA,NA,NA,NA,0,0,0,0,0,1,0,0,-4.5,NA
Nick Morabito,NYM,NA,NA,NA,0.1,3.3,-3.1999999999999997,7,0,1,1,0,0.238,NA,NA,NA,NA,NA,NA,NA,NA,NA,NA,NA,NA,NA,NA,-4.5,NA
Justin Dean,CHC,NA,NA,NA,0.1,3.3,-3.1999999999999997,14,0,2,1,1,0.208,NA,NA,NA,NA,NA,NA,0,0,0,0,0,1,0,0,-4.5,NA
Jared Serna,MIA,NA,NA,NA,0.1,3.3,-3.1999999999999997,35,0,4,3,1,0.218,NA,NA,NA,NA,NA,NA,0,0,0,0,1,0,0,1,-4.5,NA
Garrett Hampson,CIN,NA,NA,NA,0.1,3.3,-3.1999999999999997,28,0,3,2,1,0.216,NA,NA,NA,NA,NA,NA,NA,NA,NA,NA,NA,NA,NA,NA,-4.5,NA
Reese McGuire,MIL,NA,NA,NA,0,3.3,-3.3,13,0,1,1,0,0.223,NA,NA,NA,NA,NA,NA,NA,NA,NA,NA,NA,NA,NA,NA,-4.8,NA
Eric Haase,SFG,NA,NA,NA,0,3.3,-3.3,13,0,1,1,0,0.218,NA,NA,NA,NA,NA,NA,NA,NA,NA,NA,NA,NA,NA,NA,-4.8,NA
Jared Young,NYM,NA,NA,NA,0,3.3,-3.3,7,0,1,1,0,0.237,NA,NA,NA,NA,NA,NA,0,0,0,1,0,1,1,0,-4.8,NA
Nacho Alvarez Jr.,ATL,NA,NA,NA,0,3.3,-3.3,7,0,1,1,0,0.238,NA,NA,NA,NA,NA,NA,0,0,1,1,0,0,1,1,-4.8,NA
Ryan Ward,LAD,NA,NA,NA,0,3.3,-3.3,7,0,1,1,0,0.227,NA,NA,NA,NA,NA,NA,NA,NA,NA,NA,NA,NA,NA,NA,-4.8,NA
Blake Hunt,SDP,NA,NA,NA,0,3.3,-3.3,6,0,1,1,0,0.212,NA,NA,NA,NA,NA,NA,0,0,0,0,0,1,0,0,-4.8,NA
Austin Barnes,NYM,NA,NA,NA,-0,3.3,-3.3,13,0,1,1,0,0.208,NA,NA,NA,NA,NA,NA,NA,NA,NA,NA,NA,NA,NA,NA,-4.8,NA
Brett Sullivan,COL,NA,NA,NA,0,3.3,-3.3,13,0,1,1,0,0.236,NA,NA,NA,NA,NA,NA,NA,NA,NA,NA,NA,NA,NA,NA,-4.8,NA
Steward Berroa,MIL,NA,NA,NA,0,3.3,-3.3,7,0,1,1,0,0.208,NA,NA,NA,NA,NA,NA,0,0,0,0,0,1,0,0,-4.8,NA
Tyler Black,MIL,NA,NA,NA,0,3.3,-3.3,7,0,1,1,0,0.221,NA,NA,NA,NA,NA,NA,0,1,0,0,0,0,1,0,-4.8,NA
Chadwick Tromp,ATL,NA,NA,NA,0,3.3,-3.3,6,0,1,1,0,0.206,NA,NA,NA,NA,NA,NA,NA,NA,NA,NA,NA,NA,NA,NA,-4.8,NA
Edwin Arroyo,CIN,NA,NA,NA,0,3.3,-3.3,14,0,1,1,0,0.252,NA,NA,NA,NA,NA,NA,0,0,0,0,1,0,0,1,-4.8,NA
Grae Kessinger,NYM,NA,NA,NA,0,3.3,-3.3,7,0,1,1,0,0.205,NA,NA,NA,NA,NA,NA,NA,NA,NA,NA,NA,NA,NA,NA,-4.8,NA
Sergio Alcantara,WSN,NA,NA,NA,0,3.3,-3.3,7,0,1,1,0,0.219,NA,NA,NA,NA,NA,NA,NA,NA,NA,NA,NA,NA,NA,NA,-4.8,NA
Billy Cook,PIT,NA,NA,NA,0,3.3,-3.3,7,0,1,1,0,0.225,NA,NA,NA,NA,NA,NA,0,1,0,0,0,1,1,0,-4.8,NA
Davis Wendzel,PIT,NA,NA,NA,0,3.3,-3.3,7,0,1,1,0,0.208,NA,NA,NA,NA,NA,NA,0,0,0,1,0,0,1,0,-4.8,NA
Trey Lipscomb,WSN,NA,NA,NA,0,3.3,-3.3,14,0,1,1,0,0.236,NA,NA,NA,NA,NA,NA,0,0,0,1,0,0,1,0,-4.8,NA
Michael Siani,LAD,NA,NA,NA,0,3.3,-3.3,7,0,1,1,0,0.197,NA,NA,NA,NA,NA,NA,0,0,0,0,0,1,0,0,-4.8,NA
Ben Cowles,CHC,NA,NA,NA,0,3.3,-3.3,7,0,1,1,0,0.214,NA,NA,NA,NA,NA,NA,NA,NA,NA,NA,NA,NA,NA,NA,-4.8,NA
Will Banfield,CIN,NA,NA,NA,0,3.3,-3.3,6,0,1,1,0,0.207,NA,NA,NA,NA,NA,NA,NA,NA,NA,NA,NA,NA,NA,NA,-4.8,NA
Kristian Robinson,ARI,NA,NA,NA,0,3.3,-3.3,14,0,1,1,0,0.211,NA,NA,NA,NA,NA,NA,0,0,0,0,0,1,0,0,-4.8,NA
Ethan Murray,MIL,NA,NA,NA,-0,3.3,-3.3,14,0,1,1,0,0.195,NA,NA,NA,NA,NA,NA,NA,NA,NA,NA,NA,NA,NA,NA,-4.8,NA
