Name,Team,billikenTeam,contract,salary,point_value,repl,par,ev,surplus,PA,HR,R,RBI,SB,AVG,IP,W,SV,SO,ERA,WHIP,p_c,p_1b,p_2b,p_3b,p_ss,p_of,p_ci,p_mi,keepingTeam,pick
Bryce Harper,PHI,NA,NA,NA,8.8,3.3,5.500000000000001,21.3,NA,665,29,90,95,11,0.273,NA,NA,NA,NA,NA,NA,0,1,0,0,0,0,1,0,NA,1
Freddie Freeman,LAD,NA,NA,NA,8.4,3.3,5.1000000000000005,20.2,NA,651,24,89,91,8,0.284,NA,NA,NA,NA,NA,NA,0,1,0,0,0,0,1,0,NA,2
James Wood,WSN,NA,NA,NA,8.1,3.3,4.8,19.3,NA,644,27,90,84,16,0.261,NA,NA,NA,NA,NA,NA,0,0,0,0,0,1,0,0,NA,3
Bo Bichette,NYM,NA,NA,NA,7.9,3.3,4.6000000000000005,18.7,NA,658,19,81,86,6,0.291,NA,NA,NA,NA,NA,NA,NA,NA,NA,NA,NA,NA,NA,NA,NA,4
Christian Yelich,MIL,NA,NA,NA,7,3.3,3.7,16,NA,630,20,81,80,17,0.256,NA,NA,NA,NA,NA,NA,0,0,0,0,0,1,0,0,NA,5
Eugenio Suarez,CIN,NA,NA,NA,6.9,3.3,3.6000000000000005,15.7,NA,616,35,79,97,3,0.235,NA,NA,NA,NA,NA,NA,NA,NA,NA,NA,NA,NA,NA,NA,NA,6
Devin Williams,NYM,NA,NA,NA,5.2,1.6,3.6,15.7,NA,NA,NA,NA,NA,NA,NA,64,5,32,85,3.13,1.14,0,0,0,0,0,0,0,0,NA,7
Adolis Garcia,PHI,NA,NA,NA,6.8,3.3,3.5,15.4,NA,609,27,75,88,13,0.241,NA,NA,NA,NA,NA,NA,0,0,0,0,0,1,0,0,NA,8
Luis Arraez,SFG,NA,NA,NA,6.7,3.3,3.4000000000000004,15.1,NA,623,6,73,58,9,0.308,NA,NA,NA,NA,NA,NA,0,1,1,0,0,0,1,1,NA,9
Bryson Stott,PHI,NA,NA,NA,6.6,3.3,3.3,14.8,NA,623,14,73,67,25,0.258,NA,NA,NA,NA,NA,NA,0,0,1,0,1,0,0,1,NA,10
Alex Bregman,CHC,NA,NA,NA,6.3,3.3,3,13.9,NA,672,23,87,82,3,0.25,NA,NA,NA,NA,NA,NA,0,0,0,1,0,0,1,0,NA,11
Alec Bohm,PHI,NA,NA,NA,6.3,3.3,3,13.9,NA,609,16,70,77,3,0.278,NA,NA,NA,NA,NA,NA,0,1,0,1,0,0,1,0,NA,12
Gabriel Moreno,ARI,NA,NA,NA,4.7,1.9,2.8000000000000003,13.3,NA,456,11,54,56,4,0.279,NA,NA,NA,NA,NA,NA,1,0,0,0,0,0,0,0,NA,13
Xander Bogaerts,SDP,NA,NA,NA,6,3.3,2.7,13,NA,609,13,68,63,17,0.264,NA,NA,NA,NA,NA,NA,0,0,1,0,1,0,0,1,NA,14
Jorge Polanco,NYM,NA,NA,NA,5.9,3.3,2.6000000000000005,12.7,NA,546,24,66,77,5,0.251,NA,NA,NA,NA,NA,NA,0,0,1,0,0,0,0,1,NA,15
Marcus Semien,NYM,NA,NA,NA,5.8,3.3,2.5,12.4,NA,644,20,83,75,9,0.242,NA,NA,NA,NA,NA,NA,0,0,1,0,0,0,0,1,NA,16
Pete Fairbanks,MIA,NA,NA,NA,4.1,1.6,2.4999999999999996,12.4,NA,NA,NA,NA,NA,NA,NA,62,4,27,64,3.38,1.2,0,0,0,0,0,0,0,0,NA,17
Konnor Griffin,PIT,NA,NA,NA,5.7,3.3,2.4000000000000004,12.2,NA,469,11,67,55,23,0.26,NA,NA,NA,NA,NA,NA,0,0,0,0,0,1,0,0,NA,18
Brandon Lowe,PIT,Louisville Sluggers,1,15,5.3,3.3,2,11,-4,546,23,69,68,4,0.243,NA,NA,NA,NA,NA,NA,0,0,1,0,0,0,0,1,NA,19
Sal Frelick,MIL,NA,NA,NA,5.1,3.3,1.7999999999999998,10.4,NA,511,8,60,52,15,0.271,NA,NA,NA,NA,NA,NA,0,0,0,0,0,1,0,0,NA,20
Justin Crawford,PHI,NA,NA,NA,5.1,3.3,1.7999999999999998,10.4,NA,427,6,56,43,22,0.276,NA,NA,NA,NA,NA,NA,0,0,0,0,0,1,0,0,NA,21
Blake Snell,LAD,NA,NA,NA,3.4,1.6,1.7999999999999998,10.4,NA,NA,NA,NA,NA,NA,NA,141,10,0,175,3.55,1.24,0,0,0,0,0,0,0,0,NA,22
JJ Wetherholt,STL,Hoosiers,2,1,4.8,3.3,1.5,9.5,8.5,532,11,62,59,11,0.254,NA,NA,NA,NA,NA,NA,0,0,0,0,1,0,0,1,NA,23
Tyler Glasnow,LAD,Hoosiers,Opt,11,3.1,1.6,1.5,9.5,-1.5,NA,NA,NA,NA,NA,NA,133,8,0,155,3.68,1.2,0,0,0,0,0,0,0,0,NA,24
Lars Nootbaar,STL,NA,NA,NA,4.7,3.3,1.4000000000000004,9.2,NA,546,16,70,54,7,0.247,NA,NA,NA,NA,NA,NA,0,0,0,0,0,1,0,0,NA,25
Moises Ballesteros,CHC,Hoosiers,2,1,3.3,1.9,1.4,9.2,8.2,382,9,41,45,2,0.264,NA,NA,NA,NA,NA,NA,1,0,0,0,0,0,0,0,NA,26
Joe Musgrove,SDP,NA,NA,NA,2.9,1.6,1.2999999999999998,8.9,NA,NA,NA,NA,NA,NA,NA,158,9,0,145,3.89,1.21,0,0,0,0,0,0,0,0,NA,27
Brett Baty,NYM,Louisville Sluggers,2,2,4.5,3.3,1.2000000000000002,8.6,6.6,455,18,54,57,5,0.249,NA,NA,NA,NA,NA,NA,0,0,1,1,0,0,1,1,NA,28
Spencer Horwitz,PIT,NA,NA,NA,4.4,3.3,1.1000000000000005,8.3,NA,490,11,62,51,2,0.269,NA,NA,NA,NA,NA,NA,0,1,1,0,0,0,1,1,NA,29
Merrill Kelly,ARI,NA,NA,NA,2.7,1.6,1.1,8.3,NA,NA,NA,NA,NA,NA,NA,169,11,0,151,3.94,1.27,0,0,0,0,0,0,0,0,NA,30
JoJo Romero,STL,Louisville Sluggers,2,1,2.7,1.6,1.1,8.3,7.3,NA,NA,NA,NA,NA,NA,64,5,14,62,3.49,1.29,0,0,0,0,0,0,0,0,NA,31
Jared Triolo,PIT,Louisville Sluggers,2,1,4.3,3.3,1,8,7,553,9,62,51,15,0.245,NA,NA,NA,NA,NA,NA,0,1,1,1,1,0,1,1,NA,32
Jordan Walker,STL,NA,NA,NA,4.3,3.3,1,8,NA,546,15,56,60,10,0.238,NA,NA,NA,NA,NA,NA,0,0,0,0,0,1,0,0,NA,33
Nick Lodolo,CIN,NA,NA,NA,2.6,1.6,1,8,NA,NA,NA,NA,NA,NA,NA,151,9,0,154,4.13,1.2,0,0,0,0,0,0,0,0,NA,34
Jake Cronenworth,SDP,Hoosiers,2,12,4.2,3.3,0.9000000000000004,7.7,-4.3,630,15,70,65,4,0.234,NA,NA,NA,NA,NA,NA,0,1,1,0,1,0,1,1,NA,35
Brady House,WSN,Westside Marauders,2,1,4.2,3.3,0.9000000000000004,7.7,6.7,525,14,55,61,5,0.245,NA,NA,NA,NA,NA,NA,0,0,0,1,0,0,1,0,NA,36
Carson Kelly,CHC,Westside Marauders,2,1,2.8,1.9,0.8999999999999999,7.7,6.7,380,12,43,44,2,0.233,NA,NA,NA,NA,NA,NA,1,0,0,0,0,0,0,0,NA,37
Nolan McLean,NYM,Hoosiers,2,1,2.5,1.6,0.8999999999999999,7.7,6.7,NA,NA,NA,NA,NA,NA,145,10,0,140,3.82,1.29,0,0,0,0,0,0,0,0,NA,38
Edward Cabrera,CHC,Hoosiers,2,2,2.5,1.6,0.8999999999999999,7.7,5.7,NA,NA,NA,NA,NA,NA,137,9,0,146,3.92,1.25,0,0,0,0,0,0,0,0,NA,39
Riley O'Brien,STL,NA,NA,NA,2.4,1.6,0.7999999999999998,7.4,NA,NA,NA,NA,NA,NA,NA,63,3,16,65,3.71,1.32,0,0,0,0,0,0,0,0,NA,40
Jake McCarthy,COL,Erie Lakers,2,1,4,3.3,0.7000000000000002,7.1,6.1,357,6,44,37,14,0.275,NA,NA,NA,NA,NA,NA,0,0,0,0,0,1,0,0,NA,41
Brandon Pfaadt,ARI,Westside Marauders,Opt,10,2.3,1.6,0.6999999999999997,7.1,-2.9,NA,NA,NA,NA,NA,NA,162,10,0,144,4.22,1.25,0,0,0,0,0,0,0,0,NA,42
Jeremiah Estrada,SDP,Blue Socks,2,4,2.3,1.6,0.6999999999999997,7.1,3.1,NA,NA,NA,NA,NA,NA,70,5,1,95,3.29,1.15,0,0,0,0,0,0,0,0,NA,43
Kevin Ginkel,ARI,Westside Marauders,2,2,2.3,1.6,0.6999999999999997,7.1,5.1,NA,NA,NA,NA,NA,NA,62,4,12,64,3.61,1.28,0,0,0,0,0,0,0,0,NA,44
Victor Vodnik,COL,Louisville Sluggers,2,1,2.3,1.6,0.6999999999999997,7.1,6.1,NA,NA,NA,NA,NA,NA,64,3,22,62,4.25,1.46,0,0,0,0,0,0,0,0,NA,45
Clayton Beeter,WSN,NA,NA,NA,2.3,1.6,0.6999999999999997,7.1,NA,NA,NA,NA,NA,NA,NA,63,3,17,72,3.98,1.36,0,0,0,0,0,0,0,0,NA,46
Ke'Bryan Hayes,CIN,Blue Socks,2,11,3.9,3.3,0.6000000000000001,6.8,-4.2,532,10,55,53,11,0.244,NA,NA,NA,NA,NA,NA,0,0,0,1,0,0,1,0,NA,47
Ryne Nelson,ARI,Erie Lakers,2,2,2.2,1.6,0.6000000000000001,6.8,4.8,NA,NA,NA,NA,NA,NA,169,9,0,139,4.09,1.27,0,0,0,0,0,0,0,0,NA,48
Sean Manaea,NYM,NA,NA,NA,2.2,1.6,0.6000000000000001,6.8,NA,NA,NA,NA,NA,NA,NA,136,8,0,140,4.2,1.23,0,0,0,0,0,0,0,0,NA,49
Hunter Harvey,CHC,NA,NA,NA,2.2,1.6,0.6000000000000001,6.8,NA,NA,NA,NA,NA,NA,NA,52,4,5,58,3.09,1.1,0,0,0,0,0,0,0,0,NA,50
Garrett Mitchell,MIL,Hoosiers,Opt,4,3.8,3.3,0.5,6.5,2.5,406,10,49,45,14,0.238,NA,NA,NA,NA,NA,NA,0,0,0,0,0,1,0,0,NA,51
Tyler Freeman,COL,Louisville Sluggers,2,1,3.8,3.3,0.5,6.5,5.5,357,5,45,34,13,0.274,NA,NA,NA,NA,NA,NA,0,0,1,0,0,1,0,1,NA,52
Braxton Garrett,MIA,NA,NA,NA,2.1,1.6,0.5,6.5,NA,NA,NA,NA,NA,NA,NA,129,7,0,112,3.89,1.24,0,0,0,0,0,0,0,0,NA,53
Jose Alvarado,PHI,NA,NA,NA,2.1,1.6,0.5,6.5,NA,NA,NA,NA,NA,NA,NA,64,5,3,75,3.3,1.24,0,0,0,0,0,0,0,0,NA,54
Keibert Ruiz,WSN,NA,NA,NA,2.3,1.9,0.3999999999999999,6.2,NA,320,8,30,35,2,0.249,NA,NA,NA,NA,NA,NA,1,0,0,0,0,0,0,0,NA,55
David Peterson,NYM,NA,NA,NA,2,1.6,0.3999999999999999,6.2,NA,NA,NA,NA,NA,NA,NA,163,9,0,146,3.85,1.35,0,0,0,0,0,0,0,0,NA,56
Quinn Priester,MIL,Westside Marauders,2,1,2,1.6,0.3999999999999999,6.2,5.2,NA,NA,NA,NA,NA,NA,174,10,0,145,4.12,1.31,0,0,0,0,0,0,0,0,NA,57
Dustin May,STL,NA,NA,NA,2,1.6,0.3999999999999999,6.2,NA,NA,NA,NA,NA,NA,NA,156,9,0,141,4.17,1.29,0,0,0,0,0,0,0,0,NA,58
Luis Rengifo,MIL,NA,NA,NA,3.6,3.3,0.30000000000000027,5.9,NA,434,9,45,45,10,0.251,NA,NA,NA,NA,NA,NA,NA,NA,NA,NA,NA,NA,NA,NA,NA,59
Bryce Eldridge,SFG,Blue Socks,2,1,3.6,3.3,0.30000000000000027,5.9,4.9,448,18,45,58,1,0.235,NA,NA,NA,NA,NA,NA,0,1,0,0,0,0,1,0,NA,60
Luis Campusano,SDP,NA,NA,NA,2.2,1.9,0.30000000000000027,5.9,NA,259,8,31,31,1,0.247,NA,NA,NA,NA,NA,NA,1,0,0,0,0,0,0,0,NA,61
Brady Singer,CIN,Erie Lakers,2,2,1.9,1.6,0.2999999999999998,5.9,3.9,NA,NA,NA,NA,NA,NA,169,10,0,160,4.38,1.3,0,0,0,0,0,0,0,0,NA,62
Michael McGreevy,STL,Louisville Sluggers,2,1,1.9,1.6,0.2999999999999998,5.9,4.9,NA,NA,NA,NA,NA,NA,144,9,0,100,3.98,1.27,0,0,0,0,0,0,0,0,NA,63
Logan Henderson,MIL,Free Birds,2,1,1.9,1.6,0.2999999999999998,5.9,4.9,NA,NA,NA,NA,NA,NA,105,7,0,106,4.13,1.22,0,0,0,0,0,0,0,0,NA,64
A.J. Puk,ARI,Blue Socks,Opt,3,1.9,1.6,0.2999999999999998,5.9,2.9,NA,NA,NA,NA,NA,NA,42,3,7,50,3.32,1.17,0,0,0,0,0,0,0,0,NA,65
Mike Yastrzemski,ATL,NA,NA,NA,3.5,3.3,0.20000000000000018,5.6,NA,455,16,56,50,4,0.229,NA,NA,NA,NA,NA,NA,0,0,0,0,0,1,0,0,NA,66
Edouard Julien,COL,NA,NA,NA,3.5,3.3,0.20000000000000018,5.6,NA,434,11,50,43,5,0.249,NA,NA,NA,NA,NA,NA,NA,NA,NA,NA,NA,NA,NA,NA,NA,67
Pedro Pages,STL,Big Red Machine,2,1,2.1,1.9,0.20000000000000018,5.6,4.6,358,10,34,39,1,0.228,NA,NA,NA,NA,NA,NA,1,0,0,0,0,0,0,0,NA,68
Clay Holmes,NYM,NA,NA,NA,1.8,1.6,0.19999999999999996,5.6,NA,NA,NA,NA,NA,NA,NA,153,10,0,125,3.89,1.37,0,0,0,0,0,0,0,0,NA,69
Justin Steele,CHC,Erie Lakers,2027,16,1.8,1.6,0.19999999999999996,5.6,-10.4,NA,NA,NA,NA,NA,NA,81,5,0,76,3.58,1.2,0,0,0,0,0,0,0,0,NA,70
Orion Kerkering,PHI,NA,NA,NA,1.8,1.6,0.19999999999999996,5.6,NA,NA,NA,NA,NA,NA,NA,63,5,1,70,3.48,1.21,0,0,0,0,0,0,0,0,NA,71
Michael Soroka,ARI,NA,NA,NA,1.8,1.6,0.19999999999999996,5.6,NA,NA,NA,NA,NA,NA,NA,96,6,2,96,4.06,1.26,0,0,0,0,0,0,0,0,NA,72
A.J. Minter,NYM,NA,NA,NA,1.8,1.6,0.19999999999999996,5.6,NA,NA,NA,NA,NA,NA,NA,56,4,2,63,3.42,1.18,0,0,0,0,0,0,0,0,NA,73
Nick Gonzales,PIT,Louisville Sluggers,2,9,3.4,3.3,0.10000000000000009,5.3,-3.7,420,8,46,45,2,0.264,NA,NA,NA,NA,NA,NA,0,0,1,0,1,0,0,1,NA,74
Owen Caissie,MIA,Big Red Machine,2,1,3.4,3.3,0.10000000000000009,5.3,4.3,413,13,48,48,4,0.24,NA,NA,NA,NA,NA,NA,0,0,0,0,0,1,0,0,NA,75
Pavin Smith,ARI,Big Red Machine,2,4,3.4,3.3,0.10000000000000009,5.3,1.3,455,13,52,52,3,0.237,NA,NA,NA,NA,NA,NA,0,1,0,0,0,1,1,0,NA,76
Pavin Smith,ARI,Big Red Machine,2,4,3.4,3.3,0.10000000000000009,5.3,1.3,455,13,52,52,3,0.237,NA,NA,NA,NA,NA,NA,0,0,0,0,0,0,0,0,NA,77
Spencer Steer,CIN,Westside Marauders,2,14,3.4,3.3,0.10000000000000009,5.3,-8.7,378,13,44,47,6,0.236,NA,NA,NA,NA,NA,NA,0,1,0,0,0,1,1,0,NA,78
Bubba Chandler,PIT,Big Red Machine,2,4,1.7,1.6,0.09999999999999987,5.3,1.3,NA,NA,NA,NA,NA,NA,147,8,0,135,4.12,1.33,0,0,0,0,0,0,0,0,NA,79
Foster Griffin,WSN,NA,NA,NA,1.7,1.6,0.09999999999999987,5.3,NA,NA,NA,NA,NA,NA,NA,128,7,0,115,4.1,1.27,NA,NA,NA,NA,NA,NA,NA,NA,NA,80
Jameson Taillon,CHC,Westside Marauders,2,4,1.7,1.6,0.09999999999999987,5.3,1.3,NA,NA,NA,NA,NA,NA,153,9,0,118,4.4,1.25,0,0,0,0,0,0,0,0,NA,81
Chad Patrick,MIL,NA,NA,NA,1.7,1.6,0.09999999999999987,5.3,NA,NA,NA,NA,NA,NA,NA,140,8,0,131,4.41,1.27,0,0,0,0,0,0,0,0,NA,82
Landen Roupp,SFG,Hoosiers,2,1,1.7,1.6,0.09999999999999987,5.3,4.3,NA,NA,NA,NA,NA,NA,128,8,0,120,3.95,1.34,0,0,0,0,0,0,0,0,NA,83
Kodai Senga,NYM,NA,NA,NA,1.7,1.6,0.09999999999999987,5.3,NA,NA,NA,NA,NA,NA,NA,119,7,0,119,3.86,1.32,0,0,0,0,0,0,0,0,NA,84
Tyler Mahle,SFG,NA,NA,NA,1.7,1.6,0.09999999999999987,5.3,NA,NA,NA,NA,NA,NA,NA,137,8,0,113,4.05,1.29,0,0,0,0,0,0,0,0,NA,85
Alex Vesia,LAD,Free Birds,2,1,1.7,1.6,0.09999999999999987,5.3,4.3,NA,NA,NA,NA,NA,NA,61,4,1,77,3.55,1.19,0,0,0,0,0,0,0,0,NA,86
Caleb Thielbar,CHC,NA,NA,NA,1.7,1.6,0.09999999999999987,5.3,NA,NA,NA,NA,NA,NA,NA,66,5,1,69,3.63,1.21,0,0,0,0,0,0,0,0,NA,87
Phil Maton,CHC,NA,NA,NA,1.7,1.6,0.09999999999999987,5.3,NA,NA,NA,NA,NA,NA,NA,65,4,4,67,3.76,1.23,0,0,0,0,0,0,0,0,NA,88
Alek Thomas,ARI,Free Birds,2,1,3.3,3.3,0,5,4,420,10,47,45,7,0.243,NA,NA,NA,NA,NA,NA,0,0,0,0,0,1,0,0,NA,89
Carson Benge,NYM,NA,NA,NA,3.3,3.3,0,5,NA,392,9,50,44,8,0.241,NA,NA,NA,NA,NA,NA,0,0,0,0,0,1,0,0,NA,90
Jose Trevino,CIN,NA,NA,NA,1.9,1.9,0,5,NA,282,7,29,29,1,0.24,NA,NA,NA,NA,NA,NA,1,0,0,0,0,0,0,0,NA,91
Joey Bart,PIT,Westside Marauders,2,1,1.9,1.9,0,5,4,301,7,32,31,1,0.238,NA,NA,NA,NA,NA,NA,1,0,0,0,0,0,0,0,NA,92
Henry Davis,PIT,NA,NA,NA,1.9,1.9,0,5,NA,282,8,31,30,4,0.224,NA,NA,NA,NA,NA,NA,1,0,0,0,0,0,0,0,NA,93
Matthew Liberatore,STL,National Pastime,2,1,1.6,1.6,0,5,4,NA,NA,NA,NA,NA,NA,150,9,0,125,4.22,1.31,0,0,0,0,0,0,0,0,NA,94
Dylan Lee,ATL,NA,NA,NA,1.6,1.6,0,5,NA,NA,NA,NA,NA,NA,NA,65,3,1,73,3.55,1.17,0,0,0,0,0,0,0,0,NA,95
Luke Weaver,NYM,NA,NA,NA,1.6,1.6,0,5,NA,NA,NA,NA,NA,NA,NA,67,4,4,73,4,1.24,0,0,0,0,0,0,0,0,NA,96
Jake Mangum,PIT,NA,NA,NA,3.2,3.3,-0.09999999999999964,4.7,NA,315,3,32,30,12,0.282,NA,NA,NA,NA,NA,NA,0,0,0,0,0,1,0,0,NA,97
Braxton Fulford,COL,NA,NA,NA,1.8,1.9,-0.09999999999999987,4.7,NA,205,6,24,25,2,0.244,NA,NA,NA,NA,NA,NA,1,0,0,0,0,0,0,0,NA,98
Liam Hicks,MIA,Free Birds,2,1,1.8,1.9,-0.09999999999999987,4.7,3.7,305,4,30,29,2,0.244,NA,NA,NA,NA,NA,NA,1,1,0,0,0,0,1,0,NA,99
Max Meyer,MIA,Hoosiers,2,1,1.5,1.6,-0.10000000000000009,4.7,3.7,NA,NA,NA,NA,NA,NA,137,8,0,123,4.24,1.32,0,0,0,0,0,0,0,0,NA,100
Jared Koenig,MIL,NA,NA,NA,1.5,1.6,-0.10000000000000009,4.7,NA,NA,NA,NA,NA,NA,NA,65,4,1,66,3.55,1.23,0,0,0,0,0,0,0,0,NA,101
Matt Svanson,STL,NA,NA,NA,1.5,1.6,-0.10000000000000009,4.7,NA,NA,NA,NA,NA,NA,NA,65,3,6,59,3.8,1.3,0,0,0,0,0,0,0,0,NA,102
Jacob Young,WSN,NA,NA,NA,3.1,3.3,-0.19999999999999973,4.4,NA,350,3,40,30,18,0.251,NA,NA,NA,NA,NA,NA,0,0,0,0,0,1,0,0,NA,103
Jared Jones,PIT,Hoosiers,Opt,1,1.4,1.6,-0.20000000000000018,4.4,3.4,NA,NA,NA,NA,NA,NA,88,5,0,86,3.96,1.28,0,0,0,0,0,0,0,0,NA,104
Gregory Soto,PIT,NA,NA,NA,1.4,1.6,-0.20000000000000018,4.4,NA,NA,NA,NA,NA,NA,NA,61,3,4,66,3.69,1.3,0,0,0,0,0,0,0,0,NA,105
Erik Miller,SFG,NA,NA,NA,1.4,1.6,-0.20000000000000018,4.4,NA,NA,NA,NA,NA,NA,NA,62,4,4,67,3.6,1.38,0,0,0,0,0,0,0,0,NA,106
Drey Jameson,ARI,NA,NA,NA,1.4,1.6,-0.20000000000000018,4.4,NA,NA,NA,NA,NA,NA,NA,59,4,5,55,3.88,1.33,0,0,0,0,0,0,0,0,NA,107
JJ Bleday,CIN,NA,NA,NA,3,3.3,-0.2999999999999998,4.1,NA,336,14,42,43,2,0.23,NA,NA,NA,NA,NA,NA,0,0,0,0,0,1,0,0,NA,108
Joe Mack,MIA,NA,NA,NA,1.6,1.9,-0.2999999999999998,4.1,NA,263,8,29,30,2,0.219,NA,NA,NA,NA,NA,NA,1,0,0,0,0,0,0,0,NA,109
Harry Ford,WSN,NA,NA,NA,1.6,1.9,-0.2999999999999998,4.1,NA,238,5,28,24,4,0.232,NA,NA,NA,NA,NA,NA,1,0,0,0,0,0,0,0,NA,110
Yohel Pozo,STL,NA,NA,NA,1.6,1.9,-0.2999999999999998,4.1,NA,167,5,17,21,1,0.264,NA,NA,NA,NA,NA,NA,1,0,0,0,0,0,0,0,NA,111
Grant Holmes,ATL,Big Red Machine,2,5,1.3,1.6,-0.30000000000000004,4.1,-0.9,NA,NA,NA,NA,NA,NA,116,7,0,111,4.16,1.35,0,0,0,0,0,0,0,0,NA,112
Robert Gasser,MIL,NA,NA,NA,1.3,1.6,-0.30000000000000004,4.1,NA,NA,NA,NA,NA,NA,NA,84,5,0,78,4.06,1.26,0,0,0,0,0,0,0,0,NA,113
Graham Ashcraft,CIN,NA,NA,NA,1.3,1.6,-0.30000000000000004,4.1,NA,NA,NA,NA,NA,NA,NA,65,5,2,59,3.88,1.29,0,0,0,0,0,0,0,0,NA,114
Blake Treinen,LAD,NA,NA,NA,1.3,1.6,-0.30000000000000004,4.1,NA,NA,NA,NA,NA,NA,NA,58,5,1,65,3.94,1.28,0,0,0,0,0,0,0,0,NA,115
Sam Hentges,SFG,NA,NA,NA,1.3,1.6,-0.30000000000000004,4.1,NA,NA,NA,NA,NA,NA,NA,54,3,0,53,3.28,1.22,0,0,0,0,0,0,0,0,NA,116
Jason Adam,SDP,Free Birds,2,5,1.3,1.6,-0.30000000000000004,4.1,-0.9,NA,NA,NA,NA,NA,NA,51,3,0,54,3.52,1.19,0,0,0,0,0,0,0,0,NA,117
Paul Sewald,ARI,NA,NA,NA,1.3,1.6,-0.30000000000000004,4.1,NA,NA,NA,NA,NA,NA,NA,58,3,8,57,4.53,1.26,NA,NA,NA,NA,NA,NA,NA,NA,NA,118
Jordan Lawlar,ARI,Westside Marauders,2,2,2.9,3.3,-0.3999999999999999,3.8,1.8,329,7,40,35,12,0.237,NA,NA,NA,NA,NA,NA,0,0,0,1,1,0,1,1,NA,119
Nasim Nunez,WSN,NA,NA,NA,2.9,3.3,-0.3999999999999999,3.8,NA,315,3,36,26,24,0.227,NA,NA,NA,NA,NA,NA,0,0,1,0,1,0,0,1,NA,120
Troy Johnston,COL,Louisville Sluggers,2,1,2.9,3.3,-0.3999999999999999,3.8,2.8,273,7,31,33,8,0.262,NA,NA,NA,NA,NA,NA,0,1,0,0,0,1,1,0,NA,121
Cade Cavalli,WSN,Hoosiers,2,1,1.2,1.6,-0.40000000000000013,3.8,2.8,NA,NA,NA,NA,NA,NA,135,7,0,115,4.2,1.33,0,0,0,0,0,0,0,0,NA,122
Eduardo Rodriguez,ARI,NA,NA,NA,1.2,1.6,-0.40000000000000013,3.8,NA,NA,NA,NA,NA,NA,NA,124,8,0,110,4.24,1.36,0,0,0,0,0,0,0,0,NA,123
Brooks Raley,NYM,NA,NA,NA,1.2,1.6,-0.40000000000000013,3.8,NA,NA,NA,NA,NA,NA,NA,62,3,1,61,3.81,1.23,0,0,0,0,0,0,0,0,NA,124
Cole Henry,WSN,NA,NA,NA,1.2,1.6,-0.40000000000000013,3.8,NA,NA,NA,NA,NA,NA,NA,64,2,16,60,4.94,1.46,0,0,0,0,0,0,0,0,NA,125
Thomas Saggese,STL,Westside Marauders,2,1,2.8,3.3,-0.5,3.6,2.6,371,8,40,39,4,0.249,NA,NA,NA,NA,NA,NA,0,0,1,1,1,0,1,1,NA,126
Jake Bauers,MIL,NA,NA,NA,2.8,3.3,-0.5,3.6,NA,315,13,37,38,8,0.216,NA,NA,NA,NA,NA,NA,0,1,0,0,0,1,1,0,NA,127
Carmen Mlodzinski,PIT,NA,NA,NA,1.1,1.6,-0.5,3.6,NA,NA,NA,NA,NA,NA,NA,68,4,0,60,3.73,1.3,0,0,0,0,0,0,0,0,NA,128
Brusdar Graterol,LAD,NA,NA,NA,1.1,1.6,-0.5,3.6,NA,NA,NA,NA,NA,NA,NA,55,3,0,47,3.54,1.21,0,0,0,0,0,0,0,0,NA,129
Aaron Bummer,ATL,NA,NA,NA,1.1,1.6,-0.5,3.6,NA,NA,NA,NA,NA,NA,NA,60,4,0,62,3.57,1.32,0,0,0,0,0,0,0,0,NA,130
Aaron Ashby,MIL,NA,NA,NA,1.1,1.6,-0.5,3.6,NA,NA,NA,NA,NA,NA,NA,64,4,1,67,3.72,1.37,0,0,0,0,0,0,0,0,NA,131
Andrew Nardi,MIA,NA,NA,NA,1.1,1.6,-0.5,3.6,NA,NA,NA,NA,NA,NA,NA,56,3,0,67,3.71,1.26,0,0,0,0,0,0,0,0,NA,132
Mason Montgomery,PIT,NA,NA,NA,1.1,1.6,-0.5,3.6,NA,NA,NA,NA,NA,NA,NA,60,3,2,63,3.87,1.31,0,0,0,0,0,0,0,0,NA,133
Calvin Faucher,MIA,Blue Socks,2,3,1.1,1.6,-0.5,3.6,0.6,NA,NA,NA,NA,NA,NA,64,3,5,64,4,1.38,0,0,0,0,0,0,0,0,NA,134
Angel Zerpa,MIL,NA,NA,NA,1.1,1.6,-0.5,3.6,NA,NA,NA,NA,NA,NA,NA,60,3,0,57,3.61,1.25,0,0,0,0,0,0,0,0,NA,135
Julian Fernandez,WSN,NA,NA,NA,1.1,1.6,-0.5,3.6,NA,NA,NA,NA,NA,NA,NA,59,3,2,59,3.96,1.28,0,0,0,0,0,0,0,0,NA,136
Julian Fernandez,WSN,NA,NA,NA,1.1,1.6,-0.5,3.6,NA,NA,NA,NA,NA,NA,NA,59,3,2,59,3.96,1.28,0,0,0,1,0,0,1,0,NA,137
Christopher Morel,MIA,NA,NA,NA,2.7,3.3,-0.5999999999999996,3.3,NA,315,13,37,39,6,0.223,NA,NA,NA,NA,NA,NA,0,0,1,1,0,1,1,1,NA,138
Dalton Rushing,LAD,Blue Socks,2,3,1.3,1.9,-0.5999999999999999,3.3,0.3,169,6,21,22,1,0.228,NA,NA,NA,NA,NA,NA,1,0,0,0,0,1,0,0,NA,139
Kyle Leahy,STL,NA,NA,NA,1,1.6,-0.6000000000000001,3.3,NA,NA,NA,NA,NA,NA,NA,132,6,0,108,4.19,1.35,0,0,0,0,0,0,0,0,NA,140
Kyle Harrison,MIL,NA,NA,NA,1,1.6,-0.6000000000000001,3.3,NA,NA,NA,NA,NA,NA,NA,89,5,0,89,4.25,1.32,NA,NA,NA,NA,NA,NA,NA,NA,NA,141
Corbin Burnes,ARI,Hoosiers,2,27,1,1.6,-0.6000000000000001,3.3,-23.7,NA,NA,NA,NA,NA,NA,39,3,0,37,3.51,1.21,0,0,0,0,0,0,0,0,NA,142
JP Sears,SDP,NA,NA,NA,1,1.6,-0.6000000000000001,3.3,NA,NA,NA,NA,NA,NA,NA,128,7,0,110,4.67,1.27,0,0,0,0,0,0,0,0,NA,143
Tony Santillan,CIN,Erie Lakers,2,1,1,1.6,-0.6000000000000001,3.3,2.3,NA,NA,NA,NA,NA,NA,70,3,4,73,4.27,1.34,0,0,0,0,0,0,0,0,NA,144
Tyler Kinley,ATL,NA,NA,NA,1,1.6,-0.6000000000000001,3.3,NA,NA,NA,NA,NA,NA,NA,63,4,0,70,4.02,1.29,0,0,0,0,0,0,0,0,NA,145
Tanner Banks,PHI,NA,NA,NA,1,1.6,-0.6000000000000001,3.3,NA,NA,NA,NA,NA,NA,NA,62,3,0,58,3.85,1.23,0,0,0,0,0,0,0,0,NA,146
Ryan Thompson,ARI,NA,NA,NA,1,1.6,-0.6000000000000001,3.3,NA,NA,NA,NA,NA,NA,NA,64,4,1,52,3.81,1.3,0,0,0,0,0,0,0,0,NA,147
Jose Butto,SFG,NA,NA,NA,1,1.6,-0.6000000000000001,3.3,NA,NA,NA,NA,NA,NA,NA,61,3,2,56,3.89,1.31,0,0,0,0,0,0,0,0,NA,148
Adrian Del Castillo,ARI,NA,NA,NA,1.2,1.9,-0.7,3,NA,172,5,18,20,1,0.231,NA,NA,NA,NA,NA,NA,1,0,0,0,0,0,0,0,NA,149
Adrian Houser,SFG,NA,NA,NA,0.9,1.6,-0.7000000000000001,3,NA,NA,NA,NA,NA,NA,NA,147,8,0,105,4.23,1.38,0,0,0,0,0,0,0,0,NA,150
Robby Snelling,MIA,NA,NA,NA,0.9,1.6,-0.7000000000000001,3,NA,NA,NA,NA,NA,NA,NA,86,5,0,74,4.03,1.34,0,0,0,0,0,0,0,0,NA,151
Janson Junk,MIA,NA,NA,NA,0.9,1.6,-0.7000000000000001,3,NA,NA,NA,NA,NA,NA,NA,95,5,0,69,4.34,1.27,0,0,0,0,0,0,0,0,NA,152
Brock Burke,CIN,NA,NA,NA,0.9,1.6,-0.7000000000000001,3,NA,NA,NA,NA,NA,NA,NA,62,4,1,58,4.17,1.29,NA,NA,NA,NA,NA,NA,NA,NA,NA,153
Ryne Stanek,STL,NA,NA,NA,0.9,1.6,-0.7000000000000001,3,NA,NA,NA,NA,NA,NA,NA,60,4,2,61,4.07,1.37,NA,NA,NA,NA,NA,NA,NA,NA,NA,154
PJ Poulin,WSN,NA,NA,NA,0.9,1.6,-0.7000000000000001,3,NA,NA,NA,NA,NA,NA,NA,61,4,2,59,4.08,1.35,0,0,0,0,0,0,0,0,NA,155
Mauricio Dubon,ATL,NA,NA,NA,2.5,3.3,-0.7999999999999998,2.7,NA,336,5,37,33,3,0.258,NA,NA,NA,NA,NA,NA,0,1,1,1,1,1,1,1,NA,156
Griffin Conine,MIA,Melonheads,2,1,2.5,3.3,-0.7999999999999998,2.7,1.7,385,13,42,45,1,0.222,NA,NA,NA,NA,NA,NA,0,0,0,0,0,1,0,0,NA,157
Heriberto Hernandez,MIA,Hoosiers,2,1,2.5,3.3,-0.7999999999999998,2.7,1.7,350,12,40,42,3,0.223,NA,NA,NA,NA,NA,NA,0,0,0,0,0,1,0,0,NA,158
Drew Millas,WSN,NA,NA,NA,1.1,1.9,-0.7999999999999998,2.7,NA,141,2,15,14,3,0.248,NA,NA,NA,NA,NA,NA,1,0,0,0,0,0,0,0,NA,159
Brad Lord,WSN,NA,NA,NA,0.8,1.6,-0.8,2.7,NA,NA,NA,NA,NA,NA,NA,147,8,0,111,4.46,1.36,0,0,0,0,0,0,0,0,NA,160
Hurston Waldrep,ATL,Free Birds,2,1,0.8,1.6,-0.8,2.7,1.7,NA,NA,NA,NA,NA,NA,123,8,0,109,4.29,1.41,0,0,0,0,0,0,0,0,NA,161
Jordan Wicks,CHC,NA,NA,NA,0.8,1.6,-0.8,2.7,NA,NA,NA,NA,NA,NA,NA,44,3,0,40,3.86,1.27,0,0,0,0,0,0,0,0,NA,162
Brad Keller,PHI,Big Red Machine,2,1,0.8,1.6,-0.8,2.7,1.7,NA,NA,NA,NA,NA,NA,68,4,2,61,4.19,1.35,0,0,0,0,0,0,0,0,NA,163
Brad Keller,PHI,Big Red Machine,2,1,0.8,1.6,-0.8,2.7,1.7,NA,NA,NA,NA,NA,NA,68,4,2,61,4.19,1.35,0,0,0,0,0,0,0,0,NA,164
Hoby Milner,CHC,NA,NA,NA,0.8,1.6,-0.8,2.7,NA,NA,NA,NA,NA,NA,NA,60,3,0,50,3.91,1.29,0,0,0,0,0,0,0,0,NA,165
Isaac Mattson,PIT,NA,NA,NA,0.8,1.6,-0.8,2.7,NA,NA,NA,NA,NA,NA,NA,64,4,2,60,4.26,1.38,0,0,0,0,0,0,0,0,NA,166
Brock Stewart,LAD,NA,NA,NA,0.8,1.6,-0.8,2.7,NA,NA,NA,NA,NA,NA,NA,38,2,0,44,3.81,1.24,0,0,0,0,0,0,0,0,NA,167
David Morgan,SDP,NA,NA,NA,0.8,1.6,-0.8,2.7,NA,NA,NA,NA,NA,NA,NA,62,3,0,63,4.04,1.3,0,0,0,0,0,0,0,0,NA,168
Tyler Austin,CHC,NA,NA,NA,2.4,3.3,-0.8999999999999999,2.4,NA,252,10,31,35,1,0.247,NA,NA,NA,NA,NA,NA,NA,NA,NA,NA,NA,NA,NA,NA,NA,169
Otto Kemp,PHI,NA,NA,NA,2.4,3.3,-0.8999999999999999,2.4,NA,273,8,33,35,5,0.234,NA,NA,NA,NA,NA,NA,0,1,1,1,0,1,1,1,NA,170
Bryce Elder,ATL,Hoosiers,2,1,0.7,1.6,-0.9000000000000001,2.4,1.4,NA,NA,NA,NA,NA,NA,110,6,0,92,4.42,1.35,0,0,0,0,0,0,0,0,NA,171
Brandon Sproat,MIL,Free Birds,2,1,0.7,1.6,-0.9000000000000001,2.4,1.4,NA,NA,NA,NA,NA,NA,69,4,0,59,4.19,1.33,0,0,0,0,0,0,0,0,NA,172
Richard Fitts,STL,NA,NA,NA,0.7,1.6,-0.9000000000000001,2.4,NA,NA,NA,NA,NA,NA,NA,104,5,0,79,4.38,1.32,0,0,0,0,0,0,0,0,NA,173
Pierce Johnson,CIN,NA,NA,NA,0.7,1.6,-0.9000000000000001,2.4,NA,NA,NA,NA,NA,NA,NA,61,3,1,67,4.25,1.34,NA,NA,NA,NA,NA,NA,NA,NA,NA,174
Tobias Myers,NYM,NA,NA,NA,0.7,1.6,-0.9000000000000001,2.4,NA,NA,NA,NA,NA,NA,NA,59,3,0,49,4.19,1.29,0,0,0,0,0,0,0,0,NA,175
Wandy Peralta,SDP,NA,NA,NA,0.7,1.6,-0.9000000000000001,2.4,NA,NA,NA,NA,NA,NA,NA,59,3,0,52,3.84,1.34,0,0,0,0,0,0,0,0,NA,176
Jason Foley,SFG,NA,NA,NA,0.7,1.6,-0.9000000000000001,2.4,NA,NA,NA,NA,NA,NA,NA,34,2,0,29,3.43,1.23,0,0,0,0,0,0,0,0,NA,177
Evan Phillips,LAD,Free Birds,2,1,0.7,1.6,-0.9000000000000001,2.4,1.4,NA,NA,NA,NA,NA,NA,28,2,0,30,3.45,1.16,0,0,0,0,0,0,0,0,NA,178
Joel Payamps,ATL,NA,NA,NA,0.7,1.6,-0.9000000000000001,2.4,NA,NA,NA,NA,NA,NA,NA,53,3,0,48,4.07,1.29,0,0,0,0,0,0,0,0,NA,179
Jack Dreyer,LAD,NA,NA,NA,0.7,1.6,-0.9000000000000001,2.4,NA,NA,NA,NA,NA,NA,NA,52,3,0,52,4.13,1.28,0,0,0,0,0,0,0,0,NA,180
Grant Anderson,MIL,NA,NA,NA,0.7,1.6,-0.9000000000000001,2.4,NA,NA,NA,NA,NA,NA,NA,56,3,0,57,4.12,1.3,0,0,0,0,0,0,0,0,NA,181
Porter Hodge,CHC,NA,NA,NA,0.7,1.6,-0.9000000000000001,2.4,NA,NA,NA,NA,NA,NA,NA,50,3,0,56,4.02,1.35,0,0,0,0,0,0,0,0,NA,182
Josh White,MIA,NA,NA,NA,0.7,1.6,-0.9000000000000001,2.4,NA,NA,NA,NA,NA,NA,NA,47,3,0,47,3.96,1.3,NA,NA,NA,NA,NA,NA,NA,NA,NA,183
Dylan Dodd,ATL,NA,NA,NA,0.7,1.6,-0.9000000000000001,2.4,NA,NA,NA,NA,NA,NA,NA,46,3,0,39,4,1.27,0,0,0,0,0,0,0,0,NA,184
Joel Peguero,SFG,NA,NA,NA,0.7,1.6,-0.9000000000000001,2.4,NA,NA,NA,NA,NA,NA,NA,64,3,6,50,4.4,1.43,0,0,0,0,0,0,0,0,NA,185
Jose Tena,WSN,NA,NA,NA,2.3,3.3,-1,2.1,NA,266,5,28,27,8,0.253,NA,NA,NA,NA,NA,NA,0,0,0,1,0,0,1,0,NA,186
Carlos Santana,ARI,Melonheads,2,9,2.3,3.3,-1,2.1,-6.9,357,10,38,40,3,0.224,NA,NA,NA,NA,NA,NA,0,1,0,0,0,0,1,0,NA,187
Andre Pallante,STL,NA,NA,NA,0.6,1.6,-1,2.1,NA,NA,NA,NA,NA,NA,NA,143,8,0,100,4.25,1.42,0,0,0,0,0,0,0,0,NA,188
Hunter Barco,PIT,NA,NA,NA,0.6,1.6,-1,2.1,NA,NA,NA,NA,NA,NA,NA,89,4,0,81,4.18,1.38,0,0,0,0,0,0,0,0,NA,189
Justin Wrobleski,LAD,NA,NA,NA,0.6,1.6,-1,2.1,NA,NA,NA,NA,NA,NA,NA,53,3,0,49,4.24,1.29,0,0,0,0,0,0,0,0,NA,190
Luis Garcia,NYM,NA,NA,NA,0.6,1.6,-1,2.1,NA,NA,NA,NA,NA,NA,NA,59,3,0,53,3.91,1.36,NA,NA,NA,NA,NA,NA,NA,NA,NA,191
Caleb Ferguson,CIN,NA,NA,NA,0.6,1.6,-1,2.1,NA,NA,NA,NA,NA,NA,NA,58,3,0,55,4.21,1.32,0,0,0,0,0,0,0,0,NA,192
Coleman Crow,MIL,NA,NA,NA,0.6,1.6,-1,2.1,NA,NA,NA,NA,NA,NA,NA,33,2,0,31,3.91,1.24,NA,NA,NA,NA,NA,NA,NA,NA,NA,193
Christian Scott,NYM,NA,NA,NA,0.6,1.6,-1,2.1,NA,NA,NA,NA,NA,NA,NA,38,2,0,36,4.06,1.21,0,0,0,0,0,0,0,0,NA,194
Jonathan Bowlan,PHI,NA,NA,NA,0.6,1.6,-1,2.1,NA,NA,NA,NA,NA,NA,NA,56,3,0,53,4.15,1.3,0,0,0,0,0,0,0,0,NA,195
Huascar Brazoban,NYM,NA,NA,NA,0.6,1.6,-1,2.1,NA,NA,NA,NA,NA,NA,NA,56,3,0,53,4.08,1.37,0,0,0,0,0,0,0,0,NA,196
Justin Martinez,ARI,Erie Lakers,2,10,0.6,1.6,-1,2.1,-7.9,NA,NA,NA,NA,NA,NA,22,2,0,28,3.21,1.3,0,0,0,0,0,0,0,0,NA,197
Ian Hamilton,ATL,NA,NA,NA,0.6,1.6,-1,2.1,NA,NA,NA,NA,NA,NA,NA,50,2,0,52,3.73,1.34,0,0,0,0,0,0,0,0,NA,198
Rob Zastryzny,MIL,NA,NA,NA,0.6,1.6,-1,2.1,NA,NA,NA,NA,NA,NA,NA,50,3,0,46,4.1,1.31,0,0,0,0,0,0,0,0,NA,199
Javier Assad,CHC,NA,NA,NA,0.6,1.6,-1,2.1,NA,NA,NA,NA,NA,NA,NA,61,3,0,51,4.06,1.33,0,0,0,0,0,0,0,0,NA,200
Austin Warren,NYM,NA,NA,NA,0.6,1.6,-1,2.1,NA,NA,NA,NA,NA,NA,NA,50,4,0,45,4.28,1.32,0,0,0,0,0,0,0,0,NA,201
Yohan Ramirez,PIT,NA,NA,NA,0.6,1.6,-1,2.1,NA,NA,NA,NA,NA,NA,NA,56,3,0,57,4.18,1.34,0,0,0,0,0,0,0,0,NA,202
Jonathan Loaisiga,ARI,NA,NA,NA,0.6,1.6,-1,2.1,NA,NA,NA,NA,NA,NA,NA,35,2,0,30,3.61,1.29,NA,NA,NA,NA,NA,NA,NA,NA,NA,203
Ryan Fernandez,STL,NA,NA,NA,0.6,1.6,-1,2.1,NA,NA,NA,NA,NA,NA,NA,44,3,0,45,4.01,1.34,0,0,0,0,0,0,0,0,NA,204
Ryan Fernandez,STL,NA,NA,NA,0.6,1.6,-1,2.1,NA,NA,NA,NA,NA,NA,NA,44,3,0,45,4.01,1.34,0,0,0,1,0,0,1,0,NA,205
Tyler Phillips,MIA,NA,NA,NA,0.6,1.6,-1,2.1,NA,NA,NA,NA,NA,NA,NA,68,3,3,50,4.23,1.37,0,0,0,0,0,0,0,0,NA,206
DL Hall,MIL,NA,NA,NA,0.6,1.6,-1,2.1,NA,NA,NA,NA,NA,NA,NA,52,3,0,52,4.02,1.35,0,0,0,0,0,0,0,0,NA,207
Jacob Webb,CHC,NA,NA,NA,0.6,1.6,-1,2.1,NA,NA,NA,NA,NA,NA,NA,54,3,0,51,4.27,1.29,0,0,0,0,0,0,0,0,NA,208
Craig Yoho,MIL,NA,NA,NA,0.6,1.6,-1,2.1,NA,NA,NA,NA,NA,NA,NA,42,3,0,44,4,1.32,0,0,0,0,0,0,0,0,NA,209
Adbert Alzolay,NYM,NA,NA,NA,0.6,1.6,-1,2.1,NA,NA,NA,NA,NA,NA,NA,44,2,0,41,4.08,1.25,0,0,0,0,0,0,0,0,NA,210
Justin Bruihl,STL,NA,NA,NA,0.6,1.6,-1,2.1,NA,NA,NA,NA,NA,NA,NA,54,3,0,47,4.07,1.35,0,0,0,0,0,0,0,0,NA,211
Kade Strowd,ARI,NA,NA,NA,0.6,1.6,-1,2.1,NA,NA,NA,NA,NA,NA,NA,60,3,3,55,4.21,1.41,NA,NA,NA,NA,NA,NA,NA,NA,NA,212
Edmundo Sosa,PHI,Big Red Machine,2,1,2.2,3.3,-1.0999999999999996,1.8,0.8,245,7,28,30,3,0.253,NA,NA,NA,NA,NA,NA,0,0,1,1,1,0,1,1,NA,213
Sung-Mun Song,SDP,NA,NA,NA,2.2,3.3,-1.0999999999999996,1.8,NA,266,6,29,27,6,0.243,NA,NA,NA,NA,NA,NA,NA,NA,NA,NA,NA,NA,NA,NA,NA,214
David Hamilton,MIL,NA,NA,NA,2.2,3.3,-1.0999999999999996,1.8,NA,189,5,24,19,16,0.223,NA,NA,NA,NA,NA,NA,NA,NA,NA,NA,NA,NA,NA,NA,NA,215
Dane Myers,CIN,NA,NA,NA,2.2,3.3,-1.0999999999999996,1.8,NA,231,6,25,27,8,0.245,NA,NA,NA,NA,NA,NA,0,0,0,0,0,1,0,0,NA,216
Jhostynxon Garcia,PIT,NA,NA,NA,2.2,3.3,-1.0999999999999996,1.8,NA,315,9,36,33,3,0.231,NA,NA,NA,NA,NA,NA,0,0,0,0,0,1,0,0,NA,217
Jimmy Herget,COL,NA,NA,NA,0.5,1.6,-1.1,1.8,NA,NA,NA,NA,NA,NA,NA,77,3,2,70,4.58,1.34,0,0,0,0,0,0,0,0,NA,218
Juan Mejia,COL,NA,NA,NA,0.5,1.6,-1.1,1.8,NA,NA,NA,NA,NA,NA,NA,66,3,3,68,4.57,1.41,0,0,0,0,0,0,0,0,NA,219
Keaton Winn,SFG,NA,NA,NA,0.5,1.6,-1.1,1.8,NA,NA,NA,NA,NA,NA,NA,36,2,0,33,3.93,1.28,0,0,0,0,0,0,0,0,NA,220
Matt Gage,SFG,NA,NA,NA,0.5,1.6,-1.1,1.8,NA,NA,NA,NA,NA,NA,NA,56,2,0,47,3.88,1.35,0,0,0,0,0,0,0,0,NA,221
Yuki Matsui,SDP,NA,NA,NA,0.5,1.6,-1.1,1.8,NA,NA,NA,NA,NA,NA,NA,53,2,0,54,4.11,1.35,0,0,0,0,0,0,0,0,NA,222
Gordon Graceffo,STL,NA,NA,NA,0.5,1.6,-1.1,1.8,NA,NA,NA,NA,NA,NA,NA,58,3,0,46,4.22,1.32,0,0,0,0,0,0,0,0,NA,223
Bradgley Rodriguez,SDP,NA,NA,NA,0.5,1.6,-1.1,1.8,NA,NA,NA,NA,NA,NA,NA,50,3,0,46,4.15,1.37,0,0,0,0,0,0,0,0,NA,224
Bryan Hudson,NYM,NA,NA,NA,0.5,1.6,-1.1,1.8,NA,NA,NA,NA,NA,NA,NA,52,2,0,50,4,1.33,NA,NA,NA,NA,NA,NA,NA,NA,NA,225
Richard Lovelady,WSN,NA,NA,NA,0.5,1.6,-1.1,1.8,NA,NA,NA,NA,NA,NA,NA,52,2,0,47,4.11,1.31,0,0,0,0,0,0,0,0,NA,226
Hayden Harris,ATL,NA,NA,NA,0.5,1.6,-1.1,1.8,NA,NA,NA,NA,NA,NA,NA,42,2,0,46,4.05,1.31,0,0,0,0,0,0,0,0,NA,227
Tristan Beck,SFG,NA,NA,NA,0.5,1.6,-1.1,1.8,NA,NA,NA,NA,NA,NA,NA,40,2,0,34,4.07,1.29,0,0,0,0,0,0,0,0,NA,228
Lake Bachar,MIA,NA,NA,NA,0.5,1.6,-1.1,1.8,NA,NA,NA,NA,NA,NA,NA,48,3,0,48,4.23,1.34,0,0,0,0,0,0,0,0,NA,229
Andrew Hoffmann,ARI,NA,NA,NA,0.5,1.6,-1.1,1.8,NA,NA,NA,NA,NA,NA,NA,40,3,0,35,4.12,1.37,0,0,0,0,0,0,0,0,NA,230
Matt Pushard,STL,NA,NA,NA,0.5,1.6,-1.1,1.8,NA,NA,NA,NA,NA,NA,NA,52,3,0,45,4.22,1.35,NA,NA,NA,NA,NA,NA,NA,NA,NA,231
Graham Pauley,MIA,NA,NA,NA,2.1,3.3,-1.1999999999999997,1.5,NA,301,8,34,33,4,0.229,NA,NA,NA,NA,NA,NA,0,0,0,1,0,0,1,0,NA,232
Andres Chaparro,WSN,NA,NA,NA,2.1,3.3,-1.1999999999999997,1.5,NA,259,9,28,32,1,0.239,NA,NA,NA,NA,NA,NA,0,1,0,0,0,0,1,0,NA,233
Tyrone Taylor,NYM,NA,NA,NA,2.1,3.3,-1.1999999999999997,1.5,NA,280,6,32,28,7,0.232,NA,NA,NA,NA,NA,NA,0,0,0,0,0,1,0,0,NA,234
Hunter Dobbins,STL,NA,NA,NA,0.4,1.6,-1.2000000000000002,1.5,NA,NA,NA,NA,NA,NA,NA,96,5,0,68,4.46,1.36,0,0,0,0,0,0,0,0,NA,235
Trevor McDonald,SFG,NA,NA,NA,0.4,1.6,-1.2000000000000002,1.5,NA,NA,NA,NA,NA,NA,NA,62,3,0,48,4.22,1.35,0,0,0,0,0,0,0,0,NA,236
Kyle Hurt,LAD,NA,NA,NA,0.4,1.6,-1.2000000000000002,1.5,NA,NA,NA,NA,NA,NA,NA,42,3,0,44,4.37,1.38,0,0,0,0,0,0,0,0,NA,237
Kyle Hurt,LAD,NA,NA,NA,0.4,1.6,-1.2000000000000002,1.5,NA,NA,NA,NA,NA,NA,NA,42,3,0,44,4.37,1.38,0,0,0,0,0,0,0,0,NA,238
Kyle Hart,SDP,NA,NA,NA,0.4,1.6,-1.2000000000000002,1.5,NA,NA,NA,NA,NA,NA,NA,57,3,0,49,4.47,1.35,0,0,0,0,0,0,0,0,NA,239
Kyle Hart,SDP,NA,NA,NA,0.4,1.6,-1.2000000000000002,1.5,NA,NA,NA,NA,NA,NA,NA,57,3,0,49,4.47,1.35,0,0,0,0,0,0,0,0,NA,240
Joey Wentz,ATL,NA,NA,NA,0.4,1.6,-1.2000000000000002,1.5,NA,NA,NA,NA,NA,NA,NA,52,3,0,51,4.41,1.39,0,0,0,0,0,0,0,0,NA,241
DJ Herz,WSN,NA,NA,NA,0.4,1.6,-1.2000000000000002,1.5,NA,NA,NA,NA,NA,NA,NA,28,2,0,30,4.07,1.35,0,0,0,0,0,0,0,0,NA,242
Jonathan Pintaro,NYM,NA,NA,NA,0.4,1.6,-1.2000000000000002,1.5,NA,NA,NA,NA,NA,NA,NA,32,2,0,30,3.96,1.33,0,0,0,0,0,0,0,0,NA,243
Evan Sisk,PIT,NA,NA,NA,0.4,1.6,-1.2000000000000002,1.5,NA,NA,NA,NA,NA,NA,NA,52,2,0,49,3.92,1.37,0,0,0,0,0,0,0,0,NA,244
Jaden Hill,COL,NA,NA,NA,0.4,1.6,-1.2000000000000002,1.5,NA,NA,NA,NA,NA,NA,NA,52,3,0,51,4.52,1.37,0,0,0,0,0,0,0,0,NA,245
John King,MIA,NA,NA,NA,0.4,1.6,-1.2000000000000002,1.5,NA,NA,NA,NA,NA,NA,NA,52,3,0,33,3.91,1.39,NA,NA,NA,NA,NA,NA,NA,NA,NA,246
Justin Hagenman,NYM,NA,NA,NA,0.4,1.6,-1.2000000000000002,1.5,NA,NA,NA,NA,NA,NA,NA,27,1,0,24,4.11,1.2,0,0,0,0,0,0,0,0,NA,247
Ethan Roberts,CHC,NA,NA,NA,0.4,1.6,-1.2000000000000002,1.5,NA,NA,NA,NA,NA,NA,NA,42,2,0,42,4.29,1.34,0,0,0,0,0,0,0,0,NA,248
Taylor Clarke,ARI,NA,NA,NA,0.4,1.6,-1.2000000000000002,1.5,NA,NA,NA,NA,NA,NA,NA,56,2,0,45,4.2,1.31,NA,NA,NA,NA,NA,NA,NA,NA,NA,249
Nick Raquet,STL,NA,NA,NA,0.4,1.6,-1.2000000000000002,1.5,NA,NA,NA,NA,NA,NA,NA,38,3,0,30,4.17,1.35,0,0,0,0,0,0,0,0,NA,250
Garrett Hawkins,SDP,NA,NA,NA,0.4,1.6,-1.2000000000000002,1.5,NA,NA,NA,NA,NA,NA,NA,28,2,0,29,4.2,1.33,NA,NA,NA,NA,NA,NA,NA,NA,NA,251
Reiver Sanmartin,SFG,NA,NA,NA,0.4,1.6,-1.2000000000000002,1.5,NA,NA,NA,NA,NA,NA,NA,44,3,0,32,4.04,1.38,0,0,0,0,0,0,0,0,NA,252
Spencer Bivens,SFG,NA,NA,NA,0.4,1.6,-1.2000000000000002,1.5,NA,NA,NA,NA,NA,NA,NA,70,3,1,52,4.23,1.36,0,0,0,0,0,0,0,0,NA,253
Jose Fermin,STL,NA,NA,NA,2,3.3,-1.2999999999999998,1.2,NA,245,4,29,25,8,0.242,NA,NA,NA,NA,NA,NA,0,0,1,1,0,0,1,1,NA,254
Matt Shaw,CHC,Free Birds,2,12,2,3.3,-1.2999999999999998,1.2,-10.8,196,6,25,23,7,0.244,NA,NA,NA,NA,NA,NA,0,0,1,1,1,0,1,1,NA,255
Will Benson,CIN,Louisville Sluggers,2,1,2,3.3,-1.2999999999999998,1.2,0.2,217,8,27,26,5,0.225,NA,NA,NA,NA,NA,NA,0,0,0,0,0,1,0,0,NA,256
Rafael Marchan,PHI,NA,NA,NA,0.6,1.9,-1.2999999999999998,1.2,NA,128,2,13,13,0,0.231,NA,NA,NA,NA,NA,NA,1,0,0,0,0,0,0,0,NA,257
Jimmy Crooks,STL,NA,NA,NA,0.6,1.9,-1.2999999999999998,1.2,NA,96,2,10,10,0,0.238,NA,NA,NA,NA,NA,NA,1,0,0,0,0,0,0,0,NA,258
Daniel Susac,SFG,NA,NA,NA,0.6,1.9,-1.2999999999999998,1.2,NA,77,2,7,9,1,0.235,NA,NA,NA,NA,NA,NA,1,0,0,0,0,0,0,0,NA,259
Miles Mikolas,WSN,Free At Last,2,1,0.3,1.6,-1.3,1.2,0.2,NA,NA,NA,NA,NA,NA,141,7,0,93,4.77,1.34,0,0,0,0,0,0,0,0,NA,260
Chris Paddack,MIA,NA,NA,NA,0.3,1.6,-1.3,1.2,NA,NA,NA,NA,NA,NA,NA,133,6,0,102,4.82,1.32,NA,NA,NA,NA,NA,NA,NA,NA,NA,261
Andrew Alvarez,WSN,Erie Lakers,2,1,0.3,1.6,-1.3,1.2,0.2,NA,NA,NA,NA,NA,NA,104,5,0,76,4.34,1.42,0,0,0,0,0,0,0,0,NA,262
Rhett Lowder,CIN,NA,NA,NA,0.3,1.6,-1.3,1.2,NA,NA,NA,NA,NA,NA,NA,82,4,0,65,4.58,1.34,0,0,0,0,0,0,0,0,NA,263
Mitchell Parker,WSN,Free At Last,2,2,0.3,1.6,-1.3,1.2,-0.8,NA,NA,NA,NA,NA,NA,75,4,0,57,4.53,1.37,0,0,0,0,0,0,0,0,NA,264
Hayden Birdsong,SFG,Westside Marauders,2,1,0.3,1.6,-1.3,1.2,0.2,NA,NA,NA,NA,NA,NA,58,3,0,58,4.41,1.39,0,0,0,0,0,0,0,0,NA,265
Gavin Stone,LAD,NA,NA,NA,0.3,1.6,-1.3,1.2,NA,NA,NA,NA,NA,NA,NA,33,2,0,30,4.39,1.31,0,0,0,0,0,0,0,0,NA,266
Ryan Gusto,MIA,NA,NA,NA,0.3,1.6,-1.3,1.2,NA,NA,NA,NA,NA,NA,NA,55,3,0,47,4.42,1.35,0,0,0,0,0,0,0,0,NA,267
Cristian Mena,ARI,NA,NA,NA,0.3,1.6,-1.3,1.2,NA,NA,NA,NA,NA,NA,NA,27,1,0,26,3.87,1.3,0,0,0,0,0,0,0,0,NA,268
Luis Perales,WSN,NA,NA,NA,0.3,1.6,-1.3,1.2,NA,NA,NA,NA,NA,NA,NA,38,2,0,37,4.35,1.39,0,0,0,0,0,0,0,0,NA,269
Luis Perales,WSN,NA,NA,NA,0.3,1.6,-1.3,1.2,NA,NA,NA,NA,NA,NA,NA,38,2,0,37,4.35,1.39,0,0,0,0,0,0,0,0,NA,270
Kohl Drake,ARI,Westside Marauders,2,1,0.3,1.6,-1.3,1.2,0.2,NA,NA,NA,NA,NA,NA,25,2,0,22,4.21,1.35,NA,NA,NA,NA,NA,NA,NA,NA,NA,271
Adam Mazur,MIA,NA,NA,NA,0.3,1.6,-1.3,1.2,NA,NA,NA,NA,NA,NA,NA,35,2,0,27,4.34,1.32,0,0,0,0,0,0,0,0,NA,272
Carlos Rodriguez,MIL,NA,NA,NA,0.3,1.6,-1.3,1.2,NA,NA,NA,NA,NA,NA,NA,49,2,0,45,4.42,1.33,0,0,0,0,0,0,0,0,NA,273
Luke Little,CHC,NA,NA,NA,0.3,1.6,-1.3,1.2,NA,NA,NA,NA,NA,NA,NA,20,1,0,23,3.65,1.33,0,0,0,0,0,0,0,0,NA,274
Tim Mayza,PHI,NA,NA,NA,0.3,1.6,-1.3,1.2,NA,NA,NA,NA,NA,NA,NA,31,2,0,26,4.05,1.36,NA,NA,NA,NA,NA,NA,NA,NA,NA,275
Gregory Santos,SFG,NA,NA,NA,0.3,1.6,-1.3,1.2,NA,NA,NA,NA,NA,NA,NA,24,1,0,23,3.64,1.38,NA,NA,NA,NA,NA,NA,NA,NA,NA,276
Joe Jimenez,ATL,NA,NA,NA,0.3,1.6,-1.3,1.2,NA,NA,NA,NA,NA,NA,NA,18,1,0,20,4,1.25,0,0,0,0,0,0,0,0,NA,277
JT Brubaker,SFG,NA,NA,NA,0.3,1.6,-1.3,1.2,NA,NA,NA,NA,NA,NA,NA,53,2,0,45,4.21,1.37,0,0,0,0,0,0,0,0,NA,278
Dylan Ross,NYM,NA,NA,NA,0.3,1.6,-1.3,1.2,NA,NA,NA,NA,NA,NA,NA,36,1,0,38,3.96,1.35,0,0,0,0,0,0,0,0,NA,279
Paxton Schultz,WSN,NA,NA,NA,0.3,1.6,-1.3,1.2,NA,NA,NA,NA,NA,NA,NA,46,2,0,41,4.37,1.37,0,0,0,0,0,0,0,0,NA,280
Jose Suarez,ATL,NA,NA,NA,0.3,1.6,-1.3,1.2,NA,NA,NA,NA,NA,NA,NA,24,1,0,23,3.94,1.29,0,0,0,0,0,0,0,0,NA,281
Ben Casparius,LAD,NA,NA,NA,0.3,1.6,-1.3,1.2,NA,NA,NA,NA,NA,NA,NA,54,3,0,51,4.62,1.34,0,0,0,0,0,0,0,0,NA,282
Sammy Peralta,MIL,NA,NA,NA,0.3,1.6,-1.3,1.2,NA,NA,NA,NA,NA,NA,NA,14,1,0,12,4.07,1.27,0,0,0,0,0,0,0,0,NA,283
Edgardo Henriquez,LAD,NA,NA,NA,0.3,1.6,-1.3,1.2,NA,NA,NA,NA,NA,NA,NA,44,2,0,46,4.41,1.37,0,0,0,0,0,0,0,0,NA,284
Kyle Nicolas,PIT,NA,NA,NA,0.3,1.6,-1.3,1.2,NA,NA,NA,NA,NA,NA,NA,42,2,0,41,4.11,1.4,0,0,0,0,0,0,0,0,NA,285
Derek Law,ARI,NA,NA,NA,0.3,1.6,-1.3,1.2,NA,NA,NA,NA,NA,NA,NA,26,2,0,22,4.13,1.36,NA,NA,NA,NA,NA,NA,NA,NA,NA,286
Easton McGee,MIL,NA,NA,NA,0.3,1.6,-1.3,1.2,NA,NA,NA,NA,NA,NA,NA,30,1,0,24,4.12,1.28,0,0,0,0,0,0,0,0,NA,287
Shane Drohan,MIL,NA,NA,NA,0.3,1.6,-1.3,1.2,NA,NA,NA,NA,NA,NA,NA,34,2,0,32,4.2,1.35,NA,NA,NA,NA,NA,NA,NA,NA,NA,288
Hunter Stratton,ATL,NA,NA,NA,0.3,1.6,-1.3,1.2,NA,NA,NA,NA,NA,NA,NA,30,2,0,28,4.25,1.33,0,0,0,0,0,0,0,0,NA,289
Ron Marinaccio,SDP,NA,NA,NA,0.3,1.6,-1.3,1.2,NA,NA,NA,NA,NA,NA,NA,46,2,0,45,4.26,1.34,0,0,0,0,0,0,0,0,NA,290
Craig Kimbrel,NYM,NA,NA,NA,0.3,1.6,-1.3,1.2,NA,NA,NA,NA,NA,NA,NA,32,2,0,37,4.16,1.35,NA,NA,NA,NA,NA,NA,NA,NA,NA,291
Jackson Rutledge,WSN,NA,NA,NA,0.3,1.6,-1.3,1.2,NA,NA,NA,NA,NA,NA,NA,57,3,1,49,4.6,1.39,0,0,0,0,0,0,0,0,NA,292
Ty Adcock,SDP,NA,NA,NA,0.3,1.6,-1.3,1.2,NA,NA,NA,NA,NA,NA,NA,39,2,0,36,4.29,1.35,0,0,0,0,0,0,0,0,NA,293
Brandyn Garcia,ARI,NA,NA,NA,0.3,1.6,-1.3,1.2,NA,NA,NA,NA,NA,NA,NA,52,3,0,45,4.17,1.41,0,0,0,0,0,0,0,0,NA,294
George Soriano,STL,NA,NA,NA,0.3,1.6,-1.3,1.2,NA,NA,NA,NA,NA,NA,NA,50,2,0,47,4.39,1.35,0,0,0,0,0,0,0,0,NA,295
Cade Gibson,MIA,NA,NA,NA,0.3,1.6,-1.3,1.2,NA,NA,NA,NA,NA,NA,NA,60,3,0,47,4.26,1.4,0,0,0,0,0,0,0,0,NA,296
Javier Sanoja,MIA,NA,NA,NA,1.9,3.3,-1.4,0.9,NA,231,3,24,24,5,0.258,NA,NA,NA,NA,NA,NA,0,0,1,1,1,1,1,1,NA,297
Jose Urquidy,PIT,NA,NA,NA,0.2,1.6,-1.4000000000000001,0.9,NA,NA,NA,NA,NA,NA,NA,95,5,0,69,4.88,1.35,NA,NA,NA,NA,NA,NA,NA,NA,NA,298
Thomas White,MIA,NA,NA,NA,0.2,1.6,-1.4000000000000001,0.9,NA,NA,NA,NA,NA,NA,NA,24,1,0,23,4.22,1.4,0,0,0,0,0,0,0,0,NA,299
Blade Tidwell,SFG,NA,NA,NA,0.2,1.6,-1.4000000000000001,0.9,NA,NA,NA,NA,NA,NA,NA,39,2,0,34,4.3,1.37,0,0,0,0,0,0,0,0,NA,300
Carson Whisenhunt,SFG,NA,NA,NA,0.2,1.6,-1.4000000000000001,0.9,NA,NA,NA,NA,NA,NA,NA,29,2,0,23,4.26,1.36,0,0,0,0,0,0,0,0,NA,301
Pierson Ohl,COL,NA,NA,NA,0.2,1.6,-1.4000000000000001,0.9,NA,NA,NA,NA,NA,NA,NA,39,2,0,30,4.53,1.29,NA,NA,NA,NA,NA,NA,NA,NA,NA,302
Seth Halvorsen,COL,NA,NA,NA,0.2,1.6,-1.4000000000000001,0.9,NA,NA,NA,NA,NA,NA,NA,60,3,3,55,4.64,1.47,0,0,0,0,0,0,0,0,NA,303
Brennan Bernardino,COL,NA,NA,NA,0.2,1.6,-1.4000000000000001,0.9,NA,NA,NA,NA,NA,NA,NA,58,3,2,53,4.46,1.46,0,0,0,0,0,0,0,0,NA,304
Trevor Williams,WSN,NA,NA,NA,0.2,1.6,-1.4000000000000001,0.9,NA,NA,NA,NA,NA,NA,NA,32,2,0,26,4.6,1.36,0,0,0,0,0,0,0,0,NA,305
Sam Moll,CIN,NA,NA,NA,0.2,1.6,-1.4000000000000001,0.9,NA,NA,NA,NA,NA,NA,NA,42,2,0,41,4.45,1.37,0,0,0,0,0,0,0,0,NA,306
Gus Varland,WSN,NA,NA,NA,0.2,1.6,-1.4000000000000001,0.9,NA,NA,NA,NA,NA,NA,NA,48,2,0,45,4.37,1.41,0,0,0,0,0,0,0,0,NA,307
Welinton Herrera,COL,NA,NA,NA,0.2,1.6,-1.4000000000000001,0.9,NA,NA,NA,NA,NA,NA,NA,26,2,0,26,4.41,1.41,NA,NA,NA,NA,NA,NA,NA,NA,NA,308
Danny Young,ATL,NA,NA,NA,0.2,1.6,-1.4000000000000001,0.9,NA,NA,NA,NA,NA,NA,NA,20,1,0,21,3.95,1.32,0,0,0,0,0,0,0,0,NA,309
Bryce Montes de Oca,WSN,NA,NA,NA,0.2,1.6,-1.4000000000000001,0.9,NA,NA,NA,NA,NA,NA,NA,12,1,0,14,4.04,1.41,NA,NA,NA,NA,NA,NA,NA,NA,NA,310
Philip Abner,ARI,NA,NA,NA,0.2,1.6,-1.4000000000000001,0.9,NA,NA,NA,NA,NA,NA,NA,16,1,0,15,4.07,1.37,0,0,0,0,0,0,0,0,NA,311
Will Klein,LAD,NA,NA,NA,0.2,1.6,-1.4000000000000001,0.9,NA,NA,NA,NA,NA,NA,NA,50,3,0,53,4.43,1.46,0,0,0,0,0,0,0,0,NA,312
Zach McCambley,PHI,NA,NA,NA,0.2,1.6,-1.4000000000000001,0.9,NA,NA,NA,NA,NA,NA,NA,48,2,0,46,4.47,1.39,NA,NA,NA,NA,NA,NA,NA,NA,NA,313
Kyle Wright,CHC,NA,NA,NA,0.2,1.6,-1.4000000000000001,0.9,NA,NA,NA,NA,NA,NA,NA,14,1,0,12,4.08,1.29,NA,NA,NA,NA,NA,NA,NA,NA,NA,314
Griff McGarry,WSN,NA,NA,NA,0.2,1.6,-1.4000000000000001,0.9,NA,NA,NA,NA,NA,NA,NA,55,3,0,61,4.37,1.46,0,0,0,0,0,0,0,0,NA,315
Jhony Brito,SDP,NA,NA,NA,0.2,1.6,-1.4000000000000001,0.9,NA,NA,NA,NA,NA,NA,NA,24,1,0,20,4.18,1.33,0,0,0,0,0,0,0,0,NA,316
Andre Granillo,WSN,NA,NA,NA,0.2,1.6,-1.4000000000000001,0.9,NA,NA,NA,NA,NA,NA,NA,42,2,0,40,4.44,1.39,0,0,0,0,0,0,0,0,NA,317
Bryan Hoeing,SDP,NA,NA,NA,0.2,1.6,-1.4000000000000001,0.9,NA,NA,NA,NA,NA,NA,NA,26,1,0,21,4.18,1.32,0,0,0,0,0,0,0,0,NA,318
Jhancarlos Lara,ATL,NA,NA,NA,0.2,1.6,-1.4000000000000001,0.9,NA,NA,NA,NA,NA,NA,NA,12,1,0,13,4.11,1.44,NA,NA,NA,NA,NA,NA,NA,NA,NA,319
Carson Seymour,SFG,NA,NA,NA,0.2,1.6,-1.4000000000000001,0.9,NA,NA,NA,NA,NA,NA,NA,20,1,0,17,3.98,1.34,0,0,0,0,0,0,0,0,NA,320
Joey Gerber,NYM,NA,NA,NA,0.2,1.6,-1.4000000000000001,0.9,NA,NA,NA,NA,NA,NA,NA,14,1,0,13,4.33,1.3,0,0,0,0,0,0,0,0,NA,321
Brycen Mautz,STL,NA,NA,NA,0.2,1.6,-1.4000000000000001,0.9,NA,NA,NA,NA,NA,NA,NA,16,1,0,14,4.22,1.32,NA,NA,NA,NA,NA,NA,NA,NA,NA,322
Trent Thornton,CHC,NA,NA,NA,0.2,1.6,-1.4000000000000001,0.9,NA,NA,NA,NA,NA,NA,NA,30,1,0,25,4.24,1.28,NA,NA,NA,NA,NA,NA,NA,NA,NA,323
Riley Martin,CHC,NA,NA,NA,0.2,1.6,-1.4000000000000001,0.9,NA,NA,NA,NA,NA,NA,NA,22,1,0,22,4.16,1.44,NA,NA,NA,NA,NA,NA,NA,NA,NA,324
Daysbel Hernandez,ATL,NA,NA,NA,0.2,1.6,-1.4000000000000001,0.9,NA,NA,NA,NA,NA,NA,NA,40,2,0,43,4.3,1.43,0,0,0,0,0,0,0,0,NA,325
Scott Alexander,SFG,NA,NA,NA,0.2,1.6,-1.4000000000000001,0.9,NA,NA,NA,NA,NA,NA,NA,34,2,0,25,4.12,1.42,NA,NA,NA,NA,NA,NA,NA,NA,NA,326
Max Lazar,PHI,NA,NA,NA,0.2,1.6,-1.4000000000000001,0.9,NA,NA,NA,NA,NA,NA,NA,38,2,0,30,4.53,1.34,0,0,0,0,0,0,0,0,NA,327
Connor Phillips,CIN,NA,NA,NA,0.2,1.6,-1.4000000000000001,0.9,NA,NA,NA,NA,NA,NA,NA,56,3,0,59,4.63,1.4,0,0,0,0,0,0,0,0,NA,328
Casey Schmitt,SFG,National Pastime,2,1,1.8,3.3,-1.4999999999999998,0.6,-0.4,210,7,23,25,1,0.248,NA,NA,NA,NA,NA,NA,0,1,1,1,1,0,1,1,NA,329
Ryan Ritter,COL,NA,NA,NA,1.8,3.3,-1.4999999999999998,0.6,NA,189,5,23,22,3,0.253,NA,NA,NA,NA,NA,NA,0,0,1,0,1,0,0,1,NA,330
Robert Hassell III,WSN,NA,NA,NA,1.8,3.3,-1.4999999999999998,0.6,NA,252,4,26,24,6,0.242,NA,NA,NA,NA,NA,NA,0,0,0,0,0,1,0,0,NA,331
Endy Rodriguez,PIT,Hoosiers,2,5,0.4,1.9,-1.5,0.6,-4.4,54,1,6,6,0,0.242,NA,NA,NA,NA,NA,NA,1,1,0,0,0,0,1,0,NA,332
Endy Rodriguez,PIT,Blue Socks,2,1,0.4,1.9,-1.5,0.6,-0.4,54,1,6,6,0,0.242,NA,NA,NA,NA,NA,NA,1,1,0,0,0,0,1,0,NA,333
Andrew Painter,PHI,Free At Last,Opt,1,0.1,1.6,-1.5,0.6,-0.4,NA,NA,NA,NA,NA,NA,104,5,0,90,4.72,1.39,0,0,0,0,0,0,0,0,NA,334
Jake Irvin,WSN,National Pastime,2,1,0.1,1.6,-1.5,0.6,-0.4,NA,NA,NA,NA,NA,NA,100,5,0,75,4.82,1.37,0,0,0,0,0,0,0,0,NA,335
Quinn Mathews,STL,Hoosiers,2,4,0.1,1.6,-1.5,0.6,-3.4,NA,NA,NA,NA,NA,NA,40,2,0,36,4.31,1.46,0,0,0,0,0,0,0,0,NA,336
Matt Waldron,SDP,NA,NA,NA,0.1,1.6,-1.5,0.6,NA,NA,NA,NA,NA,NA,NA,34,2,0,27,4.83,1.34,0,0,0,0,0,0,0,0,NA,337
Mitch Bratt,ARI,NA,NA,NA,0.1,1.6,-1.5,0.6,NA,NA,NA,NA,NA,NA,NA,9,0,0,7,4.14,1.28,NA,NA,NA,NA,NA,NA,NA,NA,NA,338
Thomas Harrington,PIT,NA,NA,NA,0.1,1.6,-1.5,0.6,NA,NA,NA,NA,NA,NA,NA,16,1,0,13,4.59,1.34,0,0,0,0,0,0,0,0,NA,339
Alex Carrillo,NYM,NA,NA,NA,0.1,1.6,-1.5,0.6,NA,NA,NA,NA,NA,NA,NA,20,1,0,21,4.3,1.36,NA,NA,NA,NA,NA,NA,NA,NA,NA,340
AJ Smith-Shawver,ATL,NA,NA,NA,0.1,1.6,-1.5,0.6,NA,NA,NA,NA,NA,NA,NA,6,0,0,7,3.85,1.28,0,0,0,0,0,0,0,0,NA,341
K.C. Hunt,MIL,NA,NA,NA,0.1,1.6,-1.5,0.6,NA,NA,NA,NA,NA,NA,NA,10,1,0,9,4.2,1.28,NA,NA,NA,NA,NA,NA,NA,NA,NA,342
Kyle Backhus,PHI,NA,NA,NA,0.1,1.6,-1.5,0.6,NA,NA,NA,NA,NA,NA,NA,16,1,0,15,4.3,1.34,0,0,0,0,0,0,0,0,NA,343
Bobby Miller,LAD,NA,NA,NA,0.1,1.6,-1.5,0.6,NA,NA,NA,NA,NA,NA,NA,26,1,0,25,4.56,1.37,0,0,0,0,0,0,0,0,NA,344
Zack Thompson,STL,NA,NA,NA,0.1,1.6,-1.5,0.6,NA,NA,NA,NA,NA,NA,NA,10,1,0,10,4.15,1.39,0,0,0,0,0,0,0,0,NA,345
Chris Roycroft,STL,NA,NA,NA,0.1,1.6,-1.5,0.6,NA,NA,NA,NA,NA,NA,NA,40,2,0,32,4.29,1.45,0,0,0,0,0,0,0,0,NA,346
Jeff Criswell,COL,NA,NA,NA,0.1,1.6,-1.5,0.6,NA,NA,NA,NA,NA,NA,NA,12,1,0,11,4.76,1.45,0,0,0,0,0,0,0,0,NA,347
Ken Waldichuk,WSN,NA,NA,NA,0.1,1.6,-1.5,0.6,NA,NA,NA,NA,NA,NA,NA,13,1,0,13,4.47,1.39,0,0,0,0,0,0,0,0,NA,348
Ronan Kopp,LAD,NA,NA,NA,0.1,1.6,-1.5,0.6,NA,NA,NA,NA,NA,NA,NA,10,1,0,11,4.53,1.51,NA,NA,NA,NA,NA,NA,NA,NA,NA,349
Jake Eder,WSN,NA,NA,NA,0.1,1.6,-1.5,0.6,NA,NA,NA,NA,NA,NA,NA,14,1,0,11,4.61,1.39,0,0,0,0,0,0,0,0,NA,350
Josh Simpson,MIA,NA,NA,NA,0.1,1.6,-1.5,0.6,NA,NA,NA,NA,NA,NA,NA,14,1,0,14,4.34,1.44,0,0,0,0,0,0,0,0,NA,351
Jackson Wolf,SDP,NA,NA,NA,0.1,1.6,-1.5,0.6,NA,NA,NA,NA,NA,NA,NA,12,1,0,10,4.4,1.33,0,0,0,0,0,0,0,0,NA,352
Chris Devenski,PIT,NA,NA,NA,0.1,1.6,-1.5,0.6,NA,NA,NA,NA,NA,NA,NA,24,1,0,20,4.43,1.34,NA,NA,NA,NA,NA,NA,NA,NA,NA,353
Nolan Hoffman,PHI,NA,NA,NA,0.1,1.6,-1.5,0.6,NA,NA,NA,NA,NA,NA,NA,12,1,0,11,4.58,1.42,0,0,0,0,0,0,0,0,NA,354
James Karinchak,ATL,NA,NA,NA,0.1,1.6,-1.5,0.6,NA,NA,NA,NA,NA,NA,NA,14,1,0,16,4.39,1.41,NA,NA,NA,NA,NA,NA,NA,NA,NA,355
Michael Petersen,MIA,NA,NA,NA,0.1,1.6,-1.5,0.6,NA,NA,NA,NA,NA,NA,NA,28,1,0,26,4.39,1.36,0,0,0,0,0,0,0,0,NA,356
Wilber Dotel,PIT,NA,NA,NA,0.1,1.6,-1.5,0.6,NA,NA,NA,NA,NA,NA,NA,12,1,0,10,4.54,1.4,NA,NA,NA,NA,NA,NA,NA,NA,NA,357
Chase Shugart,PHI,NA,NA,NA,0.1,1.6,-1.5,0.6,NA,NA,NA,NA,NA,NA,NA,42,2,0,34,4.65,1.38,0,0,0,0,0,0,0,0,NA,358
Gavin Hollowell,CHC,NA,NA,NA,0.1,1.6,-1.5,0.6,NA,NA,NA,NA,NA,NA,NA,16,1,0,15,4.5,1.4,0,0,0,0,0,0,0,0,NA,359
Genesis Cabrera,PHI,NA,NA,NA,0.1,1.6,-1.5,0.6,NA,NA,NA,NA,NA,NA,NA,18,1,0,16,4.67,1.4,NA,NA,NA,NA,NA,NA,NA,NA,NA,360
Jack Neely,CHC,NA,NA,NA,0.1,1.6,-1.5,0.6,NA,NA,NA,NA,NA,NA,NA,18,1,0,18,4.47,1.39,0,0,0,0,0,0,0,0,NA,361
Garrett Acton,MIA,NA,NA,NA,0.1,1.6,-1.5,0.6,NA,NA,NA,NA,NA,NA,NA,16,1,0,15,4.66,1.42,0,0,0,0,0,0,0,0,NA,362
Ryan Rolison,CHC,NA,NA,NA,0.1,1.6,-1.5,0.6,NA,NA,NA,NA,NA,NA,NA,15,1,0,11,4.48,1.41,0,0,0,0,0,0,0,0,NA,363
Daison Acosta,SDP,NA,NA,NA,0.1,1.6,-1.5,0.6,NA,NA,NA,NA,NA,NA,NA,18,1,0,18,4.44,1.44,NA,NA,NA,NA,NA,NA,NA,NA,NA,364
Yilber Diaz,ARI,NA,NA,NA,0.1,1.6,-1.5,0.6,NA,NA,NA,NA,NA,NA,NA,24,1,0,23,4.31,1.45,0,0,0,0,0,0,0,0,NA,365
Paul Gervase,LAD,NA,NA,NA,0.1,1.6,-1.5,0.6,NA,NA,NA,NA,NA,NA,NA,32,2,0,34,4.66,1.4,0,0,0,0,0,0,0,0,NA,366
Zach Pop,PHI,NA,NA,NA,0.1,1.6,-1.5,0.6,NA,NA,NA,NA,NA,NA,NA,52,3,0,40,4.65,1.41,0,0,0,0,0,0,0,0,NA,367
Brandan Bidois,PIT,NA,NA,NA,0.1,1.6,-1.5,0.6,NA,NA,NA,NA,NA,NA,NA,40,2,0,37,4.49,1.45,NA,NA,NA,NA,NA,NA,NA,NA,NA,368
Austin Love,STL,NA,NA,NA,0.1,1.6,-1.5,0.6,NA,NA,NA,NA,NA,NA,NA,32,2,0,27,4.51,1.43,0,0,0,0,0,0,0,0,NA,369
Juan Burgos,ARI,NA,NA,NA,0.1,1.6,-1.5,0.6,NA,NA,NA,NA,NA,NA,NA,28,2,0,22,4.59,1.46,0,0,0,0,0,0,0,0,NA,370
Kyle Karros,COL,NA,NA,NA,1.7,3.3,-1.5999999999999999,0.3,NA,217,3,25,22,2,0.261,NA,NA,NA,NA,NA,NA,0,0,0,1,0,0,1,0,NA,371
Nathan Church,STL,NA,NA,NA,1.7,3.3,-1.5999999999999999,0.3,NA,203,3,23,21,5,0.253,NA,NA,NA,NA,NA,NA,0,0,0,0,0,1,0,0,NA,372
Blaine Crim,COL,NA,NA,NA,1.7,3.3,-1.5999999999999999,0.3,NA,182,6,22,22,1,0.259,NA,NA,NA,NA,NA,NA,0,1,0,0,0,0,1,0,NA,373
Riley Adams,WSN,NA,NA,NA,0.3,1.9,-1.5999999999999999,0.3,NA,61,2,6,6,0,0.212,NA,NA,NA,NA,NA,NA,1,0,0,0,0,0,0,0,NA,374
Martin Perez,ATL,NA,NA,NA,0,1.6,-1.6,0.3,NA,NA,NA,NA,NA,NA,NA,36,2,0,27,4.53,1.44,NA,NA,NA,NA,NA,NA,NA,NA,NA,375
Alan Rangel,PHI,NA,NA,NA,0,1.6,-1.6,0.3,NA,NA,NA,NA,NA,NA,NA,28,1,0,22,4.84,1.35,0,0,0,0,0,0,0,0,NA,376
JR Ritchie,ATL,NA,NA,NA,0,1.6,-1.6,0.3,NA,NA,NA,NA,NA,NA,NA,9,0,0,7,4.5,1.37,NA,NA,NA,NA,NA,NA,NA,NA,NA,377
Tink Hence,STL,NA,NA,NA,-0,1.6,-1.6,0.3,NA,NA,NA,NA,NA,NA,NA,8,0,0,7,4.4,1.38,0,0,0,0,0,0,0,0,NA,378
Landon Knack,LAD,NA,NA,NA,0,1.6,-1.6,0.3,NA,NA,NA,NA,NA,NA,NA,23,1,0,20,4.94,1.37,0,0,0,0,0,0,0,0,NA,379
Pete Hansen,STL,NA,NA,NA,-0,1.6,-1.6,0.3,NA,NA,NA,NA,NA,NA,NA,9,0,0,6,4.59,1.4,NA,NA,NA,NA,NA,NA,NA,NA,NA,380
RJ Petit,COL,NA,NA,NA,0,1.6,-1.6,0.3,NA,NA,NA,NA,NA,NA,NA,55,3,0,47,4.79,1.43,NA,NA,NA,NA,NA,NA,NA,NA,NA,381
Didier Fuentes,ATL,NA,NA,NA,-0,1.6,-1.6,0.3,NA,NA,NA,NA,NA,NA,NA,8,0,0,8,4.24,1.28,0,0,0,0,0,0,0,0,NA,382
Josh Staumont,CIN,NA,NA,NA,0,1.6,-1.6,0.3,NA,NA,NA,NA,NA,NA,NA,12,1,0,12,4.79,1.49,0,0,0,0,0,0,0,0,NA,383
Lou Trivino,PHI,NA,NA,NA,0,1.6,-1.6,0.3,NA,NA,NA,NA,NA,NA,NA,24,1,0,21,4.59,1.42,NA,NA,NA,NA,NA,NA,NA,NA,NA,384
Ryan Lambert,NYM,NA,NA,NA,0,1.6,-1.6,0.3,NA,NA,NA,NA,NA,NA,NA,12,0,0,13,4.24,1.36,NA,NA,NA,NA,NA,NA,NA,NA,NA,385
Nick Burdi,NYM,NA,NA,NA,-0,1.6,-1.6,0.3,NA,NA,NA,NA,NA,NA,NA,8,0,0,9,4.12,1.35,NA,NA,NA,NA,NA,NA,NA,NA,NA,386
Collin Snider,CHC,NA,NA,NA,-0,1.6,-1.6,0.3,NA,NA,NA,NA,NA,NA,NA,10,0,0,8,4.43,1.35,NA,NA,NA,NA,NA,NA,NA,NA,NA,387
Tucker Davidson,PHI,NA,NA,NA,-0,1.6,-1.6,0.3,NA,NA,NA,NA,NA,NA,NA,8,0,0,6,4.5,1.39,NA,NA,NA,NA,NA,NA,NA,NA,NA,388
Tate Kuehner,MIL,NA,NA,NA,-0,1.6,-1.6,0.3,NA,NA,NA,NA,NA,NA,NA,8,0,0,7,4.24,1.42,NA,NA,NA,NA,NA,NA,NA,NA,NA,389
Lyon Richardson,CIN,NA,NA,NA,0,1.6,-1.6,0.3,NA,NA,NA,NA,NA,NA,NA,22,1,0,19,4.59,1.44,0,0,0,0,0,0,0,0,NA,390
Shinnosuke Ogasawara,WSN,NA,NA,NA,0,1.6,-1.6,0.3,NA,NA,NA,NA,NA,NA,NA,8,0,0,6,4.62,1.36,0,0,0,0,0,0,0,0,NA,391
Isaiah Campbell,ARI,NA,NA,NA,0,1.6,-1.6,0.3,NA,NA,NA,NA,NA,NA,NA,14,1,0,10,4.38,1.41,NA,NA,NA,NA,NA,NA,NA,NA,NA,392
Keegan Thompson,COL,NA,NA,NA,0,1.6,-1.6,0.3,NA,NA,NA,NA,NA,NA,NA,40,2,0,38,4.79,1.43,0,0,0,0,0,0,0,0,NA,393
Dale Stanavich,MIA,NA,NA,NA,0,1.6,-1.6,0.3,NA,NA,NA,NA,NA,NA,NA,12,1,0,11,4.41,1.51,NA,NA,NA,NA,NA,NA,NA,NA,NA,394
Blake Walston,ARI,NA,NA,NA,-0,1.6,-1.6,0.3,NA,NA,NA,NA,NA,NA,NA,10,0,0,8,4.45,1.44,0,0,0,0,0,0,0,0,NA,395
Jose Franco,CIN,NA,NA,NA,-0,1.6,-1.6,0.3,NA,NA,NA,NA,NA,NA,NA,14,1,0,13,4.92,1.43,NA,NA,NA,NA,NA,NA,NA,NA,NA,396
Ryder Ryan,LAD,NA,NA,NA,0,1.6,-1.6,0.3,NA,NA,NA,NA,NA,NA,NA,12,1,0,9,4.68,1.47,0,0,0,0,0,0,0,0,NA,397
Ryder Ryan,LAD,NA,NA,NA,0,1.6,-1.6,0.3,NA,NA,NA,NA,NA,NA,NA,12,1,0,9,4.68,1.47,0,0,0,0,0,0,0,0,NA,398
Francis Pena,SDP,NA,NA,NA,0,1.6,-1.6,0.3,NA,NA,NA,NA,NA,NA,NA,16,1,0,13,4.36,1.45,NA,NA,NA,NA,NA,NA,NA,NA,NA,399
Reggie Crawford,SFG,NA,NA,NA,-0,1.6,-1.6,0.3,NA,NA,NA,NA,NA,NA,NA,8,0,0,8,4.54,1.41,0,0,0,0,0,0,0,0,NA,400
Juan Morillo,ARI,NA,NA,NA,0,1.6,-1.6,0.3,NA,NA,NA,NA,NA,NA,NA,31,2,0,28,4.24,1.51,0,0,0,0,0,0,0,0,NA,401
Juan Sanchez,SFG,NA,NA,NA,0,1.6,-1.6,0.3,NA,NA,NA,NA,NA,NA,NA,14,1,0,12,4.29,1.45,NA,NA,NA,NA,NA,NA,NA,NA,NA,402
Josh Ekness,MIA,NA,NA,NA,0,1.6,-1.6,0.3,NA,NA,NA,NA,NA,NA,NA,22,1,0,19,4.59,1.43,NA,NA,NA,NA,NA,NA,NA,NA,NA,403
Jaden Woods,PIT,NA,NA,NA,0,1.6,-1.6,0.3,NA,NA,NA,NA,NA,NA,NA,14,1,0,12,4.71,1.49,NA,NA,NA,NA,NA,NA,NA,NA,NA,404
Scott Blewett,STL,NA,NA,NA,0,1.6,-1.6,0.3,NA,NA,NA,NA,NA,NA,NA,24,1,0,18,4.37,1.39,NA,NA,NA,NA,NA,NA,NA,NA,NA,405
Alek Jacob,SDP,NA,NA,NA,-0,1.6,-1.6,0.3,NA,NA,NA,NA,NA,NA,NA,33,1,0,29,4.7,1.38,0,0,0,0,0,0,0,0,NA,406
Zach Maxwell,CIN,NA,NA,NA,-0,1.6,-1.6,0.3,NA,NA,NA,NA,NA,NA,NA,50,2,0,51,4.66,1.46,NA,NA,NA,NA,NA,NA,NA,NA,NA,407
Johan Rojas,PHI,NA,NA,NA,1.6,3.3,-1.6999999999999997,-0,NA,175,2,20,17,9,0.247,NA,NA,NA,NA,NA,NA,0,0,0,0,0,1,0,0,NA,408
Abimelec Ortiz,WSN,NA,NA,NA,1.6,3.3,-1.6999999999999997,-0,NA,224,8,26,26,1,0.229,NA,NA,NA,NA,NA,NA,NA,NA,NA,NA,NA,NA,NA,NA,NA,409
Charlie Condon,COL,NA,NA,NA,1.6,3.3,-1.6999999999999997,-0,NA,210,6,22,24,1,0.244,NA,NA,NA,NA,NA,NA,0,0,0,0,0,1,0,0,NA,410
Randy Vasquez,SDP,Erie Lakers,2,1,-0.1,1.6,-1.7000000000000002,-0,-1,NA,NA,NA,NA,NA,NA,142,7,0,96,4.82,1.41,0,0,0,0,0,0,0,0,NA,411
Josiah Gray,WSN,NA,NA,NA,-0.1,1.6,-1.7000000000000002,-0,NA,NA,NA,NA,NA,NA,NA,114,6,0,99,4.97,1.42,0,0,0,0,0,0,0,0,NA,412
River Ryan,LAD,NA,NA,NA,-0.1,1.6,-1.7000000000000002,-0,NA,NA,NA,NA,NA,NA,NA,39,2,0,32,4.78,1.42,0,0,0,0,0,0,0,0,NA,413
River Ryan,LAD,NA,NA,NA,-0.1,1.6,-1.7000000000000002,-0,NA,NA,NA,NA,NA,NA,NA,39,2,0,32,4.78,1.42,0,0,0,0,0,0,0,0,NA,414
Brandon Williamson,CIN,NA,NA,NA,-0.1,1.6,-1.7000000000000002,-0,NA,NA,NA,NA,NA,NA,NA,51,2,0,43,4.86,1.42,0,0,0,0,0,0,0,0,NA,415
McCade Brown,COL,NA,NA,NA,-0.1,1.6,-1.7000000000000002,-0,NA,NA,NA,NA,NA,NA,NA,15,1,0,14,5.4,1.49,0,0,0,0,0,0,0,0,NA,416
Bryse Wilson,PHI,NA,NA,NA,-0.1,1.6,-1.7000000000000002,-0,NA,NA,NA,NA,NA,NA,NA,30,1,0,21,4.99,1.39,NA,NA,NA,NA,NA,NA,NA,NA,NA,417
Sean Sullivan,COL,NA,NA,NA,-0.1,1.6,-1.7000000000000002,-0,NA,NA,NA,NA,NA,NA,NA,9,0,0,6,5.29,1.4,NA,NA,NA,NA,NA,NA,NA,NA,NA,418
Jean Cabrera,PHI,NA,NA,NA,-0.1,1.6,-1.7000000000000002,-0,NA,NA,NA,NA,NA,NA,NA,9,0,0,6,5.02,1.46,NA,NA,NA,NA,NA,NA,NA,NA,NA,419
Jared Lyons,CIN,NA,NA,NA,-0.1,1.6,-1.7000000000000002,-0,NA,NA,NA,NA,NA,NA,NA,9,0,0,6,5.31,1.49,NA,NA,NA,NA,NA,NA,NA,NA,NA,420
Julian Aguiar,CIN,NA,NA,NA,-0.1,1.6,-1.7000000000000002,-0,NA,NA,NA,NA,NA,NA,NA,35,1,0,25,5.02,1.37,0,0,0,0,0,0,0,0,NA,421
Yoniel Curet,PHI,NA,NA,NA,-0.1,1.6,-1.7000000000000002,-0,NA,NA,NA,NA,NA,NA,NA,8,0,0,7,5.27,1.5,0,0,0,0,0,0,0,0,NA,422
Mike Clevinger,PIT,NA,NA,NA,-0.1,1.6,-1.7000000000000002,-0,NA,NA,NA,NA,NA,NA,NA,24,1,0,19,4.77,1.4,NA,NA,NA,NA,NA,NA,NA,NA,NA,423
Jagger Haynes,SDP,NA,NA,NA,-0.1,1.6,-1.7000000000000002,-0,NA,NA,NA,NA,NA,NA,NA,8,0,0,6,5.06,1.55,0,0,0,0,0,0,0,0,NA,424
Gabriel Hughes,COL,NA,NA,NA,-0.1,1.6,-1.7000000000000002,-0,NA,NA,NA,NA,NA,NA,NA,18,1,0,13,4.89,1.46,0,0,0,0,0,0,0,0,NA,425
Valente Bellozo,COL,NA,NA,NA,-0.1,1.6,-1.7000000000000002,-0,NA,NA,NA,NA,NA,NA,NA,8,0,0,6,5.04,1.41,NA,NA,NA,NA,NA,NA,NA,NA,NA,426
Corbin Martin,CHC,NA,NA,NA,-0.1,1.6,-1.7000000000000002,-0,NA,NA,NA,NA,NA,NA,NA,8,0,0,7,4.62,1.46,NA,NA,NA,NA,NA,NA,NA,NA,NA,427
Yunior Marte,CIN,NA,NA,NA,-0.1,1.6,-1.7000000000000002,-0,NA,NA,NA,NA,NA,NA,NA,18,1,0,15,4.96,1.48,0,0,0,0,0,0,0,0,NA,428
Tejay Antone,CIN,NA,NA,NA,-0.1,1.6,-1.7000000000000002,-0,NA,NA,NA,NA,NA,NA,NA,16,1,0,13,5.14,1.51,0,0,0,0,0,0,0,0,NA,429
Seth Johnson,PHI,NA,NA,NA,-0.1,1.6,-1.7000000000000002,-0,NA,NA,NA,NA,NA,NA,NA,20,1,0,18,4.8,1.46,0,0,0,0,0,0,0,0,NA,430
Rolddy Munoz,ATL,NA,NA,NA,-0.1,1.6,-1.7000000000000002,-0,NA,NA,NA,NA,NA,NA,NA,26,1,0,23,4.5,1.48,0,0,0,0,0,0,0,0,NA,431
Bradley Blalock,MIA,NA,NA,NA,-0.1,1.6,-1.7000000000000002,-0,NA,NA,NA,NA,NA,NA,NA,18,1,0,12,5,1.47,0,0,0,0,0,0,0,0,NA,432
William Kempner,MIA,NA,NA,NA,-0.1,1.6,-1.7000000000000002,-0,NA,NA,NA,NA,NA,NA,NA,24,1,0,22,4.79,1.49,NA,NA,NA,NA,NA,NA,NA,NA,NA,433
Ryan Harbin,PIT,NA,NA,NA,-0.1,1.6,-1.7000000000000002,-0,NA,NA,NA,NA,NA,NA,NA,34,2,0,32,4.6,1.56,NA,NA,NA,NA,NA,NA,NA,NA,NA,434
Miguel Rojas,LAD,NA,NA,NA,1.5,3.3,-1.7999999999999998,-0.3,NA,182,4,20,18,3,0.256,NA,NA,NA,NA,NA,NA,0,0,1,1,1,0,1,1,NA,435
Blake Perkins,MIL,NA,NA,NA,1.5,3.3,-1.7999999999999998,-0.3,NA,217,4,25,21,7,0.223,NA,NA,NA,NA,NA,NA,0,0,0,0,0,1,0,0,NA,436
Ronny Mauricio,NYM,NA,NA,NA,1.5,3.3,-1.7999999999999998,-0.3,NA,140,5,16,16,4,0.244,NA,NA,NA,NA,NA,NA,0,0,1,1,0,0,1,1,NA,437
Garrett Stubbs,PHI,NA,NA,NA,0.1,1.9,-1.7999999999999998,-0.3,NA,19,0,2,2,0,0.222,NA,NA,NA,NA,NA,NA,1,0,0,0,0,0,0,0,NA,438
Tanner Gordon,COL,NA,NA,NA,-0.2,1.6,-1.8,-0.3,NA,NA,NA,NA,NA,NA,NA,55,3,0,40,5.26,1.39,0,0,0,0,0,0,0,0,NA,439
Marco Gonzales,SDP,NA,NA,NA,-0.2,1.6,-1.8,-0.3,NA,NA,NA,NA,NA,NA,NA,27,1,0,19,4.89,1.41,0,0,0,0,0,0,0,0,NA,440
Riley Cornelio,WSN,NA,NA,NA,-0.2,1.6,-1.8,-0.3,NA,NA,NA,NA,NA,NA,NA,17,1,0,12,5.2,1.53,NA,NA,NA,NA,NA,NA,NA,NA,NA,441
John Brebbia,COL,NA,NA,NA,-0.2,1.6,-1.8,-0.3,NA,NA,NA,NA,NA,NA,NA,10,0,0,10,4.95,1.43,NA,NA,NA,NA,NA,NA,NA,NA,NA,442
Kevin Abel,CIN,NA,NA,NA,-0.2,1.6,-1.8,-0.3,NA,NA,NA,NA,NA,NA,NA,10,0,0,8,5.3,1.52,NA,NA,NA,NA,NA,NA,NA,NA,NA,443
Carson Palmquist,COL,NA,NA,NA,-0.2,1.6,-1.8,-0.3,NA,NA,NA,NA,NA,NA,NA,24,1,0,23,5.12,1.48,0,0,0,0,0,0,0,0,NA,444
Cam Sanders,PIT,NA,NA,NA,-0.2,1.6,-1.8,-0.3,NA,NA,NA,NA,NA,NA,NA,30,1,0,28,4.75,1.55,0,0,0,0,0,0,0,0,NA,445
Orlando Ribalta,WSN,NA,NA,NA,-0.2,1.6,-1.8,-0.3,NA,NA,NA,NA,NA,NA,NA,30,1,0,27,4.8,1.5,0,0,0,0,0,0,0,0,NA,446
Triston McKenzie,SDP,NA,NA,NA,-0.2,1.6,-1.8,-0.3,NA,NA,NA,NA,NA,NA,NA,30,1,0,29,5.02,1.47,NA,NA,NA,NA,NA,NA,NA,NA,NA,447
James McCann,ARI,NA,NA,NA,1.4,3.3,-1.9,-0.6,NA,194,5,20,22,1,0.239,NA,NA,NA,NA,NA,NA,NA,NA,NA,NA,NA,NA,NA,NA,NA,448
Hyeseong Kim,LAD,Free At Last,2,7,1.4,3.3,-1.9,-0.6,-7.6,140,2,16,16,8,0.249,NA,NA,NA,NA,NA,NA,0,0,1,0,1,1,0,1,NA,449
Jeferson Quero,MIL,NA,NA,NA,0,1.9,-1.9,-0.6,NA,6,0,1,1,0,0.227,NA,NA,NA,NA,NA,NA,1,0,0,0,0,0,0,0,NA,450
Hayden Senger,NYM,NA,NA,NA,-0,1.9,-1.9,-0.6,NA,13,0,1,1,0,0.205,NA,NA,NA,NA,NA,NA,1,0,0,0,0,0,0,0,NA,451
Rodolfo Duran,SDP,NA,NA,NA,0,1.9,-1.9,-0.6,NA,6,0,1,1,0,0.224,NA,NA,NA,NA,NA,NA,1,0,0,0,0,0,0,0,NA,452
Ben Rortvedt,LAD,Louisville Sluggers,2,1,-0,1.9,-1.9,-0.6,-1.6,13,0,1,1,0,0.203,NA,NA,NA,NA,NA,NA,1,0,0,0,0,0,0,0,NA,453
Kyle Freeland,COL,NA,NA,NA,-0.3,1.6,-1.9000000000000001,-0.6,NA,NA,NA,NA,NA,NA,NA,160,8,0,118,5.02,1.42,0,0,0,0,0,0,0,0,NA,454
Chase Petty,CIN,NA,NA,NA,-0.3,1.6,-1.9000000000000001,-0.6,NA,NA,NA,NA,NA,NA,NA,46,2,0,36,5.09,1.46,0,0,0,0,0,0,0,0,NA,455
Luis Mey,CIN,NA,NA,NA,-0.3,1.6,-1.9000000000000001,-0.6,NA,NA,NA,NA,NA,NA,NA,40,2,0,38,4.96,1.56,0,0,0,0,0,0,0,0,NA,456
Zach Agnos,COL,Big Red Machine,2,1,-0.3,1.6,-1.9000000000000001,-0.6,-1.6,NA,NA,NA,NA,NA,NA,50,2,0,40,5.13,1.46,0,0,0,0,0,0,0,0,NA,457
Ryan Waldschmidt,ARI,NA,NA,NA,1.3,3.3,-1.9999999999999998,-0.9,NA,161,3,20,17,4,0.239,NA,NA,NA,NA,NA,NA,0,0,0,0,0,1,0,0,NA,458
Drew Gilbert,SFG,Hoosiers,2,1,1.3,3.3,-1.9999999999999998,-0.9,-1.9,196,5,21,22,2,0.23,NA,NA,NA,NA,NA,NA,0,0,0,0,0,1,0,0,NA,459
Tyler Locklear,ARI,NA,NA,NA,1.3,3.3,-1.9999999999999998,-0.9,NA,154,4,18,19,3,0.244,NA,NA,NA,NA,NA,NA,0,1,0,0,0,0,1,0,NA,460
Enrique Hernandez,LAD,Melonheads,2,1,1.3,3.3,-1.9999999999999998,-0.9,-1.9,196,6,22,23,1,0.225,NA,NA,NA,NA,NA,NA,0,1,1,1,0,1,1,1,NA,461
Taijuan Walker,PHI,NA,NA,NA,-0.4,1.6,-2,-0.9,NA,NA,NA,NA,NA,NA,NA,120,6,0,84,4.96,1.43,0,0,0,0,0,0,0,0,NA,462
Gary Sanchez,MIL,NA,NA,NA,1.2,3.3,-2.0999999999999996,-1.2,NA,144,7,16,20,0,0.222,NA,NA,NA,NA,NA,NA,NA,NA,NA,NA,NA,NA,NA,NA,NA,463
Bryce Johnson,SDP,NA,NA,NA,1.2,3.3,-2.0999999999999996,-1.2,NA,189,2,20,17,7,0.231,NA,NA,NA,NA,NA,NA,0,0,0,0,0,1,0,0,NA,464
Zac Veen,COL,Hoosiers,2,1,1.2,3.3,-2.0999999999999996,-1.2,-2.2,119,3,14,13,4,0.25,NA,NA,NA,NA,NA,NA,0,0,0,0,0,1,0,0,NA,465
Jose Quintana,COL,Free Birds,2,1,-0.5,1.6,-2.1,-1.2,-2.2,NA,NA,NA,NA,NA,NA,144,8,0,102,4.86,1.49,0,0,0,0,0,0,0,0,NA,466
Jose Quintana,COL,Free Birds,2,1,-0.5,1.6,-2.1,-1.2,-2.2,NA,NA,NA,NA,NA,NA,144,8,0,102,4.86,1.49,0,0,0,0,1,0,0,1,NA,467
Michael Lorenzen,COL,NA,NA,NA,-0.5,1.6,-2.1,-1.2,NA,NA,NA,NA,NA,NA,NA,143,7,0,114,5.08,1.45,NA,NA,NA,NA,NA,NA,NA,NA,NA,468
Luis Peralta,COL,NA,NA,NA,-0.5,1.6,-2.1,-1.2,NA,NA,NA,NA,NA,NA,NA,34,1,0,32,5.4,1.62,0,0,0,0,0,0,0,0,NA,469
Luis Peralta,COL,NA,NA,NA,-0.5,1.6,-2.1,-1.2,NA,NA,NA,NA,NA,NA,NA,34,1,0,32,5.4,1.62,0,0,0,0,0,0,0,0,NA,470
Alex Call,LAD,Free At Last,2,1,1.1,3.3,-2.1999999999999997,-1.5,-2.5,140,4,17,16,2,0.24,NA,NA,NA,NA,NA,NA,0,0,0,0,0,1,0,0,NA,471
Jett Williams,MIL,Hoosiers,2,1,1.1,3.3,-2.1999999999999997,-1.5,-2.5,147,3,18,16,5,0.222,NA,NA,NA,NA,NA,NA,0,0,0,0,1,0,0,1,NA,472
Esteury Ruiz,MIA,NA,NA,NA,1.1,3.3,-2.1999999999999997,-1.5,NA,77,2,10,8,7,0.246,NA,NA,NA,NA,NA,NA,0,0,0,0,0,1,0,0,NA,473
Santiago Espinal,CIN,NA,NA,NA,1.1,3.3,-2.1999999999999997,-1.5,NA,196,2,18,17,2,0.25,NA,NA,NA,NA,NA,NA,0,0,1,1,0,1,1,1,NA,474
Jorge Mateo,ATL,NA,NA,NA,1.1,3.3,-2.1999999999999997,-1.5,NA,105,2,12,10,8,0.224,NA,NA,NA,NA,NA,NA,NA,NA,NA,NA,NA,NA,NA,NA,NA,475
Tomoyuki Sugano,COL,NA,NA,NA,-0.6,1.6,-2.2,-1.5,NA,NA,NA,NA,NA,NA,NA,116,6,0,74,5.17,1.43,NA,NA,NA,NA,NA,NA,NA,NA,NA,476
Bryan Torres,STL,NA,NA,NA,1,3.3,-2.3,-1.8,NA,112,1,12,10,4,0.27,NA,NA,NA,NA,NA,NA,NA,NA,NA,NA,NA,NA,NA,NA,NA,477
Nick Yorke,PIT,NA,NA,NA,1,3.3,-2.3,-1.8,NA,119,2,13,11,3,0.254,NA,NA,NA,NA,NA,NA,0,0,1,0,0,0,0,1,NA,478
Tim Tawa,ARI,NA,NA,NA,1,3.3,-2.3,-1.8,NA,161,4,18,17,3,0.223,NA,NA,NA,NA,NA,NA,0,1,1,0,0,1,1,1,NA,479
Jorge Barrosa,ARI,NA,NA,NA,1,3.3,-2.3,-1.8,NA,182,3,20,17,3,0.227,NA,NA,NA,NA,NA,NA,0,0,0,0,0,1,0,0,NA,480
Luis Matos,SFG,NA,NA,NA,0.9,3.3,-2.4,-2.1,NA,84,3,10,10,2,0.249,NA,NA,NA,NA,NA,NA,0,0,0,0,0,1,0,0,NA,481
Nathaniel Lowe,CIN,NA,NA,NA,0.9,3.3,-2.4,-2.1,NA,105,3,12,13,0,0.255,NA,NA,NA,NA,NA,NA,NA,NA,NA,NA,NA,NA,NA,NA,NA,482
Jerar Encarnacion,SFG,Hoosiers,2,1,0.9,3.3,-2.4,-2.1,-3.1,112,4,12,15,1,0.237,NA,NA,NA,NA,NA,NA,0,0,0,0,0,1,0,0,NA,483
Ryan Feltner,COL,NA,NA,NA,-0.8,1.6,-2.4000000000000004,-2.1,NA,NA,NA,NA,NA,NA,NA,97,4,0,80,5.16,1.49,0,0,0,0,0,0,0,0,NA,484
Chase Dollander,COL,NA,NA,NA,-0.8,1.6,-2.4000000000000004,-2.1,NA,NA,NA,NA,NA,NA,NA,114,5,0,98,5.27,1.49,0,0,0,0,0,0,0,0,NA,485
Alex Freeland,LAD,NA,NA,NA,0.8,3.3,-2.5,-2.4,NA,91,3,11,10,2,0.226,NA,NA,NA,NA,NA,NA,0,0,1,1,1,0,1,1,NA,486
Chas McCormick,CHC,NA,NA,NA,0.8,3.3,-2.5,-2.4,NA,105,3,12,11,3,0.228,NA,NA,NA,NA,NA,NA,NA,NA,NA,NA,NA,NA,NA,NA,NA,487
Deyvison De Los Santos,MIA,NA,NA,NA,0.8,3.3,-2.5,-2.4,NA,112,4,12,13,1,0.233,NA,NA,NA,NA,NA,NA,0,1,0,1,0,0,1,0,NA,488
Eli White,ATL,Free At Last,2,1,0.7,3.3,-2.5999999999999996,-2.7,-3.7,70,2,9,8,3,0.237,NA,NA,NA,NA,NA,NA,0,0,0,0,0,1,0,0,NA,489
Joey Wiemer,WSN,NA,NA,NA,0.7,3.3,-2.5999999999999996,-2.7,NA,119,3,12,12,3,0.208,NA,NA,NA,NA,NA,NA,0,0,0,0,0,1,0,0,NA,490
Ildemaro Vargas,ARI,NA,NA,NA,0.6,3.3,-2.6999999999999997,-3,NA,98,1,9,10,1,0.251,NA,NA,NA,NA,NA,NA,NA,NA,NA,NA,NA,NA,NA,NA,NA,491
Will Wagner,SDP,NA,NA,NA,0.6,3.3,-2.6999999999999997,-3,NA,84,1,9,8,1,0.253,NA,NA,NA,NA,NA,NA,0,1,1,1,0,0,1,1,NA,492
Adael Amador,COL,NA,NA,NA,0.6,3.3,-2.6999999999999997,-3,NA,63,1,7,7,2,0.25,NA,NA,NA,NA,NA,NA,0,0,1,0,0,0,0,1,NA,493
T.J. Rumfield,COL,NA,NA,NA,0.6,3.3,-2.6999999999999997,-3,NA,63,2,7,7,0,0.261,NA,NA,NA,NA,NA,NA,NA,NA,NA,NA,NA,NA,NA,NA,NA,494
Maximo Acosta,MIA,NA,NA,NA,0.5,3.3,-2.8,-3.3,NA,70,2,7,7,3,0.224,NA,NA,NA,NA,NA,NA,0,0,1,1,1,0,1,1,NA,495
Kris Bryant,COL,National Pastime,2,3,0.5,3.3,-2.8,-3.3,-6.3,91,2,10,9,0,0.238,NA,NA,NA,NA,NA,NA,0,1,0,0,0,1,1,0,NA,496
Endy Rodriguez,PIT,Hoosiers,2,5,0.4,3.3,-2.9,-3.6,-8.6,54,1,6,6,0,0.242,NA,NA,NA,NA,NA,NA,0,0,0,0,0,0,0,0,NA,497
Endy Rodriguez,PIT,Blue Socks,2,1,0.4,3.3,-2.9,-3.6,-4.6,54,1,6,6,0,0.242,NA,NA,NA,NA,NA,NA,0,0,0,0,0,0,0,0,NA,498
Christian Koss,SFG,NA,NA,NA,0.4,3.3,-2.9,-3.6,NA,49,1,6,5,1,0.249,NA,NA,NA,NA,NA,NA,0,0,1,1,1,0,1,1,NA,499
Dylan Moore,PHI,NA,NA,NA,0.4,3.3,-2.9,-3.6,NA,42,1,5,5,2,0.213,NA,NA,NA,NA,NA,NA,NA,NA,NA,NA,NA,NA,NA,NA,NA,500
Tirso Ornelas,SDP,NA,NA,NA,0.4,3.3,-2.9,-3.6,NA,56,1,6,6,1,0.24,NA,NA,NA,NA,NA,NA,0,0,0,0,0,1,0,0,NA,501
Orelvis Martinez,WSN,NA,NA,NA,0.4,3.3,-2.9,-3.6,NA,98,3,10,11,0,0.197,NA,NA,NA,NA,NA,NA,NA,NA,NA,NA,NA,NA,NA,NA,NA,502
Antonio Senzatela,COL,NA,NA,NA,-1.3,1.6,-2.9000000000000004,-3.6,NA,NA,NA,NA,NA,NA,NA,85,4,0,51,5.47,1.57,0,0,0,0,0,0,0,0,NA,503
Aidan Miller,PHI,Blue Socks,2,1,0.3,3.3,-3,-3.9,-4.9,42,1,5,4,2,0.224,NA,NA,NA,NA,NA,NA,0,0,0,0,1,0,0,1,NA,504
Brett Wisely,ATL,NA,NA,NA,0.3,3.3,-3,-3.9,NA,42,1,5,4,1,0.236,NA,NA,NA,NA,NA,NA,0,0,1,0,1,0,0,1,NA,505
Rafael Flores Jr.,PIT,NA,NA,NA,0.3,3.3,-3,-3.9,NA,53,1,5,5,0,0.245,NA,NA,NA,NA,NA,NA,NA,NA,NA,NA,NA,NA,NA,NA,NA,506
Brandon Lockridge,MIL,NA,NA,NA,0.3,3.3,-3,-3.9,NA,42,0,5,4,2,0.242,NA,NA,NA,NA,NA,NA,0,0,0,0,0,1,0,0,NA,507
Tommy Troy,ARI,NA,NA,NA,0.3,3.3,-3,-3.9,NA,35,1,4,3,1,0.239,NA,NA,NA,NA,NA,NA,0,0,0,0,1,0,0,1,NA,508
Jack Suwinski,PIT,NA,NA,NA,0.3,3.3,-3,-3.9,NA,35,1,4,4,1,0.22,NA,NA,NA,NA,NA,NA,0,0,0,0,0,1,0,0,NA,509
Tyler Fitzgerald,SFG,National Pastime,Opt,1,0.3,3.3,-3,-3.9,-4.9,28,1,3,3,1,0.233,NA,NA,NA,NA,NA,NA,0,0,1,0,1,0,0,1,NA,510
Vidal Brujan,NYM,NA,NA,NA,0.3,3.3,-3,-3.9,NA,35,1,4,3,1,0.227,NA,NA,NA,NA,NA,NA,0,0,1,1,1,1,1,1,NA,511
Tyler Callihan,CIN,NA,NA,NA,0.3,3.3,-3,-3.9,NA,49,1,5,5,1,0.227,NA,NA,NA,NA,NA,NA,0,0,1,0,0,0,0,1,NA,512
Gabriel Rincones Jr.,PHI,NA,NA,NA,0.3,3.3,-3,-3.9,NA,35,1,4,4,1,0.216,NA,NA,NA,NA,NA,NA,0,0,0,0,0,1,0,0,NA,513
Kevin Alcantara,CHC,NA,NA,NA,0.3,3.3,-3,-3.9,NA,35,1,4,4,1,0.231,NA,NA,NA,NA,NA,NA,0,0,0,0,0,1,0,0,NA,514
Bryan Ramos,STL,NA,NA,NA,0.3,3.3,-3,-3.9,NA,35,1,4,4,1,0.212,NA,NA,NA,NA,NA,NA,NA,NA,NA,NA,NA,NA,NA,NA,NA,515
Blake Dunn,CIN,NA,NA,NA,0.3,3.3,-3,-3.9,NA,28,1,3,3,1,0.232,NA,NA,NA,NA,NA,NA,0,0,0,0,0,1,0,0,NA,516
Grant McCray,SFG,NA,NA,NA,0.3,3.3,-3,-3.9,NA,28,1,3,3,1,0.223,NA,NA,NA,NA,NA,NA,0,0,0,0,0,1,0,0,NA,517
Sterlin Thompson,COL,NA,NA,NA,0.3,3.3,-3,-3.9,NA,28,1,3,3,0,0.258,NA,NA,NA,NA,NA,NA,NA,NA,NA,NA,NA,NA,NA,NA,NA,518
MJ Melendez,NYM,NA,NA,NA,0.3,3.3,-3,-3.9,NA,42,1,5,5,1,0.216,NA,NA,NA,NA,NA,NA,NA,NA,NA,NA,NA,NA,NA,NA,NA,519
Yohandy Morales,WSN,NA,NA,NA,0.3,3.3,-3,-3.9,NA,56,1,6,6,0,0.236,NA,NA,NA,NA,NA,NA,0,1,0,1,0,0,1,0,NA,520
Jose Miranda,SDP,NA,NA,NA,0.3,3.3,-3,-3.9,NA,56,1,5,6,0,0.229,NA,NA,NA,NA,NA,NA,NA,NA,NA,NA,NA,NA,NA,NA,NA,521
Jesus Rodriguez,SFG,NA,NA,NA,0.2,3.3,-3.0999999999999996,-4.2,NA,26,0,3,2,1,0.267,NA,NA,NA,NA,NA,NA,NA,NA,NA,NA,NA,NA,NA,NA,NA,522
Jonah Heim,ATL,NA,NA,NA,0.2,3.3,-3.0999999999999996,-4.2,NA,45,1,4,5,0,0.225,NA,NA,NA,NA,NA,NA,NA,NA,NA,NA,NA,NA,NA,NA,NA,523
Mason McCoy,SDP,NA,NA,NA,0.2,3.3,-3.0999999999999996,-4.2,NA,49,1,5,4,1,0.203,NA,NA,NA,NA,NA,NA,0,0,0,0,1,0,0,1,NA,524
Cesar Prieto,STL,NA,NA,NA,0.2,3.3,-3.0999999999999996,-4.2,NA,28,0,3,3,0,0.256,NA,NA,NA,NA,NA,NA,0,0,1,1,0,0,1,1,NA,525
Kyle Farmer,ATL,Free At Last,2,1,0.2,3.3,-3.0999999999999996,-4.2,-5.2,28,1,3,3,0,0.233,NA,NA,NA,NA,NA,NA,0,1,1,1,1,0,1,1,NA,526
A.J. Vukovich,ARI,NA,NA,NA,0.2,3.3,-3.0999999999999996,-4.2,NA,28,1,3,3,0,0.236,NA,NA,NA,NA,NA,NA,0,0,0,0,0,1,0,0,NA,527
Ryan Clifford,NYM,NA,NA,NA,0.2,3.3,-3.0999999999999996,-4.2,NA,14,1,2,2,0,0.21,NA,NA,NA,NA,NA,NA,0,1,0,0,0,1,1,0,NA,528
Pedro Leon,PHI,NA,NA,NA,0.2,3.3,-3.0999999999999996,-4.2,NA,21,1,2,3,1,0.217,NA,NA,NA,NA,NA,NA,0,0,0,0,0,1,0,0,NA,529
Blaze Jordan,STL,NA,NA,NA,0.2,3.3,-3.0999999999999996,-4.2,NA,21,1,2,2,0,0.246,NA,NA,NA,NA,NA,NA,0,1,0,1,0,0,1,0,NA,530
Rece Hinds,CIN,NA,NA,NA,0.2,3.3,-3.0999999999999996,-4.2,NA,14,1,2,2,0,0.233,NA,NA,NA,NA,NA,NA,0,0,0,0,0,1,0,0,NA,531
Matt Mervis,WSN,NA,NA,NA,0.2,3.3,-3.0999999999999996,-4.2,NA,35,1,4,4,0,0.216,NA,NA,NA,NA,NA,NA,NA,NA,NA,NA,NA,NA,NA,NA,NA,532
Brock Wilken,MIL,NA,NA,NA,0.1,3.3,-3.1999999999999997,-4.5,NA,42,1,4,5,0,0.191,NA,NA,NA,NA,NA,NA,0,0,0,1,0,0,1,0,NA,533
Enmanuel Valdez,PIT,Louisville Sluggers,2,1,0.1,3.3,-3.1999999999999997,-4.5,-5.5,14,0,2,2,0,0.239,NA,NA,NA,NA,NA,NA,0,1,1,0,0,0,1,1,NA,534
Dylan Carlson,CHC,NA,NA,NA,0.1,3.3,-3.1999999999999997,-4.5,NA,21,0,2,2,0,0.23,NA,NA,NA,NA,NA,NA,NA,NA,NA,NA,NA,NA,NA,NA,NA,535
Samad Taylor,SDP,NA,NA,NA,0.1,3.3,-3.1999999999999997,-4.5,NA,14,0,2,1,1,0.237,NA,NA,NA,NA,NA,NA,NA,NA,NA,NA,NA,NA,NA,NA,NA,536
Matt Koperniak,STL,NA,NA,NA,0.1,3.3,-3.1999999999999997,-4.5,NA,21,0,2,2,0,0.239,NA,NA,NA,NA,NA,NA,0,0,0,0,0,1,0,0,NA,537
Akil Baddoo,MIL,NA,NA,NA,0.1,3.3,-3.1999999999999997,-4.5,NA,14,0,2,2,0,0.224,NA,NA,NA,NA,NA,NA,0,0,0,0,0,1,0,0,NA,538
Jonathon Long,CHC,NA,NA,NA,0.1,3.3,-3.1999999999999997,-4.5,NA,7,0,1,1,0,0.246,NA,NA,NA,NA,NA,NA,0,0,0,1,0,0,1,0,NA,539
Dominic Fletcher,PIT,NA,NA,NA,0.1,3.3,-3.1999999999999997,-4.5,NA,7,0,1,1,0,0.242,NA,NA,NA,NA,NA,NA,0,0,0,0,0,1,0,0,NA,540
Vimael Machin,COL,NA,NA,NA,0.1,3.3,-3.1999999999999997,-4.5,NA,7,0,1,1,0,0.259,NA,NA,NA,NA,NA,NA,NA,NA,NA,NA,NA,NA,NA,NA,NA,541
Christian Franklin,WSN,NA,NA,NA,0.1,3.3,-3.1999999999999997,-4.5,NA,14,0,2,1,0,0.233,NA,NA,NA,NA,NA,NA,0,0,0,0,0,1,0,0,NA,542
James Triantos,CHC,NA,NA,NA,0.1,3.3,-3.1999999999999997,-4.5,NA,7,0,1,1,0,0.239,NA,NA,NA,NA,NA,NA,0,0,1,0,0,0,0,1,NA,543
Nicky Lopez,COL,NA,NA,NA,0.1,3.3,-3.1999999999999997,-4.5,NA,7,0,1,1,0,0.255,NA,NA,NA,NA,NA,NA,NA,NA,NA,NA,NA,NA,NA,NA,NA,544
Christian Encarnacion-Strand,CIN,NA,NA,NA,0.1,3.3,-3.1999999999999997,-4.5,NA,7,0,1,1,0,0.243,NA,NA,NA,NA,NA,NA,0,1,0,0,0,0,1,0,NA,545
Hector Rodriguez,CIN,NA,NA,NA,0.1,3.3,-3.1999999999999997,-4.5,NA,7,0,1,1,0,0.248,NA,NA,NA,NA,NA,NA,0,0,0,0,0,1,0,0,NA,546
Kemp Alderman,MIA,NA,NA,NA,0.1,3.3,-3.1999999999999997,-4.5,NA,7,0,1,1,0,0.242,NA,NA,NA,NA,NA,NA,0,0,0,0,0,1,0,0,NA,547
Nick Morabito,NYM,NA,NA,NA,0.1,3.3,-3.1999999999999997,-4.5,NA,7,0,1,1,0,0.238,NA,NA,NA,NA,NA,NA,NA,NA,NA,NA,NA,NA,NA,NA,NA,548
Justin Dean,CHC,NA,NA,NA,0.1,3.3,-3.1999999999999997,-4.5,NA,14,0,2,1,1,0.208,NA,NA,NA,NA,NA,NA,0,0,0,0,0,1,0,0,NA,549
Jared Serna,MIA,NA,NA,NA,0.1,3.3,-3.1999999999999997,-4.5,NA,35,0,4,3,1,0.218,NA,NA,NA,NA,NA,NA,0,0,0,0,1,0,0,1,NA,550
Garrett Hampson,CIN,NA,NA,NA,0.1,3.3,-3.1999999999999997,-4.5,NA,28,0,3,2,1,0.216,NA,NA,NA,NA,NA,NA,NA,NA,NA,NA,NA,NA,NA,NA,NA,551
Reese McGuire,MIL,NA,NA,NA,0,3.3,-3.3,-4.8,NA,13,0,1,1,0,0.223,NA,NA,NA,NA,NA,NA,NA,NA,NA,NA,NA,NA,NA,NA,NA,552
Eric Haase,SFG,NA,NA,NA,0,3.3,-3.3,-4.8,NA,13,0,1,1,0,0.218,NA,NA,NA,NA,NA,NA,NA,NA,NA,NA,NA,NA,NA,NA,NA,553
Jared Young,NYM,NA,NA,NA,0,3.3,-3.3,-4.8,NA,7,0,1,1,0,0.237,NA,NA,NA,NA,NA,NA,0,0,0,1,0,1,1,0,NA,554
Nacho Alvarez Jr.,ATL,NA,NA,NA,0,3.3,-3.3,-4.8,NA,7,0,1,1,0,0.238,NA,NA,NA,NA,NA,NA,0,0,1,1,0,0,1,1,NA,555
Ryan Ward,LAD,NA,NA,NA,0,3.3,-3.3,-4.8,NA,7,0,1,1,0,0.227,NA,NA,NA,NA,NA,NA,NA,NA,NA,NA,NA,NA,NA,NA,NA,556
Blake Hunt,SDP,NA,NA,NA,0,3.3,-3.3,-4.8,NA,6,0,1,1,0,0.212,NA,NA,NA,NA,NA,NA,0,0,0,0,0,1,0,0,NA,557
Austin Barnes,NYM,NA,NA,NA,-0,3.3,-3.3,-4.8,NA,13,0,1,1,0,0.208,NA,NA,NA,NA,NA,NA,NA,NA,NA,NA,NA,NA,NA,NA,NA,558
Brett Sullivan,COL,NA,NA,NA,0,3.3,-3.3,-4.8,NA,13,0,1,1,0,0.236,NA,NA,NA,NA,NA,NA,NA,NA,NA,NA,NA,NA,NA,NA,NA,559
Steward Berroa,MIL,NA,NA,NA,0,3.3,-3.3,-4.8,NA,7,0,1,1,0,0.208,NA,NA,NA,NA,NA,NA,0,0,0,0,0,1,0,0,NA,560
Tyler Black,MIL,NA,NA,NA,0,3.3,-3.3,-4.8,NA,7,0,1,1,0,0.221,NA,NA,NA,NA,NA,NA,0,1,0,0,0,0,1,0,NA,561
Chadwick Tromp,ATL,NA,NA,NA,0,3.3,-3.3,-4.8,NA,6,0,1,1,0,0.206,NA,NA,NA,NA,NA,NA,NA,NA,NA,NA,NA,NA,NA,NA,NA,562
Edwin Arroyo,CIN,NA,NA,NA,0,3.3,-3.3,-4.8,NA,14,0,1,1,0,0.252,NA,NA,NA,NA,NA,NA,0,0,0,0,1,0,0,1,NA,563
Grae Kessinger,NYM,NA,NA,NA,0,3.3,-3.3,-4.8,NA,7,0,1,1,0,0.205,NA,NA,NA,NA,NA,NA,NA,NA,NA,NA,NA,NA,NA,NA,NA,564
Sergio Alcantara,WSN,NA,NA,NA,0,3.3,-3.3,-4.8,NA,7,0,1,1,0,0.219,NA,NA,NA,NA,NA,NA,NA,NA,NA,NA,NA,NA,NA,NA,NA,565
Billy Cook,PIT,NA,NA,NA,0,3.3,-3.3,-4.8,NA,7,0,1,1,0,0.225,NA,NA,NA,NA,NA,NA,0,1,0,0,0,1,1,0,NA,566
Davis Wendzel,PIT,NA,NA,NA,0,3.3,-3.3,-4.8,NA,7,0,1,1,0,0.208,NA,NA,NA,NA,NA,NA,0,0,0,1,0,0,1,0,NA,567
Trey Lipscomb,WSN,NA,NA,NA,0,3.3,-3.3,-4.8,NA,14,0,1,1,0,0.236,NA,NA,NA,NA,NA,NA,0,0,0,1,0,0,1,0,NA,568
Michael Siani,LAD,NA,NA,NA,0,3.3,-3.3,-4.8,NA,7,0,1,1,0,0.197,NA,NA,NA,NA,NA,NA,0,0,0,0,0,1,0,0,NA,569
Ben Cowles,CHC,NA,NA,NA,0,3.3,-3.3,-4.8,NA,7,0,1,1,0,0.214,NA,NA,NA,NA,NA,NA,NA,NA,NA,NA,NA,NA,NA,NA,NA,570
Will Banfield,CIN,NA,NA,NA,0,3.3,-3.3,-4.8,NA,6,0,1,1,0,0.207,NA,NA,NA,NA,NA,NA,NA,NA,NA,NA,NA,NA,NA,NA,NA,571
Kristian Robinson,ARI,NA,NA,NA,0,3.3,-3.3,-4.8,NA,14,0,1,1,0,0.211,NA,NA,NA,NA,NA,NA,0,0,0,0,0,1,0,0,NA,572
Ethan Murray,MIL,NA,NA,NA,-0,3.3,-3.3,-4.8,NA,14,0,1,1,0,0.195,NA,NA,NA,NA,NA,NA,NA,NA,NA,NA,NA,NA,NA,NA,NA,573
