Name,billikenTeam,Team,PA,AB,H,HR,R,RBI,SB,AVG,IP,WH,ER,W,SV,SO,ERA,WHIP,points_impact,points_pred_impact
Fernando Tatis Jr.,Big Red Machine,SDP,556,495,138,31,90,81,20,0.278,NA,NA,NA,NA,NA,NA,NA,NA,4,4.66674881601611
Juan Soto,Erie Lakers,NYM,580,458,125,27,94,81,7,0.272,NA,NA,NA,NA,NA,NA,NA,NA,3,3.3145280544250113
Mookie Betts,Erie Lakers,LAD,568,487,136,23,90,78,13,0.279,NA,NA,NA,NA,NA,NA,NA,NA,4,3.278101573343889
Francisco Lindor,National Pastime,NYM,580,512,133,23,85,73,18,0.261,NA,NA,NA,NA,NA,NA,NA,NA,0,0
Shohei Ohtani,Louisville Sluggers,LAD,551,473,132,34,100,91,30,0.279,NA,NA,NA,NA,NA,NA,NA,NA,0,0
Ronald Acuna Jr.,Westside Marauders,ATL,477,410,122,22,84,61,38,0.298,NA,NA,NA,NA,NA,NA,NA,NA,0,0
Kyle Tucker,Melonheads,CHC,570,488,133,26,85,83,21,0.272,NA,NA,NA,NA,NA,NA,NA,NA,0,0
Corbin Carroll,Hoosiers,ARI,572,497,131,23,94,75,31,0.264,NA,NA,NA,NA,NA,NA,NA,NA,0,0
Elly De La Cruz,Hoosiers,CIN,562,500,128,22,83,76,46,0.255,NA,NA,NA,NA,NA,NA,NA,NA,0,0
William Contreras,Melonheads,MIL,530,462,123,19,69,70,7,0.266,NA,NA,NA,NA,NA,NA,NA,NA,0,0
Jackson Merrill,Louisville Sluggers,SDP,509,472,133,20,64,73,12,0.282,NA,NA,NA,NA,NA,NA,NA,NA,0,0
Austin Riley,National Pastime,ATL,578,519,139,27,79,82,1,0.268,NA,NA,NA,NA,NA,NA,NA,NA,0,0
Bryce Harper,Blue Socks,PHI,562,477,132,25,80,81,11,0.278,NA,NA,NA,NA,NA,NA,NA,NA,0,0
Matt Chapman,Free At Last,SFG,574,496,118,21,72,70,9,0.237,NA,NA,NA,NA,NA,NA,NA,NA,0,0
Patrick Bailey,NA,SFG,428,385,88,9,43,43,3,0.228,NA,NA,NA,NA,NA,NA,NA,NA,0,0
Trea Turner,Blue Socks,PHI,562,514,142,18,79,66,22,0.277,NA,NA,NA,NA,NA,NA,NA,NA,0,0
Michael Harris II,National Pastime,ATL,525,487,137,19,68,68,17,0.281,NA,NA,NA,NA,NA,NA,NA,NA,0,0
Gabriel Moreno,Erie Lakers,ARI,432,382,106,8,49,47,4,0.277,NA,NA,NA,NA,NA,NA,NA,NA,0,0
Freddie Freeman,Erie Lakers,LAD,539,467,135,20,77,76,9,0.289,NA,NA,NA,NA,NA,NA,NA,NA,0,0
Dansby Swanson,Big Red Machine,CHC,570,512,122,17,70,66,13,0.239,NA,NA,NA,NA,NA,NA,NA,NA,0,0
Manny Machado,Hoosiers,SDP,551,500,132,22,69,79,10,0.263,NA,NA,NA,NA,NA,NA,NA,NA,0,0
Ketel Marte,Big Red Machine,ARI,465,407,112,18,67,61,5,0.275,NA,NA,NA,NA,NA,NA,NA,NA,0,0
Nico Hoerner,Free Birds,CHC,511,464,129,7,61,50,25,0.278,NA,NA,NA,NA,NA,NA,NA,NA,0,0
Will Smith,Westside Marauders,LAD,429,370,95,16,55,58,2,0.256,NA,NA,NA,NA,NA,NA,NA,NA,0,0
Willy Adames,National Pastime,SFG,568,505,121,19,70,68,11,0.24,NA,NA,NA,NA,NA,NA,NA,NA,0,0
Xander Bogaerts,Erie Lakers,SDP,545,489,129,13,62,59,12,0.264,NA,NA,NA,NA,NA,NA,NA,NA,0,0
Pete Crow-Armstrong,Melonheads,CHC,494,452,114,15,66,63,30,0.252,NA,NA,NA,NA,NA,NA,NA,NA,0,0
Nolan Arenado,Blue Socks,STL,556,504,132,18,61,73,3,0.261,NA,NA,NA,NA,NA,NA,NA,NA,0,0
Jung Hoo Lee,Blue Socks,SFG,521,473,136,10,62,60,7,0.288,NA,NA,NA,NA,NA,NA,NA,NA,0,0
Tommy Edman,Blue Socks,LAD,521,476,122,17,69,64,19,0.255,NA,NA,NA,NA,NA,NA,NA,NA,0,0
Francisco Alvarez,Westside Marauders,NYM,342,302,73,16,43,47,2,0.243,NA,NA,NA,NA,NA,NA,NA,NA,0,0
Masyn Winn,Westside Marauders,STL,533,484,123,13,67,57,11,0.255,NA,NA,NA,NA,NA,NA,NA,NA,0,0
Pete Alonso,Westside Marauders,NYM,568,491,121,29,75,90,3,0.246,NA,NA,NA,NA,NA,NA,NA,NA,0,0
Oneil Cruz,Westside Marauders,PIT,521,461,114,22,71,67,23,0.248,NA,NA,NA,NA,NA,NA,NA,NA,0,0
Bryson Stott,Erie Lakers,PHI,497,445,116,11,62,52,21,0.261,NA,NA,NA,NA,NA,NA,NA,NA,0,0
Matt Olson,Free Birds,ATL,584,503,125,28,76,88,1,0.248,NA,NA,NA,NA,NA,NA,NA,NA,0,0
Geraldo Perdomo,Free At Last,ARI,489,416,105,8,65,48,14,0.253,NA,NA,NA,NA,NA,NA,NA,NA,0,0
Matt McLain,Hoosiers,CIN,497,434,106,19,68,64,16,0.244,NA,NA,NA,NA,NA,NA,NA,NA,0,0
Brenton Doyle,Louisville Sluggers,COL,563,516,130,20,72,69,23,0.253,NA,NA,NA,NA,NA,NA,NA,NA,0,0
James Wood,Erie Lakers,WSN,513,447,115,20,71,63,16,0.257,NA,NA,NA,NA,NA,NA,NA,NA,0,0
Ozzie Albies,Free At Last,ATL,561,512,133,19,72,73,10,0.259,NA,NA,NA,NA,NA,NA,NA,NA,0,0
Xavier Edwards,Louisville Sluggers,MIA,507,449,129,4,61,40,27,0.287,NA,NA,NA,NA,NA,NA,NA,NA,0,0
Sean Murphy,Big Red Machine,ATL,343,299,69,15,40,46,0,0.23,NA,NA,NA,NA,NA,NA,NA,NA,0,0
Lars Nootbaar,Free Birds,STL,462,390,96,16,63,51,8,0.247,NA,NA,NA,NA,NA,NA,NA,NA,0,0
Ian Happ,Free At Last,CHC,564,487,121,18,75,64,10,0.248,NA,NA,NA,NA,NA,NA,NA,NA,0,0
Mark Vientos,National Pastime,NYM,545,491,119,25,64,77,0,0.242,NA,NA,NA,NA,NA,NA,NA,NA,0,0
Brice Turang,National Pastime,MIL,533,479,125,9,68,50,33,0.261,NA,NA,NA,NA,NA,NA,NA,NA,0,0
Brendan Donovan,National Pastime,STL,509,450,127,11,60,56,6,0.282,NA,NA,NA,NA,NA,NA,NA,NA,0,0
CJ Abrams,Melonheads,WSN,465,422,107,16,63,52,27,0.253,NA,NA,NA,NA,NA,NA,NA,NA,0,0
Jackson Chourio,Louisville Sluggers,MIL,545,502,133,20,74,73,23,0.264,NA,NA,NA,NA,NA,NA,NA,NA,0,0
Ezequiel Tovar,Erie Lakers,COL,526,493,128,17,64,63,9,0.259,NA,NA,NA,NA,NA,NA,NA,NA,0,0
Kyle Schwarber,Free At Last,PHI,568,471,106,32,82,81,5,0.225,NA,NA,NA,NA,NA,NA,NA,NA,0,0
Teoscar Hernandez,Free Birds,LAD,551,503,132,26,70,87,8,0.263,NA,NA,NA,NA,NA,NA,NA,NA,0,0
Alec Bohm,Free Birds,PHI,533,489,134,13,61,66,4,0.275,NA,NA,NA,NA,NA,NA,NA,NA,0,0
Brandon Nimmo,Melonheads,NYM,485,420,103,14,60,55,6,0.245,NA,NA,NA,NA,NA,NA,NA,NA,0,0
Marcell Ozuna,Big Red Machine,ATL,525,459,119,26,67,76,1,0.26,NA,NA,NA,NA,NA,NA,NA,NA,0,0
TJ Friedl,Free Birds,CIN,497,439,111,13,63,55,16,0.253,NA,NA,NA,NA,NA,NA,NA,NA,0,0
Jeff McNeil,Westside Marauders,NYM,403,363,101,8,46,45,4,0.278,NA,NA,NA,NA,NA,NA,NA,NA,0,0
Ivan Herrera,National Pastime,STL,278,239,61,8,34,33,4,0.257,NA,NA,NA,NA,NA,NA,NA,NA,0,0
Christian Yelich,Erie Lakers,MIL,485,416,107,16,66,59,19,0.257,NA,NA,NA,NA,NA,NA,NA,NA,0,0
J.T. Realmuto,Blue Socks,PHI,424,382,94,13,47,50,8,0.246,NA,NA,NA,NA,NA,NA,NA,NA,0,0
Michael Busch,Big Red Machine,CHC,476,418,103,18,62,62,3,0.246,NA,NA,NA,NA,NA,NA,NA,NA,0,0
Max Muncy,Free Birds,LAD,444,369,77,18,56,55,2,0.208,NA,NA,NA,NA,NA,NA,NA,NA,0,0
Luis Garcia Jr.,Louisville Sluggers,WSN,471,438,118,13,54,57,13,0.268,NA,NA,NA,NA,NA,NA,NA,NA,0,0
Josh Naylor,Big Red Machine,ARI,519,464,126,19,61,78,9,0.271,NA,NA,NA,NA,NA,NA,NA,NA,0,0
Ke'Bryan Hayes,Blue Socks,PIT,509,465,116,9,54,50,13,0.249,NA,NA,NA,NA,NA,NA,NA,NA,0,0
Tyler Fitzgerald,National Pastime,SFG,485,442,106,16,62,58,18,0.24,NA,NA,NA,NA,NA,NA,NA,NA,0,0
Eugenio Suarez,Westside Marauders,ARI,507,446,102,20,58,66,2,0.227,NA,NA,NA,NA,NA,NA,NA,NA,0,0
Seiya Suzuki,Melonheads,CHC,464,407,106,18,59,61,9,0.26,NA,NA,NA,NA,NA,NA,NA,NA,0,0
Carson Kelly,Westside Marauders,CHC,269,234,55,9,31,34,1,0.235,NA,NA,NA,NA,NA,NA,NA,NA,0,0
Jesus Sanchez,Blue Socks,MIA,435,390,100,16,51,54,9,0.256,NA,NA,NA,NA,NA,NA,NA,NA,0,0
Otto Lopez,Big Red Machine,MIA,441,404,109,6,51,43,14,0.271,NA,NA,NA,NA,NA,NA,NA,NA,0,0
Joey Ortiz,Big Red Machine,MIL,521,463,112,10,60,56,11,0.242,NA,NA,NA,NA,NA,NA,NA,NA,0,0
Nathaniel Lowe,Melonheads,WSN,531,464,123,16,59,62,3,0.265,NA,NA,NA,NA,NA,NA,NA,NA,0,0
Ryan McMahon,Westside Marauders,COL,550,482,114,17,61,61,4,0.236,NA,NA,NA,NA,NA,NA,NA,NA,0,0
Luis Arraez,Melonheads,SDP,480,443,136,7,59,45,6,0.307,NA,NA,NA,NA,NA,NA,NA,NA,0,0
Brandon Marsh,NA,PHI,403,352,84,11,47,46,11,0.239,NA,NA,NA,NA,NA,NA,NA,NA,0,0
Connor Norby,Blue Socks,MIA,489,442,110,15,62,55,8,0.25,NA,NA,NA,NA,NA,NA,NA,NA,0,0
Tyler Stephenson,National Pastime,CIN,340,300,78,11,40,41,1,0.258,NA,NA,NA,NA,NA,NA,NA,NA,0,0
Bryan Reynolds,Free Birds,PIT,527,468,122,17,64,63,7,0.26,NA,NA,NA,NA,NA,NA,NA,NA,0,0
Sal Frelick,Erie Lakers,MIL,397,356,97,5,47,39,14,0.273,NA,NA,NA,NA,NA,NA,NA,NA,0,0
Spencer Horwitz,Blue Socks,PIT,349,297,81,8,43,39,2,0.273,NA,NA,NA,NA,NA,NA,NA,NA,0,0
Jake Cronenworth,Hoosiers,SDP,391,343,83,10,45,43,3,0.242,NA,NA,NA,NA,NA,NA,NA,NA,0,0
Nick Gonzales,Louisville Sluggers,PIT,302,273,73,7,36,37,3,0.266,NA,NA,NA,NA,NA,NA,NA,NA,0,0
Alek Thomas,Blue Socks,ARI,382,349,89,9,47,45,9,0.255,NA,NA,NA,NA,NA,NA,NA,NA,0,0
Jose Trevino,Erie Lakers,CIN,222,204,51,6,24,25,1,0.249,NA,NA,NA,NA,NA,NA,NA,NA,0,0
Garrett Mitchell,Hoosiers,MIL,391,344,80,10,46,43,16,0.233,NA,NA,NA,NA,NA,NA,NA,NA,0,0
Mike Yastrzemski,Free Birds,SFG,420,369,84,14,52,47,5,0.227,NA,NA,NA,NA,NA,NA,NA,NA,0,0
Willson Contreras,Louisville Sluggers,STL,503,433,102,18,61,58,6,0.236,NA,NA,NA,NA,NA,NA,NA,NA,0,0
Caleb Durbin,Big Red Machine,MIL,385,340,81,7,47,41,19,0.24,NA,NA,NA,NA,NA,NA,NA,NA,0,0
Heliot Ramos,Hoosiers,SFG,509,463,114,17,60,61,7,0.246,NA,NA,NA,NA,NA,NA,NA,NA,0,0
Jacob Young,Free At Last,WSN,405,363,91,3,47,33,22,0.249,NA,NA,NA,NA,NA,NA,NA,NA,0,0
Keibert Ruiz,Blue Socks,WSN,409,380,98,13,42,51,3,0.257,NA,NA,NA,NA,NA,NA,NA,NA,0,0
Thairo Estrada,Melonheads,COL,339,313,85,10,40,39,9,0.272,NA,NA,NA,NA,NA,NA,NA,NA,0,0
Victor Scott II,Louisville Sluggers,STL,456,413,97,8,51,43,28,0.235,NA,NA,NA,NA,NA,NA,NA,NA,0,0
Austin Hays,Louisville Sluggers,CIN,462,423,110,16,57,60,5,0.26,NA,NA,NA,NA,NA,NA,NA,NA,0,0
Max Kepler,National Pastime,PHI,403,359,87,13,47,47,2,0.241,NA,NA,NA,NA,NA,NA,NA,NA,0,0
Miguel Amaya,Free At Last,CHC,258,230,56,7,27,32,1,0.245,NA,NA,NA,NA,NA,NA,NA,NA,0,0
Jordan Lawlar,Westside Marauders,ARI,256,228,55,6,30,27,9,0.242,NA,NA,NA,NA,NA,NA,NA,NA,0,0
Isiah Kiner-Falefa,Free Birds,PIT,503,464,123,5,53,44,16,0.264,NA,NA,NA,NA,NA,NA,NA,NA,0,0
Dylan Crews,Blue Socks,WSN,465,423,101,12,54,50,22,0.238,NA,NA,NA,NA,NA,NA,NA,NA,0,0
Nolan Gorman,NA,STL,355,318,72,17,44,49,4,0.227,NA,NA,NA,NA,NA,NA,NA,NA,0,0
Joey Bart,Hoosiers,PIT,314,280,68,9,34,36,1,0.244,NA,NA,NA,NA,NA,NA,NA,NA,0,0
Matt Shaw,Free Birds,CHC,294,261,62,8,35,34,8,0.239,NA,NA,NA,NA,NA,NA,NA,NA,0,0
Michael Conforto,Big Red Machine,LAD,420,367,85,16,51,55,1,0.233,NA,NA,NA,NA,NA,NA,NA,NA,0,0
Alex Call,Free At Last,WSN,298,253,59,7,36,30,7,0.233,NA,NA,NA,NA,NA,NA,NA,NA,0,0
Gavin Lux,Westside Marauders,CIN,444,390,102,9,54,46,6,0.261,NA,NA,NA,NA,NA,NA,NA,NA,0,0
Rhys Hoskins,Louisville Sluggers,MIL,503,437,100,23,59,67,3,0.228,NA,NA,NA,NA,NA,NA,NA,NA,0,0
Alec Burleson,National Pastime,STL,373,342,94,12,43,47,5,0.274,NA,NA,NA,NA,NA,NA,NA,NA,0,0
Tyrone Taylor,Erie Lakers,NYM,385,354,81,10,46,42,9,0.23,NA,NA,NA,NA,NA,NA,NA,NA,0,0
Agustin Ramirez,Hoosiers,MIA,285,256,62,9,33,34,6,0.242,NA,NA,NA,NA,NA,NA,NA,NA,0,0
Lourdes Gurriel Jr.,Erie Lakers,ARI,465,430,114,14,52,60,4,0.264,NA,NA,NA,NA,NA,NA,NA,NA,0,0
Pavin Smith,Big Red Machine,ARI,334,290,74,11,41,41,2,0.255,NA,NA,NA,NA,NA,NA,NA,NA,0,0
LaMonte Wade Jr.,Hoosiers,SFG,408,342,79,11,48,40,2,0.23,NA,NA,NA,NA,NA,NA,NA,NA,0,0
Nick Allen,Free Birds,ATL,280,253,64,4,31,27,8,0.252,NA,NA,NA,NA,NA,NA,NA,NA,0,0
Hyeseong Kim,Free At Last,LAD,266,247,67,4,29,27,10,0.274,NA,NA,NA,NA,NA,NA,NA,NA,0,0
Andy Pages,Westside Marauders,LAD,213,190,46,9,27,28,2,0.24,NA,NA,NA,NA,NA,NA,NA,NA,0,0
Kyle Stowers,Big Red Machine,MIA,423,375,87,15,46,52,3,0.232,NA,NA,NA,NA,NA,NA,NA,NA,0,0
Jesse Winker,Melonheads,NYM,320,269,65,8,37,34,5,0.24,NA,NA,NA,NA,NA,NA,NA,NA,0,0
Johan Rojas,Melonheads,PHI,278,257,65,4,33,28,17,0.251,NA,NA,NA,NA,NA,NA,NA,NA,0,0
Jose Siri,Blue Socks,NYM,213,194,40,9,27,27,8,0.208,NA,NA,NA,NA,NA,NA,NA,NA,0,0
Orlando Arcia,NA,ATL,346,315,73,9,35,37,1,0.232,NA,NA,NA,NA,NA,NA,NA,NA,0,0
Spencer Steer,Westside Marauders,CIN,444,388,93,14,53,55,12,0.24,NA,NA,NA,NA,NA,NA,NA,NA,0,0
Pedro Pages,Big Red Machine,STL,249,226,52,6,23,28,1,0.229,NA,NA,NA,NA,NA,NA,NA,NA,0,0
Blake Perkins,NA,MIL,225,196,46,5,25,22,9,0.235,NA,NA,NA,NA,NA,NA,NA,NA,0,0
Luis Torrens,Free At Last,NYM,200,183,43,5,19,23,1,0.234,NA,NA,NA,NA,NA,NA,NA,NA,0,0
Jurickson Profar,Blue Socks,ATL,286,247,64,7,36,30,3,0.259,NA,NA,NA,NA,NA,NA,NA,NA,0,0
Jake Fraley,Free Birds,CIN,349,309,78,10,41,40,15,0.253,NA,NA,NA,NA,NA,NA,NA,NA,0,0
Jose Iglesias,NA,SDP,308,288,77,4,31,30,3,0.267,NA,NA,NA,NA,NA,NA,NA,NA,0,0
Edmundo Sosa,NA,PHI,184,168,43,4,22,21,3,0.257,NA,NA,NA,NA,NA,NA,NA,NA,0,0
Drake Baldwin,Free Birds,ATL,183,162,38,5,19,21,0,0.238,NA,NA,NA,NA,NA,NA,NA,NA,0,0
Brett Baty,Westside Marauders,NYM,178,159,38,6,20,21,1,0.237,NA,NA,NA,NA,NA,NA,NA,NA,0,0
Dane Myers,Free At Last,MIA,292,266,67,7,34,33,8,0.25,NA,NA,NA,NA,NA,NA,NA,NA,0,0
Jon Berti,NA,CHC,194,173,43,3,23,16,11,0.246,NA,NA,NA,NA,NA,NA,NA,NA,0,0
Jordan Walker,Hoosiers,STL,480,436,105,14,48,54,7,0.24,NA,NA,NA,NA,NA,NA,NA,NA,0,0
Nick Fortes,NA,MIA,174,159,38,4,18,18,1,0.237,NA,NA,NA,NA,NA,NA,NA,NA,0,0
Jake McCarthy,Westside Marauders,ARI,185,166,43,3,23,20,9,0.259,NA,NA,NA,NA,NA,NA,NA,NA,0,0
Jack Suwinski,NA,PIT,278,242,54,11,32,33,7,0.222,NA,NA,NA,NA,NA,NA,NA,NA,0,0
Nick Castellanos,National Pastime,PHI,539,496,128,19,62,71,5,0.257,NA,NA,NA,NA,NA,NA,NA,NA,0,0
Santiago Espinal,Erie Lakers,CIN,231,210,56,4,24,23,5,0.265,NA,NA,NA,NA,NA,NA,NA,NA,0,0
Liam Hicks,Free Birds,MIA,165,142,34,2,16,15,1,0.243,NA,NA,NA,NA,NA,NA,NA,NA,0,0
Alex Verdugo,Free Birds,ATL,209,189,50,4,27,21,1,0.262,NA,NA,NA,NA,NA,NA,NA,NA,0,0
Justin Turner,National Pastime,CHC,311,273,68,7,35,33,1,0.248,NA,NA,NA,NA,NA,NA,NA,NA,0,0
Jared Triolo,NA,PIT,189,168,41,3,20,18,4,0.246,NA,NA,NA,NA,NA,NA,NA,NA,0,0
Thomas Saggese,Hoosiers,STL,172,159,39,5,19,21,2,0.248,NA,NA,NA,NA,NA,NA,NA,NA,0,0
Jose Tena,Louisville Sluggers,WSN,197,183,46,4,21,21,4,0.253,NA,NA,NA,NA,NA,NA,NA,NA,0,0
Amed Rosario,Westside Marauders,WSN,185,174,46,3,20,18,5,0.264,NA,NA,NA,NA,NA,NA,NA,NA,0,0
Derek Hill,Free At Last,MIA,197,180,44,5,23,21,6,0.246,NA,NA,NA,NA,NA,NA,NA,NA,0,0
Endy Rodriguez,Hoosiers,PIT,290,261,63,6,33,30,2,0.24,NA,NA,NA,NA,NA,NA,NA,NA,0,0
Endy Rodriguez,Blue Socks,PIT,290,261,63,6,33,30,2,0.24,NA,NA,NA,NA,NA,NA,NA,NA,0,0
Luis Campusano,Melonheads,SDP,98,89,24,4,12,12,0,0.266,NA,NA,NA,NA,NA,NA,NA,NA,0,0
Mickey Moniak,Blue Socks,COL,327,303,76,13,39,43,6,0.25,NA,NA,NA,NA,NA,NA,NA,NA,0,0
Wilmer Flores,Free At Last,SFG,326,291,70,12,36,43,1,0.24,NA,NA,NA,NA,NA,NA,NA,NA,0,0
Rafael Marchan,NA,PHI,119,105,24,2,12,12,0,0.232,NA,NA,NA,NA,NA,NA,NA,NA,0,0
Jeimer Candelario,Blue Socks,CIN,355,318,74,13,39,46,3,0.232,NA,NA,NA,NA,NA,NA,NA,NA,0,0
Luis Matos,Hoosiers,SFG,237,218,53,7,25,27,4,0.245,NA,NA,NA,NA,NA,NA,NA,NA,0,0
Tyler Freeman,NA,COL,133,117,31,3,17,15,4,0.269,NA,NA,NA,NA,NA,NA,NA,NA,0,0
Noelvi Marte,Melonheads,CIN,272,250,62,7,31,30,9,0.249,NA,NA,NA,NA,NA,NA,NA,NA,0,0
Starling Marte,Blue Socks,NYM,266,241,62,5,32,29,11,0.258,NA,NA,NA,NA,NA,NA,NA,NA,0,0
Paul DeJong,Big Red Machine,WSN,304,278,56,11,31,33,3,0.202,NA,NA,NA,NA,NA,NA,NA,NA,0,0
Chris Taylor,NA,LAD,231,203,45,5,27,24,5,0.222,NA,NA,NA,NA,NA,NA,NA,NA,0,0
Matt Mervis,NA,MIA,429,383,87,18,47,54,2,0.228,NA,NA,NA,NA,NA,NA,NA,NA,0,0
Josh Bell,Free At Last,WSN,495,437,104,17,54,58,1,0.238,NA,NA,NA,NA,NA,NA,NA,NA,0,0
Miguel Rojas,NA,LAD,124,114,29,2,13,12,2,0.255,NA,NA,NA,NA,NA,NA,NA,NA,0,0
Enrique Hernandez,Erie Lakers,LAD,237,215,48,7,27,27,1,0.225,NA,NA,NA,NA,NA,NA,NA,NA,0,0
Hunter Goodman,Louisville Sluggers,COL,356,325,78,16,43,52,2,0.239,NA,NA,NA,NA,NA,NA,NA,NA,0,0
Blake Dunn,NA,CIN,207,181,41,5,26,23,7,0.23,NA,NA,NA,NA,NA,NA,NA,NA,0,0
Sean Bouchard,NA,COL,206,180,44,6,26,25,4,0.247,NA,NA,NA,NA,NA,NA,NA,NA,0,0
Jarred Kelenic,NA,ATL,155,139,33,5,18,19,3,0.238,NA,NA,NA,NA,NA,NA,NA,NA,0,0
Javier Sanoja,Louisville Sluggers,MIA,179,165,44,2,18,17,4,0.269,NA,NA,NA,NA,NA,NA,NA,NA,0,0
Henry Davis,Louisville Sluggers,PIT,109,96,22,3,12,13,2,0.229,NA,NA,NA,NA,NA,NA,NA,NA,0,0
Christian Encarnacion-Strand,Louisville Sluggers,CIN,255,235,59,11,30,37,2,0.251,NA,NA,NA,NA,NA,NA,NA,NA,0,0
Luisangel Acuna,Melonheads,NYM,130,121,30,2,16,12,7,0.249,NA,NA,NA,NA,NA,NA,NA,NA,0,0
Jerar Encarnacion,NA,SFG,166,149,36,7,19,20,1,0.241,NA,NA,NA,NA,NA,NA,NA,NA,0,0
Randal Grichuk,NA,ARI,227,208,52,7,26,28,1,0.251,NA,NA,NA,NA,NA,NA,NA,NA,0,0
Nicky Lopez,NA,CHC,112,99,25,0,12,8,2,0.247,NA,NA,NA,NA,NA,NA,NA,NA,0,0
Nick Yorke,NA,PIT,95,85,22,2,10,10,2,0.257,NA,NA,NA,NA,NA,NA,NA,NA,0,0
Isaac Collins,NA,MIL,112,98,22,2,13,11,4,0.224,NA,NA,NA,NA,NA,NA,NA,NA,0,0
Eric Haase,NA,MIL,119,109,24,5,13,15,1,0.218,NA,NA,NA,NA,NA,NA,NA,NA,0,0
Drew Romo,NA,COL,88,82,21,2,10,10,1,0.255,NA,NA,NA,NA,NA,NA,NA,NA,0,0
Austin Barnes,NA,LAD,124,111,24,2,13,11,2,0.219,NA,NA,NA,NA,NA,NA,NA,NA,0,0
Adrian Del Castillo,NA,ARI,67,60,15,2,8,8,0,0.248,NA,NA,NA,NA,NA,NA,NA,NA,0,0
Brandon Lockridge,NA,SDP,118,106,25,1,13,10,7,0.238,NA,NA,NA,NA,NA,NA,NA,NA,0,0
Andrew McCutchen,Hoosiers,PIT,373,321,74,11,43,39,4,0.231,NA,NA,NA,NA,NA,NA,NA,NA,0,0
Vinny Capra,NA,MIL,118,106,25,2,12,11,1,0.235,NA,NA,NA,NA,NA,NA,NA,NA,0,0
Connor Joe,NA,SDP,95,82,19,2,11,9,1,0.225,NA,NA,NA,NA,NA,NA,NA,NA,0,0
Tom Murphy,NA,SFG,90,79,18,3,10,10,1,0.231,NA,NA,NA,NA,NA,NA,NA,NA,0,0
Casey Schmitt,NA,SFG,89,82,20,2,9,10,1,0.243,NA,NA,NA,NA,NA,NA,NA,NA,0,0
Jacob Stallings,NA,COL,282,248,57,6,27,30,1,0.23,NA,NA,NA,NA,NA,NA,NA,NA,0,0
Tirso Ornelas,NA,SDP,213,193,46,5,22,23,2,0.238,NA,NA,NA,NA,NA,NA,NA,NA,0,0
Grant McCray,NA,SFG,107,97,22,3,11,11,3,0.228,NA,NA,NA,NA,NA,NA,NA,NA,0,0
Kyle Farmer,Louisville Sluggers,COL,327,298,76,7,34,35,3,0.256,NA,NA,NA,NA,NA,NA,NA,NA,0,0
Sam Huff,NA,SFG,60,54,12,2,6,6,0,0.222,NA,NA,NA,NA,NA,NA,NA,NA,0,0
Griffin Conine,Melonheads,MIA,274,245,55,9,29,32,1,0.224,NA,NA,NA,NA,NA,NA,NA,NA,0,0
Nick Martini,Free At Last,COL,200,176,44,6,23,23,1,0.25,NA,NA,NA,NA,NA,NA,NA,NA,0,0
Nasim Nunez,NA,WSN,101,88,20,1,11,7,7,0.221,NA,NA,NA,NA,NA,NA,NA,NA,0,0
Tyler Black,NA,MIL,89,76,18,2,10,9,3,0.231,NA,NA,NA,NA,NA,NA,NA,NA,0,0
Jorge Barrosa,NA,ARI,107,96,23,2,12,11,3,0.235,NA,NA,NA,NA,NA,NA,NA,NA,0,0
Eric Wagaman,Melonheads,MIA,316,290,72,9,35,35,4,0.249,NA,NA,NA,NA,NA,NA,NA,NA,0,0
Jason Heyward,NA,SDP,225,202,45,6,25,25,3,0.22,NA,NA,NA,NA,NA,NA,NA,NA,0,0
Yohel Pozo,NA,STL,32,31,9,1,3,4,0,0.274,NA,NA,NA,NA,NA,NA,NA,NA,0,0
Oliver Dunn,Hoosiers,MIL,77,68,14,2,8,8,2,0.209,NA,NA,NA,NA,NA,NA,NA,NA,0,0
Brett Wisely,NA,SFG,59,53,13,1,6,6,1,0.238,NA,NA,NA,NA,NA,NA,NA,NA,0,0
Weston Wilson,NA,PHI,118,105,24,5,14,15,3,0.223,NA,NA,NA,NA,NA,NA,NA,NA,0,0
Oscar Gonzalez,NA,SDP,136,129,33,4,14,16,1,0.254,NA,NA,NA,NA,NA,NA,NA,NA,0,0
Elias Diaz,Melonheads,SDP,216,198,44,5,20,23,0,0.223,NA,NA,NA,NA,NA,NA,NA,NA,0,0
Andruw Monasterio,NA,MIL,65,57,14,1,7,6,2,0.237,NA,NA,NA,NA,NA,NA,NA,NA,0,0
Enmanuel Valdez,Louisville Sluggers,PIT,83,74,17,3,9,10,1,0.233,NA,NA,NA,NA,NA,NA,NA,NA,0,0
Will Benson,Louisville Sluggers,CIN,71,61,13,2,9,8,3,0.214,NA,NA,NA,NA,NA,NA,NA,NA,0,0
Gavin Sheets,Hoosiers,SDP,355,321,77,11,36,43,2,0.239,NA,NA,NA,NA,NA,NA,NA,NA,0,0
Jose Fermin,NA,STL,36,31,8,1,4,4,1,0.251,NA,NA,NA,NA,NA,NA,NA,NA,0,0
Luken Baker,NA,STL,154,136,30,7,16,20,0,0.219,NA,NA,NA,NA,NA,NA,NA,NA,0,0
Tim Tawa,NA,ARI,54,49,11,2,6,6,1,0.23,NA,NA,NA,NA,NA,NA,NA,NA,0,0
James McCann,NA,ATL,49,45,11,1,5,5,1,0.237,NA,NA,NA,NA,NA,NA,NA,NA,0,0
Maximo Acosta,NA,MIA,107,98,23,2,10,9,4,0.235,NA,NA,NA,NA,NA,NA,NA,NA,0,0
Stuart Fairchild,NA,ATL,113,100,22,3,13,12,4,0.22,NA,NA,NA,NA,NA,NA,NA,NA,0,0
Ji Hwan Bae,NA,PIT,36,32,8,0,5,3,2,0.259,NA,NA,NA,NA,NA,NA,NA,NA,0,0
Adam Frazier,Melonheads,PIT,166,150,36,2,17,15,3,0.242,NA,NA,NA,NA,NA,NA,NA,NA,0,0
Christian Koss,NA,SFG,107,98,23,2,12,10,2,0.236,NA,NA,NA,NA,NA,NA,NA,NA,0,0
Juan Yepez,NA,WSN,78,70,17,3,9,10,1,0.248,NA,NA,NA,NA,NA,NA,NA,NA,0,0
James Outman,NA,LAD,30,26,6,1,3,3,1,0.219,NA,NA,NA,NA,NA,NA,NA,NA,0,0
Braxton Fulford,NA,COL,51,45,10,1,6,6,1,0.231,NA,NA,NA,NA,NA,NA,NA,NA,0,0
Eli White,NA,ATL,54,48,11,1,7,6,2,0.232,NA,NA,NA,NA,NA,NA,NA,NA,0,0
Jakob Marsee,NA,MIA,78,66,14,1,8,6,4,0.206,NA,NA,NA,NA,NA,NA,NA,NA,0,0
Austin Wynns,NA,CIN,27,24,6,1,3,3,0,0.246,NA,NA,NA,NA,NA,NA,NA,NA,0,0
Jordan Beck,Hoosiers,COL,321,289,69,8,36,35,10,0.24,NA,NA,NA,NA,NA,NA,NA,NA,0,0
Cal Stevenson,NA,PHI,47,40,9,1,6,5,2,0.224,NA,NA,NA,NA,NA,NA,NA,NA,0,0
Vidal Brujan,NA,CHC,65,58,13,1,8,6,3,0.231,NA,NA,NA,NA,NA,NA,NA,NA,0,0
Ronny Mauricio,NA,NYM,24,22,5,1,3,3,1,0.248,NA,NA,NA,NA,NA,NA,NA,NA,0,0
Alexander Canario,Free At Last,PIT,130,118,25,5,15,16,2,0.217,NA,NA,NA,NA,NA,NA,NA,NA,0,0
Garrett Hampson,NA,ARI,66,59,14,1,7,5,2,0.235,NA,NA,NA,NA,NA,NA,NA,NA,0,0
Drew Millas,NA,WSN,16,15,4,0,2,2,0,0.249,NA,NA,NA,NA,NA,NA,NA,NA,0,0
Jose Azocar,NA,NYM,47,44,11,1,5,5,3,0.247,NA,NA,NA,NA,NA,NA,NA,NA,0,0
Tsung-Che Cheng,NA,PIT,59,53,12,1,6,5,1,0.223,NA,NA,NA,NA,NA,NA,NA,NA,0,0
Tyler Wade,NA,SDP,65,58,13,1,7,5,3,0.228,NA,NA,NA,NA,NA,NA,NA,NA,0,0
Trey Lipscomb,NA,WSN,48,44,11,1,5,4,1,0.247,NA,NA,NA,NA,NA,NA,NA,NA,0,0
Jose Herrera,NA,ARI,87,77,17,1,9,8,0,0.221,NA,NA,NA,NA,NA,NA,NA,NA,0,0
Michael Siani,NA,STL,83,74,16,1,9,7,4,0.217,NA,NA,NA,NA,NA,NA,NA,NA,0,0
Esteury Ruiz,NA,LAD,12,11,3,0,2,1,1,0.254,NA,NA,NA,NA,NA,NA,NA,NA,0,0
Riley Adams,NA,WSN,120,107,24,4,12,14,1,0.221,NA,NA,NA,NA,NA,NA,NA,NA,0,0
Jake Bauers,Louisville Sluggers,MIL,107,93,19,4,12,13,3,0.207,NA,NA,NA,NA,NA,NA,NA,NA,0,0
Andres Chaparro,NA,WSN,30,27,7,1,3,4,0,0.248,NA,NA,NA,NA,NA,NA,NA,NA,0,0
Blaze Alexander,NA,ARI,95,85,20,2,10,9,1,0.236,NA,NA,NA,NA,NA,NA,NA,NA,0,0
Aaron Schunk,NA,COL,54,51,13,1,6,6,1,0.249,NA,NA,NA,NA,NA,NA,NA,NA,0,0
Kevin Alcantara,NA,CHC,53,48,11,1,5,5,1,0.234,NA,NA,NA,NA,NA,NA,NA,NA,0,0
Wade Meckler,NA,SFG,12,11,3,0,1,1,0,0.261,NA,NA,NA,NA,NA,NA,NA,NA,0,0
Adael Amador,NA,COL,60,53,13,1,7,6,2,0.24,NA,NA,NA,NA,NA,NA,NA,NA,0,0
Jacob Hurtubise,NA,CIN,30,25,6,0,4,3,1,0.242,NA,NA,NA,NA,NA,NA,NA,NA,0,0
Reese McGuire,NA,CHC,11,10,2,0,1,1,0,0.237,NA,NA,NA,NA,NA,NA,NA,NA,0,0
Mason McCoy,NA,SDP,30,27,6,0,3,3,1,0.206,NA,NA,NA,NA,NA,NA,NA,NA,0,0
Jeferson Quero,NA,MIL,11,10,2,0,1,1,0,0.229,NA,NA,NA,NA,NA,NA,NA,NA,0,0
Eguy Rosario,NA,SDP,12,11,2,0,1,1,0,0.231,NA,NA,NA,NA,NA,NA,NA,NA,0,0
David Villar,NA,SFG,36,32,7,1,4,4,0,0.223,NA,NA,NA,NA,NA,NA,NA,NA,0,0
Nacho Alvarez Jr.,NA,ATL,12,10,3,0,1,1,0,0.249,NA,NA,NA,NA,NA,NA,NA,NA,0,0
Ronny Simon,NA,MIA,48,43,10,1,5,5,1,0.237,NA,NA,NA,NA,NA,NA,NA,NA,0,0
Garrett Stubbs,NA,PHI,16,14,3,0,2,1,0,0.221,NA,NA,NA,NA,NA,NA,NA,NA,0,0
David Bote,NA,LAD,12,11,3,0,1,1,0,0.236,NA,NA,NA,NA,NA,NA,NA,NA,0,0
Billy Cook,NA,PIT,77,70,16,2,8,8,2,0.231,NA,NA,NA,NA,NA,NA,NA,NA,0,0
Owen Caissie,NA,CHC,24,21,5,1,3,3,0,0.229,NA,NA,NA,NA,NA,NA,NA,NA,0,0
Rob Brantly,NA,MIA,11,10,2,0,1,1,0,0.241,NA,NA,NA,NA,NA,NA,NA,NA,0,0
Hayden Senger,NA,NYM,11,10,2,0,1,1,0,0.197,NA,NA,NA,NA,NA,NA,NA,NA,0,0
Liover Peguero,NA,PIT,12,11,3,0,1,1,0,0.237,NA,NA,NA,NA,NA,NA,NA,NA,0,0
Matt Koperniak,NA,STL,30,27,7,1,3,3,0,0.244,NA,NA,NA,NA,NA,NA,NA,NA,0,0
Marco Luciano,NA,SFG,12,10,2,0,1,1,0,0.22,NA,NA,NA,NA,NA,NA,NA,NA,0,0
Jason Delay,NA,ATL,5,5,1,0,1,0,0,0.226,NA,NA,NA,NA,NA,NA,NA,NA,0,0
Hunter Feduccia,NA,LAD,5,5,1,0,1,1,0,0.222,NA,NA,NA,NA,NA,NA,NA,NA,0,0
Jared Serna,NA,MIA,18,16,4,0,2,2,0,0.227,NA,NA,NA,NA,NA,NA,NA,NA,0,0
Sam Hilliard,NA,COL,6,5,1,0,1,1,0,0.243,NA,NA,NA,NA,NA,NA,NA,NA,0,0
Abrahan Gutierrez,NA,PIT,5,5,1,0,1,0,0,0.229,NA,NA,NA,NA,NA,NA,NA,NA,0,0
Victor Mesa Jr.,NA,MIA,18,16,4,0,2,2,0,0.227,NA,NA,NA,NA,NA,NA,NA,NA,0,0
Osleivis Basabe,NA,SFG,6,5,1,0,1,1,0,0.242,NA,NA,NA,NA,NA,NA,NA,NA,0,0
Kody Clemens,NA,PHI,12,11,2,0,1,2,0,0.228,NA,NA,NA,NA,NA,NA,NA,NA,0,0
Michael Helman,NA,STL,12,11,2,0,1,1,0,0.224,NA,NA,NA,NA,NA,NA,NA,NA,0,0
Brady House,NA,WSN,18,17,4,0,2,2,0,0.223,NA,NA,NA,NA,NA,NA,NA,NA,0,0
Bryce Johnson,NA,SDP,6,5,1,0,1,1,0,0.226,NA,NA,NA,NA,NA,NA,NA,NA,0,0
Bryce Eldridge,Blue Socks,SFG,59,53,13,2,6,6,0,0.235,NA,NA,NA,NA,NA,NA,NA,NA,0,0
Yuli Gurriel,NA,SDP,130,118,28,3,13,13,2,0.242,NA,NA,NA,NA,NA,NA,NA,NA,0,0
Gabriel Rincones Jr.,NA,PHI,6,5,1,0,1,1,0,0.224,NA,NA,NA,NA,NA,NA,NA,NA,0,0
Tyler Callihan,NA,CIN,6,5,1,0,1,1,0,0.225,NA,NA,NA,NA,NA,NA,NA,NA,0,0
Luke Williams,NA,ATL,6,5,1,0,1,1,0,0.222,NA,NA,NA,NA,NA,NA,NA,NA,0,0
Rece Hinds,NA,CIN,6,5,1,0,1,1,0,0.218,NA,NA,NA,NA,NA,NA,NA,NA,0,0
Deyvison De Los Santos,NA,MIA,292,272,67,11,32,36,2,0.246,NA,NA,NA,NA,NA,NA,NA,NA,0,0
Heriberto Hernandez,NA,MIA,6,5,1,0,1,1,0,0.206,NA,NA,NA,NA,NA,NA,NA,NA,0,0
Garrett Cooper,NA,ATL,6,5,1,0,1,1,0,0.234,NA,NA,NA,NA,NA,NA,NA,NA,0,0
Jose Barrero,NA,STL,6,5,1,0,1,1,0,0.204,NA,NA,NA,NA,NA,NA,NA,NA,0,0
Bryan De La Cruz,NA,ATL,18,17,4,1,2,2,0,0.242,NA,NA,NA,NA,NA,NA,NA,NA,0,0
Darren Baker,NA,WSN,18,16,4,0,2,1,1,0.248,NA,NA,NA,NA,NA,NA,NA,NA,0,0
Tommy Pham,Big Red Machine,PIT,326,292,69,7,36,30,7,0.238,NA,NA,NA,NA,NA,NA,NA,NA,0,0
Christian Arroyo,NA,PHI,6,6,1,0,1,1,0,0.227,NA,NA,NA,NA,NA,NA,NA,NA,0,0
Trey Mancini,NA,ARI,6,5,1,0,1,1,0,0.235,NA,NA,NA,NA,NA,NA,NA,NA,0,0
Stone Garrett,NA,WSN,6,5,1,0,1,1,0,0.213,NA,NA,NA,NA,NA,NA,NA,NA,0,0
Matt Gorski,NA,PIT,24,22,5,1,2,3,1,0.218,NA,NA,NA,NA,NA,NA,NA,NA,0,0
Ernesto Martinez Jr.,NA,MIL,65,59,14,2,7,7,1,0.232,NA,NA,NA,NA,NA,NA,NA,NA,0,0
Graham Pauley,Free At Last,MIA,131,118,26,3,14,14,2,0.224,NA,NA,NA,NA,NA,NA,NA,NA,0,0
Zac Veen,Hoosiers,COL,254,228,52,6,29,27,12,0.23,NA,NA,NA,NA,NA,NA,NA,NA,0,0
Robert Hassell III,Hoosiers,WSN,143,129,28,2,13,12,3,0.216,NA,NA,NA,NA,NA,NA,NA,NA,0,0
Michael Toglia,National Pastime,COL,454,403,89,19,52,56,6,0.22,NA,NA,NA,NA,NA,NA,NA,NA,0,0
Kris Bryant,National Pastime,COL,296,263,63,8,32,30,1,0.238,NA,NA,NA,NA,NA,NA,NA,NA,0,0
Martin Maldonado,NA,SDP,238,215,39,7,20,22,1,0.18,NA,NA,NA,NA,NA,NA,NA,NA,0,0
Paul Skenes,Melonheads,PIT,NA,NA,NA,NA,NA,NA,NA,NA,148,162.8,49,10,0,177,3,1.1,0,0
Zack Wheeler,Melonheads,PHI,NA,NA,NA,NA,NA,NA,NA,NA,171,189.81000000000003,63,12,0,186,3.32,1.11,0,0
Logan Webb,Hoosiers,SFG,NA,NA,NA,NA,NA,NA,NA,NA,169,199.42,60,12,0,153,3.2,1.18,0,0
Chris Sale,Westside Marauders,ATL,NA,NA,NA,NA,NA,NA,NA,NA,152,168.72000000000003,53,11,0,185,3.17,1.11,0,0
Yoshinobu Yamamoto,Blue Socks,LAD,NA,NA,NA,NA,NA,NA,NA,NA,138,149.04000000000002,52,11,0,149,3.35,1.08,0,0
Dylan Cease,Louisville Sluggers,SDP,NA,NA,NA,NA,NA,NA,NA,NA,155,184.45,60,10,0,182,3.49,1.19,0,0
Corbin Burnes,Hoosiers,ARI,NA,NA,NA,NA,NA,NA,NA,NA,158,189.6,62,11,0,157,3.52,1.2,0,0
Tyler Glasnow,Hoosiers,LAD,NA,NA,NA,NA,NA,NA,NA,NA,124,137.64000000000001,47,9,0,155,3.4,1.11,0,0
Spencer Strider,Free Birds,ATL,NA,NA,NA,NA,NA,NA,NA,NA,117,128.70000000000002,43,9,0,158,3.27,1.1,0,0
Michael King,Big Red Machine,SDP,NA,NA,NA,NA,NA,NA,NA,NA,150,184.5,58,10,0,163,3.5,1.23,0,0
Aaron Nola,Blue Socks,PHI,NA,NA,NA,NA,NA,NA,NA,NA,158,188.01999999999998,69,10,0,158,3.95,1.19,0,0
Hunter Greene,Westside Marauders,CIN,NA,NA,NA,NA,NA,NA,NA,NA,144,165.6,63,8,0,167,3.96,1.15,0,0
Spencer Schwellenbach,National Pastime,ATL,NA,NA,NA,NA,NA,NA,NA,NA,152,177.83999999999997,62,10,0,146,3.65,1.17,0,0
Sonny Gray,Erie Lakers,STL,NA,NA,NA,NA,NA,NA,NA,NA,150,175.5,60,10,0,159,3.62,1.17,0,0
MacKenzie Gore,Blue Socks,WSN,NA,NA,NA,NA,NA,NA,NA,NA,143,178.75,59,9,0,162,3.7,1.25,0,0
Freddy Peralta,National Pastime,MIL,NA,NA,NA,NA,NA,NA,NA,NA,145,172.54999999999998,61,9,0,165,3.77,1.19,0,0
Sandy Alcantara,Big Red Machine,MIA,NA,NA,NA,NA,NA,NA,NA,NA,155,192.2,65,9,0,135,3.78,1.24,0,0
Clay Holmes,Hoosiers,NYM,NA,NA,NA,NA,NA,NA,NA,NA,142,188.86,55,11,0,138,3.46,1.33,0,0
Cristopher Sanchez,Louisville Sluggers,PHI,NA,NA,NA,NA,NA,NA,NA,NA,124,153.76,50,8,0,113,3.65,1.24,0,0
Nick Martinez,Free At Last,CIN,NA,NA,NA,NA,NA,NA,NA,NA,143,184.47,66,8,0,123,4.14,1.29,0,0
Eduardo Rodriguez,Big Red Machine,ARI,NA,NA,NA,NA,NA,NA,NA,NA,136,171.36,56,10,0,131,3.72,1.26,0,0
Ranger Suarez,Erie Lakers,PHI,NA,NA,NA,NA,NA,NA,NA,NA,135,174.15,55,9,0,122,3.63,1.29,0,0
Jesus Luzardo,Louisville Sluggers,PHI,NA,NA,NA,NA,NA,NA,NA,NA,142,173.24,63,9,0,151,3.98,1.22,0,0
Nick Pivetta,National Pastime,SDP,NA,NA,NA,NA,NA,NA,NA,NA,132,153.11999999999998,56,9,0,152,3.8,1.16,0,0
Roki Sasaki,Free At Last,LAD,NA,NA,NA,NA,NA,NA,NA,NA,108,131.76,45,8,0,127,3.79,1.22,0,0
Brandon Woodruff,Hoosiers,MIL,NA,NA,NA,NA,NA,NA,NA,NA,129,153.51,54,8,0,136,3.8,1.19,0,0
Shota Imanaga,Melonheads,CHC,NA,NA,NA,NA,NA,NA,NA,NA,142,168.98,60,9,0,140,3.82,1.19,0,0
Kodai Senga,Big Red Machine,NYM,NA,NA,NA,NA,NA,NA,NA,NA,136,172.72,55,9,0,144,3.67,1.27,0,0
Brandon Pfaadt,Westside Marauders,ARI,NA,NA,NA,NA,NA,NA,NA,NA,140,169.4,62,9,0,136,3.97,1.21,0,0
Brady Singer,Melonheads,CIN,NA,NA,NA,NA,NA,NA,NA,NA,140,183.4,69,7,0,139,4.46,1.31,0,0
Mitch Keller,Free At Last,PIT,NA,NA,NA,NA,NA,NA,NA,NA,152,199.12,71,8,0,134,4.19,1.31,0,0
Zac Gallen,Westside Marauders,ARI,NA,NA,NA,NA,NA,NA,NA,NA,143,180.18,61,10,0,142,3.82,1.26,0,0
Max Meyer,Hoosiers,MIA,NA,NA,NA,NA,NA,NA,NA,NA,126,162.54,55,7,0,123,3.92,1.29,0,0
Nick Lodolo,Blue Socks,CIN,NA,NA,NA,NA,NA,NA,NA,NA,120,151.2,59,7,0,122,4.44,1.26,0,0
Blake Snell,Melonheads,LAD,NA,NA,NA,NA,NA,NA,NA,NA,80,100.8,32,6,0,101,3.6,1.26,0,0
Matthew Boyd,National Pastime,CHC,NA,NA,NA,NA,NA,NA,NA,NA,119,149.94,53,8,0,116,3.98,1.26,0,0
German Marquez,NA,COL,NA,NA,NA,NA,NA,NA,NA,NA,128,183.04,69,7,0,103,4.85,1.43,0,0
Kyle Freeland,NA,COL,NA,NA,NA,NA,NA,NA,NA,NA,139,195.98999999999998,76,7,0,101,4.91,1.41,0,0
David Peterson,Louisville Sluggers,NYM,NA,NA,NA,NA,NA,NA,NA,NA,126,170.10000000000002,53,8,0,117,3.83,1.35,0,0
Ben Brown,NA,CHC,NA,NA,NA,NA,NA,NA,NA,NA,102,130.56,44,6,0,110,3.89,1.28,0,0
Landen Roupp,Hoosiers,SFG,NA,NA,NA,NA,NA,NA,NA,NA,114,148.20000000000002,49,6,0,115,3.83,1.3,0,0
Jose Alvarado,Louisville Sluggers,PHI,NA,NA,NA,NA,NA,NA,NA,NA,53,64.13,19,4,17,65,3.13,1.21,0,0
Miles Mikolas,Free At Last,STL,NA,NA,NA,NA,NA,NA,NA,NA,137,178.1,67,7,0,93,4.42,1.3,0,0
Grant Holmes,Big Red Machine,ATL,NA,NA,NA,NA,NA,NA,NA,NA,134,182.24,63,7,0,129,4.21,1.36,0,0
Ryan Feltner,NA,COL,NA,NA,NA,NA,NA,NA,NA,NA,137,195.91,76,6,0,119,4.97,1.43,0,0
Andrew Heaney,Erie Lakers,PIT,NA,NA,NA,NA,NA,NA,NA,NA,119,155.89000000000001,57,6,0,112,4.29,1.31,0,0
Ryan Helsley,Hoosiers,STL,NA,NA,NA,NA,NA,NA,NA,NA,56,65.52,19,4,29,69,3,1.17,0,0
Mitchell Parker,Free At Last,WSN,NA,NA,NA,NA,NA,NA,NA,NA,130,178.10000000000002,62,7,0,112,4.31,1.37,0,0
Matt Strahm,NA,PHI,NA,NA,NA,NA,NA,NA,NA,NA,56,59.36,20,4,4,66,3.23,1.06,0,0
Yu Darvish,Big Red Machine,SDP,NA,NA,NA,NA,NA,NA,NA,NA,108,132.84,50,6,0,103,4.16,1.23,0,0
Shohei Ohtani,Louisville Sluggers,LAD,NA,NA,NA,NA,NA,NA,NA,NA,63,74.33999999999999,24,4,0,73,3.51,1.18,0,0
Edwin Diaz,Louisville Sluggers,NYM,NA,NA,NA,NA,NA,NA,NA,NA,55,60.50000000000001,19,4,31,79,3.08,1.1,0,0
Merrill Kelly,Westside Marauders,ARI,NA,NA,NA,NA,NA,NA,NA,NA,133,175.56,61,8,0,116,4.11,1.32,0,0
Andrew Abbott,Free Birds,CIN,NA,NA,NA,NA,NA,NA,NA,NA,103,138.02,52,6,0,101,4.55,1.34,0,0
Erick Fedde,National Pastime,STL,NA,NA,NA,NA,NA,NA,NA,NA,137,187.69000000000003,67,7,0,114,4.44,1.37,0,0
Sean Manaea,Blue Socks,NYM,NA,NA,NA,NA,NA,NA,NA,NA,108,139.32,48,7,0,107,4.05,1.29,0,0
Justin Verlander,Hoosiers,SFG,NA,NA,NA,NA,NA,NA,NA,NA,115,148.35,54,6,0,94,4.21,1.29,0,0
Tanner Scott,Melonheads,LAD,NA,NA,NA,NA,NA,NA,NA,NA,56,67.75999999999999,20,5,24,67,3.22,1.21,0,0
Dustin May,Louisville Sluggers,LAD,NA,NA,NA,NA,NA,NA,NA,NA,93,113.46,38,7,0,92,3.7,1.22,0,0
Eury Perez,Blue Socks,MIA,NA,NA,NA,NA,NA,NA,NA,NA,76,92.72,33,4,0,85,3.93,1.22,0,0
Clayton Kershaw,Blue Socks,LAD,NA,NA,NA,NA,NA,NA,NA,NA,75,95.25,33,5,0,69,3.92,1.27,0,0
Steven Matz,Free At Last,STL,NA,NA,NA,NA,NA,NA,NA,NA,102,132.6,45,6,0,87,3.94,1.3,0,0
Robbie Ray,Free Birds,SFG,NA,NA,NA,NA,NA,NA,NA,NA,125,160,57,7,0,134,4.07,1.28,0,0
Aaron Bummer,NA,ATL,NA,NA,NA,NA,NA,NA,NA,NA,54,68.58,18,4,1,62,3.01,1.27,0,0
Jameson Taillon,Westside Marauders,CHC,NA,NA,NA,NA,NA,NA,NA,NA,138,175.26,67,8,0,112,4.37,1.27,0,0
Jake Irvin,Melonheads,WSN,NA,NA,NA,NA,NA,NA,NA,NA,139,182.09,69,7,0,118,4.48,1.31,0,0
Jose Quintana,Free Birds,MIL,NA,NA,NA,NA,NA,NA,NA,NA,129,179.30999999999997,60,8,0,105,4.2,1.39,0,0
Matthew Liberatore,National Pastime,STL,NA,NA,NA,NA,NA,NA,NA,NA,111,142.08,49,6,0,101,3.92,1.28,0,0
Ryan Walker,Westside Marauders,SFG,NA,NA,NA,NA,NA,NA,NA,NA,58,66.11999999999999,19,5,24,67,3.02,1.14,0,0
Antonio Senzatela,NA,COL,NA,NA,NA,NA,NA,NA,NA,NA,127,187.96,72,5,0,75,5.13,1.48,0,0
Frankie Montas,NA,NYM,NA,NA,NA,NA,NA,NA,NA,NA,96,126.72,44,6,0,91,4.1,1.32,0,0
Justin Martinez,Erie Lakers,ARI,NA,NA,NA,NA,NA,NA,NA,NA,57,72.96000000000001,19,4,22,73,3.04,1.28,0,0
Edward Cabrera,NA,MIA,NA,NA,NA,NA,NA,NA,NA,NA,116,158.92000000000002,56,6,0,124,4.32,1.37,0,0
Tobias Myers,Westside Marauders,MIL,NA,NA,NA,NA,NA,NA,NA,NA,124,163.68,61,7,0,109,4.44,1.32,0,0
Andre Pallante,Erie Lakers,STL,NA,NA,NA,NA,NA,NA,NA,NA,111,159.84,51,6,0,80,4.16,1.44,0,0
Trevor Megill,Erie Lakers,MIL,NA,NA,NA,NA,NA,NA,NA,NA,54,66.42,20,3,22,66,3.4,1.23,0,0
Jared Jones,Hoosiers,PIT,NA,NA,NA,NA,NA,NA,NA,NA,61,76.86,26,4,0,63,3.85,1.26,0,0
Bailey Falter,Erie Lakers,PIT,NA,NA,NA,NA,NA,NA,NA,NA,117,156.78,59,6,0,89,4.51,1.34,0,0
Colin Rea,Free Birds,CHC,NA,NA,NA,NA,NA,NA,NA,NA,116,151.96,57,6,0,92,4.46,1.31,0,0
Trevor Williams,NA,WSN,NA,NA,NA,NA,NA,NA,NA,NA,114,157.32,58,5,0,91,4.59,1.38,0,0
Jason Adam,Free Birds,SDP,NA,NA,NA,NA,NA,NA,NA,NA,57,63.27,21,4,5,66,3.28,1.11,0,0
Nestor Cortes,National Pastime,MIL,NA,NA,NA,NA,NA,NA,NA,NA,70,84,31,4,0,72,3.94,1.2,0,0
Tylor Megill,National Pastime,NYM,NA,NA,NA,NA,NA,NA,NA,NA,78,100.62,34,5,0,81,3.92,1.29,0,0
Cade Cavalli,NA,WSN,NA,NA,NA,NA,NA,NA,NA,NA,90,120.60000000000001,42,5,0,84,4.22,1.34,0,0
AJ Smith-Shawver,Hoosiers,ATL,NA,NA,NA,NA,NA,NA,NA,NA,83,111.22000000000001,39,5,0,87,4.22,1.34,0,0
Ryan Weathers,Big Red Machine,MIA,NA,NA,NA,NA,NA,NA,NA,NA,96,131.52,45,5,0,85,4.19,1.37,0,0
Jeremiah Estrada,Blue Socks,SDP,NA,NA,NA,NA,NA,NA,NA,NA,53,62.54,19,3,4,72,3.28,1.18,0,0
Rhett Lowder,NA,CIN,NA,NA,NA,NA,NA,NA,NA,NA,85,118.14999999999999,43,4,0,69,4.55,1.39,0,0
Bryce Elder,Free Birds,ATL,NA,NA,NA,NA,NA,NA,NA,NA,104,145.6,51,6,0,84,4.45,1.4,0,0
David Bednar,Free Birds,PIT,NA,NA,NA,NA,NA,NA,NA,NA,52,65.52,22,3,15,57,3.7,1.26,0,0
Kirby Yates,Blue Socks,LAD,NA,NA,NA,NA,NA,NA,NA,NA,52,62.92,19,4,4,67,3.34,1.21,0,0
Robert Suarez,Big Red Machine,SDP,NA,NA,NA,NA,NA,NA,NA,NA,55,66.55,22,4,22,57,3.58,1.21,0,0
Tony Gonsolin,Big Red Machine,LAD,NA,NA,NA,NA,NA,NA,NA,NA,109,148.24,55,6,0,99,4.58,1.36,0,0
Orion Kerkering,NA,PHI,NA,NA,NA,NA,NA,NA,NA,NA,52,61.879999999999995,20,4,4,59,3.41,1.19,0,0
Raisel Iglesias,National Pastime,ATL,NA,NA,NA,NA,NA,NA,NA,NA,58,66.11999999999999,22,4,27,64,3.46,1.14,0,0
Quinn Priester,NA,MIL,NA,NA,NA,NA,NA,NA,NA,NA,88,110,36,6,0,75,3.73,1.25,0,0
Kyle Harrison,Hoosiers,SFG,NA,NA,NA,NA,NA,NA,NA,NA,80,100.8,34,5,0,85,3.81,1.26,0,0
Michael Soroka,NA,WSN,NA,NA,NA,NA,NA,NA,NA,NA,102,138.72,52,5,0,93,4.57,1.36,0,0
Jordan Hicks,Free At Last,SFG,NA,NA,NA,NA,NA,NA,NA,NA,103,144.2,47,6,0,94,4.09,1.4,0,0
A.J. Minter,NA,NYM,NA,NA,NA,NA,NA,NA,NA,NA,51,59.669999999999995,19,4,1,58,3.29,1.17,0,0
Johan Oviedo,NA,PIT,NA,NA,NA,NA,NA,NA,NA,NA,93,132.98999999999998,46,5,0,80,4.42,1.43,0,0
Aaron Civale,NA,MIL,NA,NA,NA,NA,NA,NA,NA,NA,85,109.65,42,4,0,79,4.45,1.29,0,0
Griffin Canning,Erie Lakers,NYM,NA,NA,NA,NA,NA,NA,NA,NA,113,150.29000000000002,56,6,0,102,4.48,1.33,0,0
Bubba Chandler,Big Red Machine,PIT,NA,NA,NA,NA,NA,NA,NA,NA,62,86.8,30,3,0,56,4.34,1.4,0,0
Alex Vesia,Free Birds,LAD,NA,NA,NA,NA,NA,NA,NA,NA,51,61.71,20,4,2,66,3.56,1.21,0,0
Abner Uribe,Westside Marauders,MIL,NA,NA,NA,NA,NA,NA,NA,NA,52,68.12,20,2,2,62,3.42,1.31,0,0
Evan Phillips,NA,LAD,NA,NA,NA,NA,NA,NA,NA,NA,49,55.85999999999999,18,3,1,55,3.31,1.14,0,0
Reed Garrett,NA,NYM,NA,NA,NA,NA,NA,NA,NA,NA,56,72.8,21,5,0,66,3.44,1.3,0,0
Andrew Painter,Free At Last,PHI,NA,NA,NA,NA,NA,NA,NA,NA,69,91.08,34,4,0,62,4.44,1.32,0,0
Randy Vasquez,NA,SDP,NA,NA,NA,NA,NA,NA,NA,NA,97,137.73999999999998,50,5,0,70,4.63,1.42,0,0
A.J. Puk,Blue Socks,ARI,NA,NA,NA,NA,NA,NA,NA,NA,36,42.48,13,3,7,44,3.27,1.18,0,0
Ryan Pressly,Blue Socks,CHC,NA,NA,NA,NA,NA,NA,NA,NA,51,64.77,21,3,21,50,3.61,1.27,0,0
Hayden Birdsong,Hoosiers,SFG,NA,NA,NA,NA,NA,NA,NA,NA,96,128.64000000000001,44,5,0,101,4.16,1.34,0,0
Ryne Nelson,NA,ARI,NA,NA,NA,NA,NA,NA,NA,NA,94,120.32000000000001,43,5,0,77,4.12,1.28,0,0
Camilo Doval,Erie Lakers,SFG,NA,NA,NA,NA,NA,NA,NA,NA,53,66.78,20,4,7,63,3.3,1.26,0,0
Javier Assad,NA,CHC,NA,NA,NA,NA,NA,NA,NA,NA,95,134.9,48,5,0,79,4.5,1.42,0,0
Michael McGreevy,NA,STL,NA,NA,NA,NA,NA,NA,NA,NA,67,85.76,28,4,0,48,3.81,1.28,0,0
Pierce Johnson,NA,ATL,NA,NA,NA,NA,NA,NA,NA,NA,52,68.12,21,4,1,62,3.58,1.31,0,0
Caleb Ferguson,NA,PIT,NA,NA,NA,NA,NA,NA,NA,NA,51,68.34,20,3,1,51,3.61,1.34,0,0
Jared Koenig,NA,MIL,NA,NA,NA,NA,NA,NA,NA,NA,52,65.52,21,3,2,53,3.65,1.26,0,0
Austin Gomber,NA,COL,NA,NA,NA,NA,NA,NA,NA,NA,93,136.71,55,4,0,66,5.33,1.47,0,0
Cal Quantrill,NA,MIA,NA,NA,NA,NA,NA,NA,NA,NA,119,173.74,64,6,0,85,4.84,1.46,0,0
Chase Dollander,Big Red Machine,COL,NA,NA,NA,NA,NA,NA,NA,NA,110,157.29999999999998,64,5,0,104,5.23,1.43,0,0
Anthony Bender,Melonheads,MIA,NA,NA,NA,NA,NA,NA,NA,NA,53,68.9,22,3,10,54,3.81,1.3,0,0
Reynaldo Lopez,Free Birds,ATL,NA,NA,NA,NA,NA,NA,NA,NA,33,40.92,13,2,0,35,3.57,1.24,0,0
Daysbel Hernandez,NA,ATL,NA,NA,NA,NA,NA,NA,NA,NA,51,68.85000000000001,21,4,1,58,3.73,1.35,0,0
Dennis Santana,Louisville Sluggers,PIT,NA,NA,NA,NA,NA,NA,NA,NA,53,71.02000000000001,24,3,12,49,3.98,1.34,0,0
Adrian Morejon,NA,SDP,NA,NA,NA,NA,NA,NA,NA,NA,52,65,20,3,1,52,3.56,1.25,0,0
Ryan Brasier,NA,CHC,NA,NA,NA,NA,NA,NA,NA,NA,44,52.36,17,2,2,41,3.48,1.19,0,0
Paul Blackburn,NA,NYM,NA,NA,NA,NA,NA,NA,NA,NA,71,90.88,31,4,0,63,3.97,1.28,0,0
Julian Merryweather,NA,CHC,NA,NA,NA,NA,NA,NA,NA,NA,51,65.28,20,3,1,57,3.57,1.28,0,0
Carmen Mlodzinski,NA,PIT,NA,NA,NA,NA,NA,NA,NA,NA,72,99.35999999999999,34,4,0,61,4.18,1.38,0,0
Jose A. Ferrer,NA,WSN,NA,NA,NA,NA,NA,NA,NA,NA,52,67.08,22,3,2,46,3.84,1.29,0,0
Tyler Rogers,Free At Last,SFG,NA,NA,NA,NA,NA,NA,NA,NA,59,73.16,25,3,1,43,3.73,1.24,0,0
Tyler Rogers,Free At Last,SFG,NA,NA,NA,NA,NA,NA,NA,NA,59,73.16,25,3,1,43,3.73,1.24,0,0
Bryan Hudson,NA,MIL,NA,NA,NA,NA,NA,NA,NA,NA,51,64.77,20,3,1,54,3.61,1.27,0,0
Kyle Finnegan,National Pastime,WSN,NA,NA,NA,NA,NA,NA,NA,NA,54,70.74000000000001,23,3,26,53,3.88,1.31,0,0
Shinnosuke Ogasawara,NA,WSN,NA,NA,NA,NA,NA,NA,NA,NA,76,104.12,37,4,0,60,4.47,1.37,0,0
Tanner Banks,Louisville Sluggers,PHI,NA,NA,NA,NA,NA,NA,NA,NA,58,73.66,25,3,0,57,3.84,1.27,0,0
Phil Maton,NA,STL,NA,NA,NA,NA,NA,NA,NA,NA,55,69.85,24,3,2,53,3.9,1.27,0,0
Wade Miley,NA,CIN,NA,NA,NA,NA,NA,NA,NA,NA,53,77.91,28,3,0,37,4.79,1.47,0,0
Porter Hodge,Free Birds,CHC,NA,NA,NA,NA,NA,NA,NA,NA,53,69.96000000000001,22,3,9,58,3.83,1.32,0,0
Jordan Wicks,Free At Last,CHC,NA,NA,NA,NA,NA,NA,NA,NA,55,72.05,25,3,0,48,4.07,1.31,0,0
Chad Patrick,Free Birds,MIL,NA,NA,NA,NA,NA,NA,NA,NA,50,65,24,3,0,44,4.39,1.3,0,0
Jalen Beeks,NA,ARI,NA,NA,NA,NA,NA,NA,NA,NA,51,68.85000000000001,21,3,1,48,3.65,1.35,0,0
Dylan Lee,Blue Socks,ATL,NA,NA,NA,NA,NA,NA,NA,NA,49,58.309999999999995,19,3,0,56,3.5,1.19,0,0
Yuki Matsui,Melonheads,SDP,NA,NA,NA,NA,NA,NA,NA,NA,49,61.25,20,3,0,59,3.59,1.25,0,0
Nick Mears,NA,MIL,NA,NA,NA,NA,NA,NA,NA,NA,47,60.63,19,2,0,57,3.61,1.29,0,0
Erik Miller,NA,SFG,NA,NA,NA,NA,NA,NA,NA,NA,52,70.72,21,3,1,63,3.58,1.36,0,0
Stephen Kolek,Melonheads,SDP,NA,NA,NA,NA,NA,NA,NA,NA,63,86.31,29,3,0,49,4.09,1.37,0,0
Taylor Rogers,Free At Last,CIN,NA,NA,NA,NA,NA,NA,NA,NA,51,69.36,25,3,2,58,4.38,1.36,0,0
Taylor Rogers,Free At Last,CIN,NA,NA,NA,NA,NA,NA,NA,NA,51,69.36,25,3,2,58,4.38,1.36,0,0
Ryne Stanek,NA,NYM,NA,NA,NA,NA,NA,NA,NA,NA,53,69.43,23,3,2,61,3.81,1.31,0,0
Jordan Romano,Westside Marauders,PHI,NA,NA,NA,NA,NA,NA,NA,NA,51,65.28,23,3,4,54,4.13,1.28,0,0
Jesus Tinoco,NA,MIA,NA,NA,NA,NA,NA,NA,NA,NA,52,70.2,23,2,5,50,4.02,1.35,0,0
Alexis Diaz,Westside Marauders,CIN,NA,NA,NA,NA,NA,NA,NA,NA,52,70.72,25,3,9,53,4.43,1.36,0,0
JoJo Romero,NA,STL,NA,NA,NA,NA,NA,NA,NA,NA,53,68.37,22,4,1,52,3.64,1.29,0,0
Matt Waldron,NA,SDP,NA,NA,NA,NA,NA,NA,NA,NA,33,42.24,16,2,0,28,4.33,1.28,0,0
Braxton Ashcraft,NA,PIT,NA,NA,NA,NA,NA,NA,NA,NA,36,47.52,16,2,0,29,4.13,1.32,0,0
Tyler Kinley,NA,COL,NA,NA,NA,NA,NA,NA,NA,NA,55,78.1,28,2,8,60,4.58,1.42,0,0
Logan Henderson,Free Birds,MIL,NA,NA,NA,NA,NA,NA,NA,NA,29,35.38,13,2,0,31,4.14,1.22,0,0
Kyle Hart,Free Birds,SDP,NA,NA,NA,NA,NA,NA,NA,NA,72,95.76,38,4,0,62,4.74,1.33,0,0
Quinn Mathews,Hoosiers,STL,NA,NA,NA,NA,NA,NA,NA,NA,34,47.26,15,2,0,30,4.09,1.39,0,0
Tony Santillan,NA,CIN,NA,NA,NA,NA,NA,NA,NA,NA,52,71.24000000000001,26,3,6,57,4.44,1.37,0,0
Adam Mazur,NA,MIA,NA,NA,NA,NA,NA,NA,NA,NA,23,31.28,12,1,0,17,4.63,1.36,0,0
Hurston Waldrep,NA,ATL,NA,NA,NA,NA,NA,NA,NA,NA,31,46.19,16,2,0,26,4.61,1.49,0,0
Ryan Thompson,NA,ARI,NA,NA,NA,NA,NA,NA,NA,NA,49,64.19,20,3,0,41,3.71,1.31,0,0
Graham Ashcraft,NA,CIN,NA,NA,NA,NA,NA,NA,NA,NA,54,72.36,27,3,2,45,4.41,1.34,0,0
Shelby Miller,NA,ARI,NA,NA,NA,NA,NA,NA,NA,NA,52,66.04,23,4,3,51,3.91,1.27,0,0
Drey Jameson,NA,ARI,NA,NA,NA,NA,NA,NA,NA,NA,61,79.91,26,4,0,54,3.9,1.31,0,0
Jake Bird,NA,COL,NA,NA,NA,NA,NA,NA,NA,NA,54,78.3,27,2,2,49,4.49,1.45,0,0
Cade Horton,Big Red Machine,CHC,NA,NA,NA,NA,NA,NA,NA,NA,23,31.51,11,1,0,21,4.42,1.37,0,0
Scott Barlow,NA,CIN,NA,NA,NA,NA,NA,NA,NA,NA,49,67.13000000000001,23,3,1,54,4.27,1.37,0,0
Keaton Winn,NA,SFG,NA,NA,NA,NA,NA,NA,NA,NA,46,56.12,18,2,0,44,3.53,1.22,0,0
Caleb Thielbar,NA,CHC,NA,NA,NA,NA,NA,NA,NA,NA,44,57.64,18,3,0,47,3.81,1.31,0,0
Randy Rodriguez,Hoosiers,SFG,NA,NA,NA,NA,NA,NA,NA,NA,50,66,21,3,1,52,3.79,1.32,0,0
Randy Rodriguez,Blue Socks,SFG,NA,NA,NA,NA,NA,NA,NA,NA,50,66,21,3,1,52,3.79,1.32,0,0
Riley O'Brien,NA,STL,NA,NA,NA,NA,NA,NA,NA,NA,45,60.75000000000001,18,2,0,46,3.64,1.35,0,0
Brandon Sproat,NA,NYM,NA,NA,NA,NA,NA,NA,NA,NA,16,22.08,7,1,0,13,4.24,1.38,0,0
Connor Gillispie,NA,MIA,NA,NA,NA,NA,NA,NA,NA,NA,66,93.05999999999999,35,3,0,54,4.75,1.41,0,0
Ronny Henriquez,NA,MIA,NA,NA,NA,NA,NA,NA,NA,NA,51,70.38,24,2,2,45,4.17,1.38,0,0
Emilio Pagan,Louisville Sluggers,CIN,NA,NA,NA,NA,NA,NA,NA,NA,55,69.85,28,3,10,56,4.63,1.27,0,0
Calvin Faucher,NA,MIA,NA,NA,NA,NA,NA,NA,NA,NA,54,77.75999999999999,25,3,13,55,4.14,1.44,0,0
Craig Kimbrel,NA,ATL,NA,NA,NA,NA,NA,NA,NA,NA,43,55.47,18,2,0,52,3.8,1.29,0,0
Danny Young,NA,NYM,NA,NA,NA,NA,NA,NA,NA,NA,49,64.19,21,3,0,54,3.83,1.31,0,0
Joey Wentz,NA,PIT,NA,NA,NA,NA,NA,NA,NA,NA,56,77.28,26,2,0,55,4.24,1.38,0,0
Carson Whisenhunt,NA,SFG,NA,NA,NA,NA,NA,NA,NA,NA,16,20.16,7,1,0,16,3.66,1.26,0,0
Carson Spiers,NA,CIN,NA,NA,NA,NA,NA,NA,NA,NA,44,62.04,25,2,0,38,5.04,1.41,0,0
Seth Halvorsen,NA,COL,NA,NA,NA,NA,NA,NA,NA,NA,54,79.38,29,3,16,50,4.79,1.47,0,0
Taijuan Walker,NA,PHI,NA,NA,NA,NA,NA,NA,NA,NA,64,89.6,34,3,0,48,4.81,1.4,0,0
Jack Dreyer,NA,LAD,NA,NA,NA,NA,NA,NA,NA,NA,40,53.2,18,3,3,42,4.01,1.33,0,0
Bobby Miller,NA,LAD,NA,NA,NA,NA,NA,NA,NA,NA,27,34.83,13,1,0,27,4.2,1.29,0,0
Robby Snelling,NA,MIA,NA,NA,NA,NA,NA,NA,NA,NA,16,23.04,8,1,0,12,4.52,1.44,0,0
Landon Knack,NA,LAD,NA,NA,NA,NA,NA,NA,NA,NA,37,48.1,18,2,0,35,4.4,1.3,0,0
Anthony Banda,NA,LAD,NA,NA,NA,NA,NA,NA,NA,NA,48,65.28,23,3,0,47,4.2,1.36,0,0
Brad Lord,NA,WSN,NA,NA,NA,NA,NA,NA,NA,NA,65,91.64999999999999,34,3,0,44,4.74,1.41,0,0
Blake Treinen,Free Birds,LAD,NA,NA,NA,NA,NA,NA,NA,NA,34,40.46,13,3,0,37,3.5,1.19,0,0
Sean Hjelle,NA,SFG,NA,NA,NA,NA,NA,NA,NA,NA,42,53.34,17,2,0,36,3.56,1.27,0,0
Enyel De Los Santos,NA,ATL,NA,NA,NA,NA,NA,NA,NA,NA,48,60.480000000000004,21,2,0,49,4,1.26,0,0
Joe Ross,NA,PHI,NA,NA,NA,NA,NA,NA,NA,NA,53,72.08,26,2,0,45,4.46,1.36,0,0
Kevin Ginkel,NA,ARI,NA,NA,NA,NA,NA,NA,NA,NA,37,45.51,14,2,0,39,3.5,1.23,0,0
Ian Gibaut,NA,CIN,NA,NA,NA,NA,NA,NA,NA,NA,44,61.599999999999994,23,2,0,43,4.62,1.4,0,0
Max Kranick,NA,NYM,NA,NA,NA,NA,NA,NA,NA,NA,52,67.08,24,2,0,42,4.15,1.29,0,0
Joel Payamps,NA,MIL,NA,NA,NA,NA,NA,NA,NA,NA,46,57.96,20,3,0,43,3.88,1.26,0,0
Ryan Bergert,NA,SDP,NA,NA,NA,NA,NA,NA,NA,NA,50,69.5,26,2,0,39,4.63,1.39,0,0
Justin Lawrence,Free At Last,PIT,NA,NA,NA,NA,NA,NA,NA,NA,54,76.67999999999999,25,3,2,52,4.17,1.42,0,0
John King,NA,STL,NA,NA,NA,NA,NA,NA,NA,NA,51,69.36,21,3,0,33,3.77,1.36,0,0
Valente Bellozo,NA,MIA,NA,NA,NA,NA,NA,NA,NA,NA,40,56.8,22,2,0,30,4.85,1.42,0,0
Cristian Mena,NA,ARI,NA,NA,NA,NA,NA,NA,NA,NA,18,24.660000000000004,8,1,0,16,4.16,1.37,0,0
Andrew Nardi,NA,MIA,NA,NA,NA,NA,NA,NA,NA,NA,33,40.92,13,2,0,40,3.51,1.24,0,0
Colin Holderman,Free At Last,PIT,NA,NA,NA,NA,NA,NA,NA,NA,44,58.52,19,2,2,45,3.92,1.33,0,0
Dedniel Nunez,NA,NYM,NA,NA,NA,NA,NA,NA,NA,NA,43,53.75,17,2,0,47,3.53,1.25,0,0
Tink Hence,NA,STL,NA,NA,NA,NA,NA,NA,NA,NA,8,10.96,4,0,0,6,4.32,1.37,0,0
Carlos Rodriguez,NA,MIL,NA,NA,NA,NA,NA,NA,NA,NA,16,21.12,8,1,0,15,4.32,1.32,0,0
Craig Yoho,NA,MIL,NA,NA,NA,NA,NA,NA,NA,NA,47,59.22,19,3,0,53,3.68,1.26,0,0
Chase Petty,NA,CIN,NA,NA,NA,NA,NA,NA,NA,NA,19,26.979999999999997,10,1,0,15,4.62,1.42,0,0
Ryan Fernandez,NA,STL,NA,NA,NA,NA,NA,NA,NA,NA,47,62.510000000000005,21,3,0,46,4.01,1.33,0,0
Andrew Alvarez,NA,WSN,NA,NA,NA,NA,NA,NA,NA,NA,8,11.68,4,0,0,5,4.35,1.46,0,0
Jose Butto,NA,NYM,NA,NA,NA,NA,NA,NA,NA,NA,47,59.22,19,3,0,49,3.65,1.26,0,0
Yilber Diaz,NA,ARI,NA,NA,NA,NA,NA,NA,NA,NA,32,44.16,15,2,0,31,4.21,1.38,0,0
Ryan Borucki,NA,PIT,NA,NA,NA,NA,NA,NA,NA,NA,47,63.92,21,2,0,47,3.9,1.36,0,0
Connor Noland,NA,CHC,NA,NA,NA,NA,NA,NA,NA,NA,8,11.2,4,0,0,5,4.55,1.4,0,0
Ethan Roberts,NA,CHC,NA,NA,NA,NA,NA,NA,NA,NA,47,62.040000000000006,22,2,0,47,4.18,1.32,0,0
Tommy Henry,NA,ARI,NA,NA,NA,NA,NA,NA,NA,NA,28,38.36,13,1,0,24,4.22,1.37,0,0
Joe Jimenez,NA,ATL,NA,NA,NA,NA,NA,NA,NA,NA,30,36.9,12,2,0,34,3.72,1.23,0,0
Justin Hagenman,NA,NYM,NA,NA,NA,NA,NA,NA,NA,NA,24,30.96,12,1,0,21,4.34,1.29,0,0
DL Hall,NA,MIL,NA,NA,NA,NA,NA,NA,NA,NA,21,26.67,8,1,0,24,3.51,1.27,0,0
Brusdar Graterol,NA,LAD,NA,NA,NA,NA,NA,NA,NA,NA,19,24.7,8,1,0,17,3.64,1.3,0,0
Drue Hackenberg,NA,ATL,NA,NA,NA,NA,NA,NA,NA,NA,8,12.32,4,0,0,6,4.65,1.54,0,0
Huascar Brazoban,Melonheads,NYM,NA,NA,NA,NA,NA,NA,NA,NA,47,63.45,20,2,0,48,3.96,1.35,0,0
Josiah Gray,NA,WSN,NA,NA,NA,NA,NA,NA,NA,NA,14,19.040000000000003,7,1,0,13,4.61,1.36,0,0
Thomas Harrington,NA,PIT,NA,NA,NA,NA,NA,NA,NA,NA,22,29.040000000000003,11,1,0,18,4.5,1.32,0,0
Jorge Lopez,NA,WSN,NA,NA,NA,NA,NA,NA,NA,NA,53,73.14,26,2,3,45,4.36,1.38,0,0
Dylan Dodd,NA,ATL,NA,NA,NA,NA,NA,NA,NA,NA,39,51.09,18,2,0,30,4.13,1.31,0,0
Tristan Beck,NA,SFG,NA,NA,NA,NA,NA,NA,NA,NA,36,44.64,15,2,0,32,3.77,1.24,0,0
Luis Garcia,NA,LAD,NA,NA,NA,NA,NA,NA,NA,NA,37,49.580000000000005,17,2,0,34,4.02,1.34,0,0
Joey Lucchesi,NA,SFG,NA,NA,NA,NA,NA,NA,NA,NA,20,28,9,1,0,14,4.08,1.4,0,0
Scott Alexander,NA,COL,NA,NA,NA,NA,NA,NA,NA,NA,51,73.95,26,3,1,37,4.55,1.45,0,0
Zack Thompson,NA,STL,NA,NA,NA,NA,NA,NA,NA,NA,19,25.080000000000002,8,1,0,19,3.65,1.32,0,0
Aaron Ashby,NA,MIL,NA,NA,NA,NA,NA,NA,NA,NA,30,41.4,12,1,0,31,3.59,1.38,0,0
Bryan Hoeing,NA,SDP,NA,NA,NA,NA,NA,NA,NA,NA,47,62.510000000000005,21,2,0,39,4.02,1.33,0,0
Carson Palmquist,NA,COL,NA,NA,NA,NA,NA,NA,NA,NA,8,12.24,5,0,0,7,5.42,1.53,0,0
Gordon Graceffo,NA,STL,NA,NA,NA,NA,NA,NA,NA,NA,49,66.15,24,2,0,35,4.46,1.35,0,0
Tyler Alexander,Free At Last,MIL,NA,NA,NA,NA,NA,NA,NA,NA,51,64.26,25,2,0,44,4.49,1.26,0,0
Carson Seymour,NA,SFG,NA,NA,NA,NA,NA,NA,NA,NA,19,24.32,7,1,0,16,3.56,1.28,0,0
Max Lazar,NA,PHI,NA,NA,NA,NA,NA,NA,NA,NA,34,45.56,16,2,0,28,4.21,1.34,0,0
Hunter Stratton,NA,PIT,NA,NA,NA,NA,NA,NA,NA,NA,34,46.24,16,2,0,31,4.19,1.36,0,0
Tyler Stuart,NA,WSN,NA,NA,NA,NA,NA,NA,NA,NA,13,16.38,5,1,0,11,3.77,1.26,0,0
Derek Law,NA,WSN,NA,NA,NA,NA,NA,NA,NA,NA,41,54.53,18,2,0,36,3.92,1.33,0,0
Nathan Wiles,NA,ATL,NA,NA,NA,NA,NA,NA,NA,NA,30,40.2,15,2,0,21,4.49,1.34,0,0
Luke Little,NA,CHC,NA,NA,NA,NA,NA,NA,NA,NA,25,34,10,1,0,30,3.6,1.36,0,0
Mike Burrows,NA,PIT,NA,NA,NA,NA,NA,NA,NA,NA,22,29.26,10,1,0,20,4.18,1.33,0,0
Tanner Gordon,NA,COL,NA,NA,NA,NA,NA,NA,NA,NA,30,41.4,17,1,0,22,5.07,1.38,0,0
Connor Thomas,NA,MIL,NA,NA,NA,NA,NA,NA,NA,NA,19,25.080000000000002,9,1,0,14,4.13,1.32,0,0
Bradley Blalock,NA,COL,NA,NA,NA,NA,NA,NA,NA,NA,51,78.03,30,2,0,37,5.31,1.53,0,0
Joe Mantiply,NA,ARI,NA,NA,NA,NA,NA,NA,NA,NA,32,42.56,14,2,0,27,3.93,1.33,0,0
Daniel Palencia,Hoosiers,CHC,NA,NA,NA,NA,NA,NA,NA,NA,52,70.2,23,2,0,58,4.02,1.35,0,0
Michael Kopech,Melonheads,LAD,NA,NA,NA,NA,NA,NA,NA,NA,42,55.02,19,2,2,50,4.07,1.31,0,0
Dauri Moreta,NA,PIT,NA,NA,NA,NA,NA,NA,NA,NA,24,32.160000000000004,11,1,0,25,4.08,1.34,0,0
Mason Black,NA,SFG,NA,NA,NA,NA,NA,NA,NA,NA,34,42.5,14,2,0,33,3.79,1.25,0,0
Jhony Brito,NA,SDP,NA,NA,NA,NA,NA,NA,NA,NA,16,20.96,7,1,0,13,4.03,1.31,0,0
Jacob Misiorowski,NA,MIL,NA,NA,NA,NA,NA,NA,NA,NA,24,32.160000000000004,10,1,0,27,3.87,1.34,0,0
Davis Daniel,NA,ATL,NA,NA,NA,NA,NA,NA,NA,NA,7,8.82,3,0,0,6,4.04,1.26,0,0
Elvis Peguero,NA,MIL,NA,NA,NA,NA,NA,NA,NA,NA,38,52.06,17,2,0,35,4.04,1.37,0,0
Yosver Zulueta,NA,CIN,NA,NA,NA,NA,NA,NA,NA,NA,29,42.05,13,1,0,28,4.14,1.45,0,0
Tim Mayza,NA,PIT,NA,NA,NA,NA,NA,NA,NA,NA,25,34.5,11,1,0,20,4.04,1.38,0,0
Kevin Herget,NA,NYM,NA,NA,NA,NA,NA,NA,NA,NA,30,38.1,13,1,0,25,4.09,1.27,0,0
Michael Fulmer,NA,CHC,NA,NA,NA,NA,NA,NA,NA,NA,20,27.599999999999998,9,1,0,21,4.24,1.38,0,0
Drew Pomeranz,Blue Socks,CHC,NA,NA,NA,NA,NA,NA,NA,NA,32,42.56,14,2,0,32,3.83,1.33,0,0
Kyle Nelson,NA,ARI,NA,NA,NA,NA,NA,NA,NA,NA,22,29.92,10,1,0,20,4.12,1.36,0,0
Sean Reid-Foley,NA,NYM,NA,NA,NA,NA,NA,NA,NA,NA,12,16.68,5,1,0,13,3.83,1.39,0,0
Grant Anderson,NA,MIL,NA,NA,NA,NA,NA,NA,NA,NA,49,65.17,23,2,1,50,4.25,1.33,0,0
Wandy Peralta,NA,SDP,NA,NA,NA,NA,NA,NA,NA,NA,44,58.96,19,3,0,37,3.94,1.34,0,0
Gabriel Hughes,NA,COL,NA,NA,NA,NA,NA,NA,NA,NA,18,25.919999999999998,9,1,0,16,4.68,1.44,0,0
Connor Phillips,NA,CIN,NA,NA,NA,NA,NA,NA,NA,NA,24,33.36,11,1,0,25,4.3,1.39,0,0
Kyle Amendt,NA,ARI,NA,NA,NA,NA,NA,NA,NA,NA,14,19.459999999999997,6,1,0,14,3.98,1.39,0,0
Alex Cornwell,NA,STL,NA,NA,NA,NA,NA,NA,NA,NA,7,9.59,3,0,0,5,3.81,1.37,0,0
Sem Robberse,NA,STL,NA,NA,NA,NA,NA,NA,NA,NA,17,21.93,7,1,0,14,3.93,1.29,0,0
Declan Cronin,NA,MIA,NA,NA,NA,NA,NA,NA,NA,NA,46,64.39999999999999,20,2,0,39,4.01,1.4,0,0
Lyon Richardson,NA,CIN,NA,NA,NA,NA,NA,NA,NA,NA,9,12.69,4,0,0,9,4.26,1.41,0,0
Tejay Antone,NA,CIN,NA,NA,NA,NA,NA,NA,NA,NA,5,6.949999999999999,2,0,0,5,4.37,1.39,0,0
Tyler Phillips,NA,MIA,NA,NA,NA,NA,NA,NA,NA,NA,48,72.96000000000001,28,2,0,36,5.15,1.52,0,0
Albert Abreu,NA,CIN,NA,NA,NA,NA,NA,NA,NA,NA,8,11.52,4,0,0,9,4.42,1.44,0,0
Edgardo Henriquez,NA,LAD,NA,NA,NA,NA,NA,NA,NA,NA,14,19.74,7,1,0,14,4.33,1.41,0,0
Chase Shugart,NA,PIT,NA,NA,NA,NA,NA,NA,NA,NA,41,58.22,21,2,0,32,4.46,1.42,0,0
J.B. Wendelken,NA,SDP,NA,NA,NA,NA,NA,NA,NA,NA,7,9.66,3,0,0,6,4.15,1.38,0,0
Kyle Leahy,NA,STL,NA,NA,NA,NA,NA,NA,NA,NA,52,70.2,24,2,1,44,4.13,1.35,0,0
Drew Smith,NA,NYM,NA,NA,NA,NA,NA,NA,NA,NA,10,13.3,5,1,0,10,4.17,1.33,0,0
Keegan Thompson,NA,CHC,NA,NA,NA,NA,NA,NA,NA,NA,12,16.080000000000002,5,1,0,12,4.01,1.34,0,0
Nick Frasso,NA,LAD,NA,NA,NA,NA,NA,NA,NA,NA,8,10.64,4,0,0,7,4.31,1.33,0,0
Ethan Small,NA,SFG,NA,NA,NA,NA,NA,NA,NA,NA,7,9.38,3,0,0,6,3.92,1.34,0,0
Peter Strzelecki,NA,PIT,NA,NA,NA,NA,NA,NA,NA,NA,13,18.33,6,1,0,11,4.52,1.41,0,0
Jack Neely,NA,CHC,NA,NA,NA,NA,NA,NA,NA,NA,16,21.76,7,1,0,16,4.18,1.36,0,0
Victor Vodnik,NA,COL,NA,NA,NA,NA,NA,NA,NA,NA,41,61.5,21,2,0,40,4.58,1.5,0,0
Scott McGough,NA,ARI,NA,NA,NA,NA,NA,NA,NA,NA,12,16.799999999999997,5,1,0,11,4.15,1.4,0,0
Justin Wrobleski,NA,LAD,NA,NA,NA,NA,NA,NA,NA,NA,32,43.52,16,2,0,28,4.49,1.36,0,0
Andrew Saalfrank,NA,ARI,NA,NA,NA,NA,NA,NA,NA,NA,19,27.93,8,1,0,17,3.85,1.47,0,0
Mason Thompson,NA,WSN,NA,NA,NA,NA,NA,NA,NA,NA,32,44.16,15,1,0,27,4.14,1.38,0,0
Janson Junk,NA,MIA,NA,NA,NA,NA,NA,NA,NA,NA,20,26.200000000000003,10,1,0,15,4.32,1.31,0,0
Jose Cuas,NA,PHI,NA,NA,NA,NA,NA,NA,NA,NA,8,11.76,4,0,0,7,4.54,1.47,0,0
Justin King,NA,MIA,NA,NA,NA,NA,NA,NA,NA,NA,7,10.29,3,0,0,7,4.39,1.47,0,0
Max Rajcic,NA,STL,NA,NA,NA,NA,NA,NA,NA,NA,8,10.72,4,0,0,7,4.32,1.34,0,0
Mick Abel,NA,PHI,NA,NA,NA,NA,NA,NA,NA,NA,14,19.74,6,1,0,13,4.32,1.41,0,0
Francis Pena,NA,SDP,NA,NA,NA,NA,NA,NA,NA,NA,22,30.799999999999997,10,1,0,18,4.09,1.4,0,0
Kendall Graveman,NA,ARI,NA,NA,NA,NA,NA,NA,NA,NA,41,57.809999999999995,19,2,0,39,4.11,1.41,0,0
Jose E. Hernandez,NA,LAD,NA,NA,NA,NA,NA,NA,NA,NA,7,10.08,3,0,0,6,4.44,1.44,0,0
Eli Morgan,NA,CHC,NA,NA,NA,NA,NA,NA,NA,NA,18,22.86,9,1,0,17,4.26,1.27,0,0
Austin Warren,NA,NYM,NA,NA,NA,NA,NA,NA,NA,NA,8,11.12,4,0,0,7,4.28,1.39,0,0
Trevor McDonald,NA,SFG,NA,NA,NA,NA,NA,NA,NA,NA,32,42.56,14,2,0,26,3.79,1.33,0,0
Sam Moll,NA,CIN,NA,NA,NA,NA,NA,NA,NA,NA,30,42.599999999999994,15,1,0,30,4.54,1.42,0,0
Brent Suter,NA,CIN,NA,NA,NA,NA,NA,NA,NA,NA,48,66.24,24,2,0,37,4.51,1.38,0,0
Carson Ragsdale,NA,SFG,NA,NA,NA,NA,NA,NA,NA,NA,24,31.44,10,1,0,23,3.95,1.31,0,0
Chris Devenski,NA,NYM,NA,NA,NA,NA,NA,NA,NA,NA,25,33.25,12,1,0,23,4.39,1.33,0,0
Brett de Geus,NA,PHI,NA,NA,NA,NA,NA,NA,NA,NA,15,21.9,8,1,0,11,4.45,1.46,0,0
Giovanny Gallegos,NA,LAD,NA,NA,NA,NA,NA,NA,NA,NA,10,13.600000000000001,5,0,0,10,4.58,1.36,0,0
John Rooney,NA,MIA,NA,NA,NA,NA,NA,NA,NA,NA,22,31.68,10,1,0,19,4.14,1.44,0,0
Jack O'Loughlin,NA,COL,NA,NA,NA,NA,NA,NA,NA,NA,10,15.4,5,0,0,7,5.13,1.54,0,0
Antonio Jimenez,NA,SFG,NA,NA,NA,NA,NA,NA,NA,NA,9,12.87,4,0,0,7,4.19,1.43,0,0
Nate Pearson,NA,CHC,NA,NA,NA,NA,NA,NA,NA,NA,34,46.24,16,1,0,35,4.33,1.36,0,0
Tyson Miller,NA,CHC,NA,NA,NA,NA,NA,NA,NA,NA,42,54.6,19,2,0,38,4.15,1.3,0,0
Rolddy Munoz,NA,ATL,NA,NA,NA,NA,NA,NA,NA,NA,13,19.37,6,1,0,11,4.37,1.49,0,0
Lucas Gilbreath,NA,COL,NA,NA,NA,NA,NA,NA,NA,NA,36,55.44,19,2,0,32,4.8,1.54,0,0
Ron Marinaccio,NA,SDP,NA,NA,NA,NA,NA,NA,NA,NA,34,47.599999999999994,16,2,0,33,4.27,1.4,0,0
Devin Sweet,NA,PHI,NA,NA,NA,NA,NA,NA,NA,NA,19,26.03,9,1,0,17,4.42,1.37,0,0
Josh Ekness,NA,MIA,NA,NA,NA,NA,NA,NA,NA,NA,15,21.75,8,1,0,14,4.42,1.45,0,0
John McMillon,NA,PHI,NA,NA,NA,NA,NA,NA,NA,NA,30,43.5,14,1,0,33,4.16,1.45,0,0
Cole Henry,NA,WSN,NA,NA,NA,NA,NA,NA,NA,NA,43,58.480000000000004,21,2,0,41,4.48,1.36,0,0
Domingo Gonzalez,NA,ATL,NA,NA,NA,NA,NA,NA,NA,NA,21,29.189999999999998,10,1,0,21,4.23,1.39,0,0
Alan Rangel,NA,PHI,NA,NA,NA,NA,NA,NA,NA,NA,17,22.27,8,1,0,15,4.43,1.31,0,0
Josh Simpson,NA,MIA,NA,NA,NA,NA,NA,NA,NA,NA,24,35.04,11,1,0,24,4.13,1.46,0,0
Zach Brzykcy,NA,WSN,NA,NA,NA,NA,NA,NA,NA,NA,18,25.02,8,1,0,17,4.25,1.39,0,0
Xzavion Curry,NA,MIA,NA,NA,NA,NA,NA,NA,NA,NA,10,13.799999999999999,5,0,0,8,4.83,1.38,0,0
Jimmy Herget,NA,COL,NA,NA,NA,NA,NA,NA,NA,NA,48,68.16,27,2,0,40,5,1.42,0,0
Alek Jacob,NA,SDP,NA,NA,NA,NA,NA,NA,NA,NA,45,59.400000000000006,21,2,0,40,4.3,1.32,0,0
Seth Johnson,NA,PHI,NA,NA,NA,NA,NA,NA,NA,NA,20,29.2,10,1,0,17,4.64,1.46,0,0
Carlos Hernandez,NA,PHI,NA,NA,NA,NA,NA,NA,NA,NA,41,56.989999999999995,21,2,0,40,4.66,1.39,0,0
Zach Thompson,NA,ATL,NA,NA,NA,NA,NA,NA,NA,NA,34,46.919999999999995,17,2,0,27,4.45,1.38,0,0
Genesis Cabrera,NA,NYM,NA,NA,NA,NA,NA,NA,NA,NA,37,51.43,17,2,0,35,4.12,1.39,0,0
Gavin Hollowell,NA,CHC,NA,NA,NA,NA,NA,NA,NA,NA,24,32.160000000000004,11,1,0,24,4.24,1.34,0,0
Jose Ruiz,NA,PHI,NA,NA,NA,NA,NA,NA,NA,NA,52,71.24000000000001,26,2,0,51,4.49,1.37,0,0
Juan Mejia,NA,COL,NA,NA,NA,NA,NA,NA,NA,NA,19,29.830000000000002,11,1,0,17,4.99,1.57,0,0
Diego Castillo,NA,COL,NA,NA,NA,NA,NA,NA,NA,NA,29,45.53,16,1,0,24,5.09,1.57,0,0
Nick Anderson,NA,STL,NA,NA,NA,NA,NA,NA,NA,NA,22,29.92,10,1,0,19,4.24,1.36,0,0
Luis Patino,NA,SDP,NA,NA,NA,NA,NA,NA,NA,NA,13,18.07,6,1,0,11,4.5,1.39,0,0
Andrew Moore,NA,CIN,NA,NA,NA,NA,NA,NA,NA,NA,22,33.660000000000004,11,1,0,22,4.63,1.53,0,0
Anthony Molina,NA,COL,NA,NA,NA,NA,NA,NA,NA,NA,21,31.29,12,1,0,15,5.1,1.49,0,0
Randy Wynne,NA,CIN,NA,NA,NA,NA,NA,NA,NA,NA,12,17.16,7,0,0,7,5.47,1.43,0,0
Andre Granillo,NA,STL,NA,NA,NA,NA,NA,NA,NA,NA,12,17.52,6,1,0,11,4.55,1.46,0,0
Guillo Zuniga,NA,PHI,NA,NA,NA,NA,NA,NA,NA,NA,13,18.98,7,1,0,10,4.82,1.46,0,0
Jesse Chavez,NA,ATL,NA,NA,NA,NA,NA,NA,NA,NA,39,53.81999999999999,19,2,0,36,4.26,1.38,0,0
Patrick Monteverde,NA,MIA,NA,NA,NA,NA,NA,NA,NA,NA,19,26.409999999999997,9,1,0,15,4.44,1.39,0,0
Matt Sauer,NA,LAD,NA,NA,NA,NA,NA,NA,NA,NA,24,33.599999999999994,13,1,0,20,4.81,1.4,0,0
Scott Blewett,NA,ATL,NA,NA,NA,NA,NA,NA,NA,NA,37,50.690000000000005,18,2,0,30,4.29,1.37,0,0
Tom Cosgrove,NA,CHC,NA,NA,NA,NA,NA,NA,NA,NA,29,40.309999999999995,14,1,0,26,4.19,1.39,0,0
Chris Roycroft,NA,STL,NA,NA,NA,NA,NA,NA,NA,NA,33,48.18,16,2,0,27,4.26,1.46,0,0
Zach Maxwell,NA,CIN,NA,NA,NA,NA,NA,NA,NA,NA,27,40.23,14,1,0,28,4.62,1.49,0,0
Joan Adon,NA,WSN,NA,NA,NA,NA,NA,NA,NA,NA,32,44.8,15,1,0,27,4.27,1.4,0,0
Bradgley Rodriguez,NA,SDP,NA,NA,NA,NA,NA,NA,NA,NA,24,34.32,11,1,0,23,4.32,1.43,0,0
Ryan Loutos,NA,STL,NA,NA,NA,NA,NA,NA,NA,NA,20,28.599999999999998,10,1,0,16,4.32,1.43,0,0
John Curtiss,NA,ARI,NA,NA,NA,NA,NA,NA,NA,NA,17,24.31,9,1,0,12,4.85,1.43,0,0
Noah Davis,NA,LAD,NA,NA,NA,NA,NA,NA,NA,NA,30,39.900000000000006,15,1,0,26,4.42,1.33,0,0
Kyle Nicolas,NA,PIT,NA,NA,NA,NA,NA,NA,NA,NA,41,59.86,20,2,0,40,4.4,1.46,0,0
Omar Cruz,NA,SDP,NA,NA,NA,NA,NA,NA,NA,NA,28,38.36,13,1,0,26,4.3,1.37,0,0
Rafael Montero,NA,ATL,NA,NA,NA,NA,NA,NA,NA,NA,46,69.92,24,2,0,45,4.62,1.52,0,0
Kyle Tyler,NA,PHI,NA,NA,NA,NA,NA,NA,NA,NA,36,50.4,18,2,0,27,4.43,1.4,0,0
Tanner Rainey,NA,PIT,NA,NA,NA,NA,NA,NA,NA,NA,27,39.15,14,1,0,24,4.76,1.45,0,0
Jefry Yan,NA,COL,NA,NA,NA,NA,NA,NA,NA,NA,27,43.74,15,1,0,25,4.88,1.62,0,0
Andry Lara,NA,WSN,NA,NA,NA,NA,NA,NA,NA,NA,30,41.699999999999996,15,1,0,22,4.46,1.39,0,0
Logan Gillaspie,NA,SDP,NA,NA,NA,NA,NA,NA,NA,NA,39,53.43000000000001,19,2,0,31,4.42,1.37,0,0
Tyler Zuber,NA,NYM,NA,NA,NA,NA,NA,NA,NA,NA,28,39.76,15,1,0,24,4.68,1.42,0,0
Evan Justice,NA,COL,NA,NA,NA,NA,NA,NA,NA,NA,16,27.2,9,1,0,14,5.4,1.7,0,0
Orlando Ribalta,NA,WSN,NA,NA,NA,NA,NA,NA,NA,NA,34,50.32,18,1,0,31,4.86,1.48,0,0
Michael Mercado,NA,PHI,NA,NA,NA,NA,NA,NA,NA,NA,25,35.5,13,1,0,22,4.76,1.42,0,0
J.P. Feyereisen,NA,ARI,NA,NA,NA,NA,NA,NA,NA,NA,48,65.76,23,3,0,38,4.26,1.37,0,0
Michael Petersen,NA,ATL,NA,NA,NA,NA,NA,NA,NA,NA,37,51.059999999999995,19,2,0,35,4.61,1.38,0,0
Joel Peguero,NA,SFG,NA,NA,NA,NA,NA,NA,NA,NA,29,41.76,14,1,0,22,4.37,1.44,0,0
Bryce Jarvis,NA,ARI,NA,NA,NA,NA,NA,NA,NA,NA,31,44.949999999999996,15,1,0,26,4.36,1.45,0,0
Spencer Bivens,NA,SFG,NA,NA,NA,NA,NA,NA,NA,NA,45,62.099999999999994,21,2,0,35,4.28,1.38,0,0
Brad Keller,NA,CHC,NA,NA,NA,NA,NA,NA,NA,NA,49,69.58,23,3,0,41,4.3,1.42,0,0
Sean Reynolds,NA,SDP,NA,NA,NA,NA,NA,NA,NA,NA,41,58.629999999999995,19,2,0,39,4.29,1.43,0,0
Colin Poche,NA,WSN,NA,NA,NA,NA,NA,NA,NA,NA,48,66.72,24,3,0,45,4.44,1.39,0,0
Elvin Rodriguez,NA,MIL,NA,NA,NA,NA,NA,NA,NA,NA,28,37.800000000000004,15,1,0,25,4.9,1.35,0,0
Zach Agnos,Big Red Machine,COL,NA,NA,NA,NA,NA,NA,NA,NA,47,64.86,26,3,0,40,4.98,1.38,0,0
Lou Trivino,NA,SFG,NA,NA,NA,NA,NA,NA,NA,NA,47,66.74,24,3,0,45,4.48,1.42,0,0
Jackson Rutledge,NA,WSN,NA,NA,NA,NA,NA,NA,NA,NA,44,62.04,22,2,0,39,4.57,1.41,0,0
Cade Gibson,NA,MIA,NA,NA,NA,NA,NA,NA,NA,NA,28,41.72,15,1,0,19,4.79,1.49,0,0
Eduardo Salazar,NA,WSN,NA,NA,NA,NA,NA,NA,NA,NA,50,71.5,25,2,2,37,4.5,1.43,0,0
Ben Casparius,NA,LAD,NA,NA,NA,NA,NA,NA,NA,NA,45,61.650000000000006,23,2,0,44,4.53,1.37,0,0
Lake Bachar,NA,MIA,NA,NA,NA,NA,NA,NA,NA,NA,48,67.67999999999999,24,2,0,45,4.49,1.41,0,0
Jaden Hill,NA,COL,NA,NA,NA,NA,NA,NA,NA,NA,43,62.78,24,2,0,39,4.94,1.46,0,0
Matt Svanson,NA,STL,NA,NA,NA,NA,NA,NA,NA,NA,46,66.24,23,3,0,32,4.49,1.44,0,0
Roddery Munoz,NA,STL,NA,NA,NA,NA,NA,NA,NA,NA,41,57.809999999999995,21,2,0,37,4.62,1.41,0,0
Luarbert Arias,NA,MIA,NA,NA,NA,NA,NA,NA,NA,NA,37,52.169999999999995,20,2,0,32,4.89,1.41,0,0
Luis Peralta,NA,COL,NA,NA,NA,NA,NA,NA,NA,NA,40,64,23,2,0,38,5.21,1.6,0,0
Angel Chivilli,NA,COL,NA,NA,NA,NA,NA,NA,NA,NA,53,75.78999999999999,29,2,1,48,4.92,1.43,0,0
Luis Mey,NA,CIN,NA,NA,NA,NA,NA,NA,NA,NA,39,65.52,22,2,0,33,5.2,1.68,0,0
George Soriano,NA,MIA,NA,NA,NA,NA,NA,NA,NA,NA,43,61.059999999999995,23,2,0,41,4.76,1.42,0,0
Anthony Veneziano,NA,MIA,NA,NA,NA,NA,NA,NA,NA,NA,49,70.07,24,2,1,40,4.43,1.43,0,0
Juan Morillo,NA,ARI,NA,NA,NA,NA,NA,NA,NA,NA,43,67.51,21,2,0,38,4.5,1.57,0,0
Lucas Sims,NA,WSN,NA,NA,NA,NA,NA,NA,NA,NA,49,71.05,27,2,1,51,4.92,1.45,0,0
