Name,Team,billikenTeam,contract,salary,point_value,repl,par,PA,HR,R,RBI,SB,AVG,IP,W,SV,SO,ERA,WHIP,p_c,p_1b,p_2b,p_3b,p_ss,p_of,p_ci,p_mi,p_dh,ev,surplus
Shohei Ohtani,LAD,Louisville Sluggers,2,34,9.9,2.1,7.800000000000001,651,42,119,116,36,0.285,NA,NA,NA,NA,NA,NA,0,0,0,0,0,0,0,0,1,30.5,-3.5
Ronald Acuna Jr.,ATL,Westside Marauders,2026,46,8.2,1.5,6.699999999999999,553,25,101,73,39,0.293,NA,NA,NA,NA,NA,NA,0,0,0,0,0,1,0,0,0,26.6,-19.4
Chris Sale,ATL,Westside Marauders,2,13,7.6,0.9,6.699999999999999,NA,NA,NA,NA,NA,NA,182,14,0,224,3.03,1.09,NA,NA,NA,NA,NA,NA,NA,NA,NA,26.6,13.6
Fernando Tatis Jr.,SDP,Big Red Machine,2026,31,7.8,1.5,6.3,658,37,104,101,19,0.277,NA,NA,NA,NA,NA,NA,0,0,0,0,0,1,0,0,0,25.1,-5.9
Paul Skenes,PIT,Melonheads,2,7,7.1,0.9,6.199999999999999,NA,NA,NA,NA,NA,NA,174,11,0,214,3.01,1.09,NA,NA,NA,NA,NA,NA,NA,NA,NA,24.8,17.8
Zack Wheeler,PHI,Melonheads,2,28,7,0.9,6.1,NA,NA,NA,NA,NA,NA,202,14,0,214,3.3,1.11,NA,NA,NA,NA,NA,NA,NA,NA,NA,24.4,-3.6
Juan Soto,NYM,NA,NA,37,7.2,1.5,5.7,686,35,113,100,8,0.279,NA,NA,NA,NA,NA,NA,0,0,0,0,0,1,0,0,0,23,-14
Michael Harris II,ATL,National Pastime,2028,21,7.2,1.5,5.7,630,24,87,86,18,0.291,NA,NA,NA,NA,NA,NA,0,0,0,0,0,1,0,0,0,23,2
Mookie Betts,LAD,Erie Lakers,2,35,7.1,1.5,5.6,679,28,109,94,15,0.28,NA,NA,NA,NA,NA,NA,0,0,0,0,1,1,0,1,0,22.6,-12.4
Freddie Freeman,LAD,Erie Lakers,2025,39,7.1,1.5,5.6,665,24,97,92,11,0.292,NA,NA,NA,NA,NA,NA,0,1,0,0,0,0,1,0,0,22.6,-16.4
Elly De La Cruz,CIN,Hoosiers,Opt,5,7.6,2.1,5.5,665,25,98,88,54,0.258,NA,NA,NA,NA,NA,NA,0,0,0,0,1,0,0,1,0,22.3,17.3
Bryce Harper,PHI,Free At Last,2025,43,7,1.5,5.5,665,31,98,96,10,0.282,NA,NA,NA,NA,NA,NA,0,1,0,0,0,0,1,0,0,22.3,-20.7
Kyle Tucker,CHC,Melonheads,1,40,6.8,1.5,5.3,665,30,96,95,21,0.27,NA,NA,NA,NA,NA,NA,0,0,0,0,0,1,0,0,0,21.6,-18.4
Corbin Carroll,ARI,Hoosiers,2029,26,6.8,1.5,5.3,672,23,108,84,38,0.259,NA,NA,NA,NA,NA,NA,0,0,0,0,0,1,0,0,0,21.6,-4.4
Jackson Merrill,SDP,Louisville Sluggers,2,7,6.6,1.5,5.1,665,25,84,94,15,0.28,NA,NA,NA,NA,NA,NA,0,0,0,0,0,1,0,0,0,20.9,13.9
Trea Turner,PHI,NA,NA,30,7.1,2.1,5,672,23,97,81,24,0.282,NA,NA,NA,NA,NA,NA,0,0,0,0,1,0,0,1,0,20.5,-9.5
Yoshinobu Yamamoto,LAD,Blue Socks,2,26,5.9,0.9,5,NA,NA,NA,NA,NA,NA,163,12,0,169,3.45,1.08,NA,NA,NA,NA,NA,NA,NA,NA,NA,20.5,-5.5
Jackson Chourio,MIL,Louisville Sluggers,2,15,6.4,1.5,4.9,644,24,88,84,27,0.268,NA,NA,NA,NA,NA,NA,0,0,0,0,0,1,0,0,0,20.1,5.1
Austin Riley,ATL,National Pastime,2,35,6,1.1,4.9,679,32,96,98,2,0.271,NA,NA,NA,NA,NA,NA,0,0,0,1,0,0,1,0,0,20.1,-14.9
Corbin Burnes,ARI,NA,NA,27,5.8,0.9,4.8999999999999995,NA,NA,NA,NA,NA,NA,188,13,0,188,3.33,1.17,NA,NA,NA,NA,NA,NA,NA,NA,NA,20.1,-6.9
Dylan Cease,SDP,Louisville Sluggers,2,12,5.8,0.9,4.8999999999999995,NA,NA,NA,NA,NA,NA,185,13,0,218,3.46,1.18,NA,NA,NA,NA,NA,NA,NA,NA,NA,20.1,8.1
Edwin Diaz,NYM,Louisville Sluggers,2027,33,5.8,0.9,4.8999999999999995,NA,NA,NA,NA,NA,NA,65,5,36,93,2.94,1.05,0,1,0,0,0,0,1,0,0,20.1,-12.9
William Contreras,MIL,Melonheads,2026,11,5.3,0.4,4.8999999999999995,626,23,83,83,7,0.272,NA,NA,NA,NA,NA,NA,1,0,0,0,0,0,0,0,1,20.1,9.1
Logan Webb,SFG,Hoosiers,2026,16,5.7,0.9,4.8,NA,NA,NA,NA,NA,NA,201,13,0,171,3.32,1.19,NA,NA,NA,NA,NA,NA,NA,NA,NA,19.8,3.8
Sonny Gray,STL,Erie Lakers,2,21,5.7,0.9,4.8,NA,NA,NA,NA,NA,NA,181,13,0,191,3.42,1.15,NA,NA,NA,NA,NA,NA,NA,NA,NA,19.8,-1.2
Manny Machado,SDP,Hoosiers,2,25,5.8,1.1,4.699999999999999,651,29,82,99,8,0.266,NA,NA,NA,NA,NA,NA,0,0,0,1,0,0,1,0,1,19.4,-5.6
Ryan Helsley,STL,Hoosiers,Opt,1,5.6,0.9,4.699999999999999,NA,NA,NA,NA,NA,NA,66,6,35,82,2.92,1.11,NA,NA,NA,NA,NA,NA,NA,NA,NA,19.4,18.4
Tyler Glasnow,LAD,Hoosiers,2,11,5.4,0.9,4.5,NA,NA,NA,NA,NA,NA,140,10,0,173,3.32,1.08,NA,NA,NA,NA,NA,NA,NA,NA,NA,18.7,7.7
Luis Arraez,SDP,Melonheads,Opt,15,5.9,1.5,4.4,644,8,80,59,7,0.306,NA,NA,NA,NA,NA,NA,0,1,1,0,0,0,1,1,1,18.4,3.4
Blake Snell,LAD,Melonheads,Opt,21,5.1,0.9,4.199999999999999,NA,NA,NA,NA,NA,NA,160,11,0,209,3.45,1.21,NA,NA,NA,NA,NA,NA,NA,NA,NA,17.6,-3.4
Michael King,SDP,Big Red Machine,2,2,5.1,0.9,4.199999999999999,NA,NA,NA,NA,NA,NA,178,13,0,193,3.46,1.22,NA,NA,NA,NA,NA,NA,NA,NA,NA,17.6,15.6
Shota Imanaga,CHC,Melonheads,2,13,5.1,0.9,4.199999999999999,NA,NA,NA,NA,NA,NA,172,11,0,174,3.58,1.14,NA,NA,NA,NA,NA,NA,NA,NA,NA,17.6,4.6
Francisco Lindor,NYM,NA,NA,33,6.2,2.1,4.1,686,28,101,89,23,0.259,NA,NA,NA,NA,NA,NA,0,0,0,0,1,0,0,1,0,17.3,-15.7
Teoscar Hernandez,LAD,Free Birds,2,20,5.6,1.5,4.1,651,30,83,102,9,0.262,NA,NA,NA,NA,NA,NA,0,0,0,0,0,1,0,0,0,17.3,-2.7
Roki Sasaki,LAD,NA,NA,14,5,0.9,4.1,NA,NA,NA,NA,NA,NA,135,11,0,169,3.48,1.12,NA,NA,NA,NA,NA,NA,NA,NA,NA,17.3,3.3
Raisel Iglesias,ATL,NA,NA,24,5,0.9,4.1,NA,NA,NA,NA,NA,NA,68,5,32,76,3.14,1.1,NA,NA,NA,NA,NA,NA,NA,NA,NA,17.3,-6.7
Spencer Strider,ATL,Big Red Machine,2,37,4.9,0.9,4,NA,NA,NA,NA,NA,NA,119,9,0,159,3.25,1.09,NA,NA,NA,NA,NA,NA,NA,NA,NA,16.9,-20.1
Oneil Cruz,PIT,Westside Marauders,2026,22,5.4,1.5,3.9000000000000004,630,26,83,86,20,0.255,NA,NA,NA,NA,NA,NA,0,0,0,0,1,1,0,1,0,16.6,-5.4
Alec Bohm,PHI,Free Birds,2025,20,5,1.1,3.9,616,17,72,80,5,0.28,NA,NA,NA,NA,NA,NA,0,0,0,1,0,0,1,0,0,16.6,-3.4
Ryan Walker,SFG,Westside Marauders,2,1,4.8,0.9,3.9,NA,NA,NA,NA,NA,NA,68,5,28,81,3.04,1.12,NA,NA,NA,NA,NA,NA,NA,NA,NA,16.6,15.6
Aaron Nola,PHI,NA,NA,20,4.7,0.9,3.8000000000000003,NA,NA,NA,NA,NA,NA,188,12,0,185,3.84,1.17,NA,NA,NA,NA,NA,NA,NA,NA,NA,16.2,-3.8
Brenton Doyle,COL,Louisville Sluggers,2,10,5.2,1.5,3.7,665,23,85,80,28,0.249,NA,NA,NA,NA,NA,NA,0,0,0,0,0,1,0,0,0,15.9,5.9
Ketel Marte,ARI,NA,NA,29,5.8,2.1,3.6999999999999997,637,26,92,87,7,0.274,NA,NA,NA,NA,NA,NA,0,0,1,0,0,0,0,1,1,15.9,-13.1
Reynaldo Lopez,ATL,Free Birds,2,4,4.6,0.9,3.6999999999999997,NA,NA,NA,NA,NA,NA,173,11,0,184,3.57,1.22,NA,NA,NA,NA,NA,NA,NA,NA,NA,15.9,11.9
Sandy Alcantara,MIA,NA,NA,18,4.5,0.9,3.6,NA,NA,NA,NA,NA,NA,190,11,0,166,3.65,1.2,NA,NA,NA,NA,NA,NA,NA,NA,NA,15.5,-2.5
Justin Steele,CHC,Erie Lakers,2027,16,4.5,0.9,3.6,NA,NA,NA,NA,NA,NA,166,10,0,159,3.46,1.19,NA,NA,NA,NA,NA,NA,NA,NA,NA,15.5,-0.5
Freddy Peralta,MIL,National Pastime,2,24,4.5,0.9,3.6,NA,NA,NA,NA,NA,NA,171,11,0,195,3.76,1.19,NA,NA,NA,NA,NA,NA,NA,NA,NA,15.5,-8.5
Gabriel Moreno,ARI,Erie Lakers,Opt,9,4,0.4,3.6,507,10,58,59,6,0.283,NA,NA,NA,NA,NA,NA,1,0,0,0,0,0,0,0,0,15.5,6.5
Matt Olson,ATL,Free Birds,2027,38,5.1,1.5,3.5999999999999996,686,34,92,104,1,0.252,NA,NA,NA,NA,NA,NA,0,1,0,0,0,0,1,0,0,15.5,-22.5
James Wood,WSN,NA,NA,22,5.1,1.5,3.5999999999999996,602,21,79,77,18,0.263,NA,NA,NA,NA,NA,NA,0,0,0,0,0,1,0,0,0,15.5,-6.5
Christian Yelich,MIL,Erie Lakers,Opt,20,5.1,1.5,3.5999999999999996,574,17,81,65,23,0.265,NA,NA,NA,NA,NA,NA,0,0,0,0,0,1,0,0,1,15.5,-4.5
Josh Naylor,ARI,NA,NA,24,5.1,1.5,3.5999999999999996,609,23,72,93,7,0.266,NA,NA,NA,NA,NA,NA,0,1,0,0,0,0,1,0,0,15.5,-8.5
Spencer Schwellenbach,ATL,National Pastime,2,1,4.4,0.9,3.5000000000000004,NA,NA,NA,NA,NA,NA,165,12,0,159,3.71,1.17,NA,NA,NA,NA,NA,NA,NA,NA,NA,15.2,14.2
Tanner Scott,LAD,Melonheads,Opt,1,4.4,0.9,3.5000000000000004,NA,NA,NA,NA,NA,NA,66,6,25,82,3.03,1.21,NA,NA,NA,NA,NA,NA,NA,NA,NA,15.2,14.2
Mark Vientos,NYM,National Pastime,2,1,4.6,1.1,3.4999999999999996,665,32,82,100,1,0.249,NA,NA,NA,NA,NA,NA,0,0,0,1,0,0,1,0,0,15.2,14.2
Xavier Edwards,MIA,Louisville Sluggers,2,1,5.5,2.1,3.4,588,5,72,48,32,0.285,NA,NA,NA,NA,NA,NA,0,0,0,0,1,0,0,1,0,14.8,13.8
Hunter Greene,CIN,Westside Marauders,2,14,4.3,0.9,3.4,NA,NA,NA,NA,NA,NA,169,9,0,195,3.9,1.15,NA,NA,NA,NA,NA,NA,NA,NA,NA,14.8,0.8
Brandon Woodruff,MIL,NA,NA,12,4.3,0.9,3.4,NA,NA,NA,NA,NA,NA,153,9,0,170,3.61,1.15,NA,NA,NA,NA,NA,NA,NA,NA,NA,14.8,2.8
Nolan Arenado,STL,Blue Socks,Opt,28,4.4,1.1,3.3000000000000003,658,22,72,87,3,0.26,NA,NA,NA,NA,NA,NA,0,0,0,1,0,0,1,0,0,14.4,-13.6
Zac Gallen,ARI,Westside Marauders,2,26,4.2,0.9,3.3000000000000003,NA,NA,NA,NA,NA,NA,170,12,0,167,3.69,1.23,NA,NA,NA,NA,NA,NA,NA,NA,NA,14.4,-11.6
Jung Hoo Lee,SFG,Blue Socks,2,15,4.8,1.5,3.3,616,11,68,69,6,0.287,NA,NA,NA,NA,NA,NA,0,0,0,0,0,1,0,0,0,14.4,-0.6
Bryan Reynolds,PIT,Free Birds,2,22,4.8,1.5,3.3,644,22,80,80,8,0.264,NA,NA,NA,NA,NA,NA,0,0,0,0,0,1,0,0,1,14.4,-7.6
Pete Alonso,NYM,NA,NA,33,4.7,1.5,3.2,665,35,88,102,4,0.241,NA,NA,NA,NA,NA,NA,0,1,0,0,0,0,1,0,0,14.1,-18.9
Willson Contreras,STL,Louisville Sluggers,Opt,23,3.6,0.4,3.2,602,24,74,77,6,0.242,NA,NA,NA,NA,NA,NA,1,0,0,0,0,0,0,0,1,14.1,-8.9
Ozzie Albies,ATL,Free At Last,2026,42,5.3,2.1,3.1999999999999997,658,23,86,87,12,0.263,NA,NA,NA,NA,NA,NA,0,0,1,0,0,0,0,1,0,14.1,-27.9
CJ Abrams,WSN,Melonheads,2027,16,5.3,2.1,3.1999999999999997,602,19,82,67,33,0.253,NA,NA,NA,NA,NA,NA,0,0,0,0,1,0,0,1,0,14.1,-1.9
Marcell Ozuna,ATL,Big Red Machine,Opt,17,5.2,2.1,3.1,665,33,85,100,1,0.259,NA,NA,NA,NA,NA,NA,0,0,0,0,0,0,0,0,1,13.7,-3.3
Seiya Suzuki,CHC,Hoosiers,Opt,16,4.6,1.5,3.0999999999999996,560,21,71,72,11,0.264,NA,NA,NA,NA,NA,NA,0,0,0,0,0,1,0,0,1,13.7,-2.3
Pete Crow-Armstrong,CHC,Melonheads,Opt,1,4.5,1.5,3,560,16,72,68,30,0.246,NA,NA,NA,NA,NA,NA,0,0,0,0,0,1,0,0,0,13.4,12.4
Tommy Edman,LAD,Blue Socks,Opt,24,4.5,1.5,3,609,15,78,69,25,0.253,NA,NA,NA,NA,NA,NA,0,0,0,0,1,1,0,1,0,13.4,-10.6
Shohei Ohtani,LAD,Louisville Sluggers,2,34,3.9,0.9,3,NA,NA,NA,NA,NA,NA,123,9,0,137,3.63,1.15,0,0,0,0,0,0,0,0,1,13.4,-20.6
Trevor Megill,MIL,Erie Lakers,2,1,3.9,0.9,3,NA,NA,NA,NA,NA,NA,64,3,28,78,3.43,1.2,NA,NA,NA,NA,NA,NA,NA,NA,NA,13.4,12.4
Matt McLain,CIN,Hoosiers,Opt,1,5.1,2.1,2.9999999999999996,595,23,82,79,18,0.257,NA,NA,NA,NA,NA,NA,0,0,1,0,1,0,0,1,0,13.4,12.4
Ezequiel Tovar,COL,Erie Lakers,Opt,1,5.1,2.1,2.9999999999999996,686,24,83,89,9,0.261,NA,NA,NA,NA,NA,NA,0,0,0,0,1,0,0,1,0,13.4,12.4
Matt Chapman,SFG,Free At Last,2,18,4.1,1.1,2.9999999999999996,679,26,86,83,10,0.241,NA,NA,NA,NA,NA,NA,0,0,0,1,0,0,1,0,0,13.4,-4.6
Brendan Donovan,STL,National Pastime,2,10,4.4,1.5,2.9000000000000004,595,13,70,65,6,0.279,NA,NA,NA,NA,NA,NA,0,0,1,0,0,1,0,1,0,13,3
Jake McCarthy,ARI,Westside Marauders,2,1,4.4,1.5,2.9000000000000004,518,9,64,57,26,0.266,NA,NA,NA,NA,NA,NA,0,0,0,0,0,1,0,0,0,13,12
Lourdes Gurriel Jr.,ARI,Erie Lakers,2,13,4.4,1.5,2.9000000000000004,560,17,64,73,5,0.272,NA,NA,NA,NA,NA,NA,0,0,0,0,0,1,0,0,0,13,0
Nestor Cortes,MIL,Hoosiers,1,9,3.8,0.9,2.9,NA,NA,NA,NA,NA,NA,144,9,0,144,3.75,1.16,NA,NA,NA,NA,NA,NA,NA,NA,NA,13,4
Robert Suarez,SDP,Big Red Machine,2,9,3.8,0.9,2.9,NA,NA,NA,NA,NA,NA,65,5,28,65,3.65,1.2,NA,NA,NA,NA,NA,NA,NA,NA,NA,13,4
J.T. Realmuto,PHI,Westside Marauders,2,21,3.3,0.4,2.9,501,17,59,62,8,0.252,NA,NA,NA,NA,NA,NA,1,0,0,0,0,0,0,0,0,13,-8
Cristopher Sanchez,PHI,Louisville Sluggers,Opt,1,3.7,0.9,2.8000000000000003,NA,NA,NA,NA,NA,NA,171,11,0,147,3.68,1.24,NA,NA,NA,NA,NA,NA,NA,NA,NA,12.7,11.7
Ranger Suarez,PHI,Erie Lakers,2,6,3.7,0.9,2.8000000000000003,NA,NA,NA,NA,NA,NA,166,11,0,149,3.62,1.26,NA,NA,NA,NA,NA,NA,NA,NA,NA,12.7,6.7
Kodai Senga,NYM,Big Red Machine,Opt,13,3.7,0.9,2.8000000000000003,NA,NA,NA,NA,NA,NA,160,10,0,173,3.65,1.26,NA,NA,NA,NA,NA,NA,NA,NA,NA,12.7,-0.3
Will Smith,LAD,NA,NA,15,3.2,0.4,2.8000000000000003,501,19,65,66,2,0.251,NA,NA,NA,NA,NA,NA,1,0,0,0,0,0,0,0,0,12.7,-2.3
Ian Happ,CHC,Free At Last,2,18,4.3,1.5,2.8,672,23,88,80,12,0.247,NA,NA,NA,NA,NA,NA,0,0,0,0,0,1,0,0,0,12.7,-5.3
Nathaniel Lowe,WSN,NA,NA,13,4.2,1.5,2.7,623,18,70,73,2,0.268,NA,NA,NA,NA,NA,NA,0,1,0,0,0,0,1,0,0,12.3,-0.7
Nick Castellanos,PHI,National Pastime,Opt,21,4.2,1.5,2.7,637,22,74,84,6,0.256,NA,NA,NA,NA,NA,NA,0,0,0,0,0,1,0,0,0,12.3,-8.7
A.J. Puk,ARI,Blue Socks,2,3,3.6,0.9,2.7,NA,NA,NA,NA,NA,NA,64,5,17,78,3.26,1.17,NA,NA,NA,NA,NA,NA,NA,NA,NA,12.3,9.3
David Bednar,PIT,Free Birds,2,20,3.6,0.9,2.7,NA,NA,NA,NA,NA,NA,64,4,28,68,3.71,1.24,NA,NA,NA,NA,NA,NA,NA,NA,NA,12.3,-7.7
Nico Hoerner,CHC,Free Birds,Opt,18,4.8,2.1,2.6999999999999997,560,8,67,54,26,0.276,NA,NA,NA,NA,NA,NA,0,0,1,0,0,0,0,1,0,12.3,-5.7
Luis Garcia Jr.,WSN,Hoosiers,2,10,4.8,2.1,2.6999999999999997,539,16,62,66,15,0.273,NA,NA,NA,NA,NA,NA,0,0,1,0,0,0,0,1,0,12.3,2.3
Xander Bogaerts,SDP,Erie Lakers,Opt,25,4.7,2.1,2.6,644,17,74,71,13,0.266,NA,NA,NA,NA,NA,NA,0,0,1,0,1,0,0,1,0,11.9,-13.1
Nick Pivetta,SDP,NA,NA,13,3.5,0.9,2.6,NA,NA,NA,NA,NA,NA,154,10,0,171,4.04,1.2,NA,NA,NA,NA,NA,NA,NA,NA,NA,11.9,-1.1
Ryan Pressly,CHC,NA,NA,12,3.5,0.9,2.6,NA,NA,NA,NA,NA,NA,61,3,25,63,3.38,1.2,NA,NA,NA,NA,NA,NA,NA,NA,NA,11.9,-0.1
Tyler Stephenson,CIN,NA,NA,12,3,0.4,2.6,490,15,59,61,1,0.258,NA,NA,NA,NA,NA,NA,1,0,0,0,0,0,0,0,0,11.9,-0.1
Jesus Sanchez,MIA,Blue Socks,2,1,4.1,1.5,2.5999999999999996,539,21,63,71,10,0.256,NA,NA,NA,NA,NA,NA,0,0,0,0,0,1,0,0,0,11.9,10.9
Dylan Crews,WSN,Blue Socks,2,1,4,1.5,2.5,581,15,70,65,25,0.246,NA,NA,NA,NA,NA,NA,0,0,0,0,0,1,0,0,0,11.6,10.6
Alec Burleson,STL,National Pastime,2,1,4,1.5,2.5,476,16,56,62,6,0.275,NA,NA,NA,NA,NA,NA,0,0,0,0,0,1,0,0,1,11.6,10.6
Joey Ortiz,MIL,Big Red Machine,2,6,3.6,1.1,2.5,630,14,74,71,12,0.25,NA,NA,NA,NA,NA,NA,0,0,0,1,0,0,1,0,0,11.6,5.6
Connor Norby,MIA,Blue Socks,2,1,3.6,1.1,2.5,588,18,78,67,9,0.248,NA,NA,NA,NA,NA,NA,0,0,1,1,0,0,1,1,0,11.6,10.6
Yu Darvish,SDP,Big Red Machine,2025,22,3.4,0.9,2.5,NA,NA,NA,NA,NA,NA,164,11,0,156,4.1,1.19,NA,NA,NA,NA,NA,NA,NA,NA,NA,11.6,-10.4
Robbie Ray,SFG,Free Birds,2,5,3.4,0.9,2.5,NA,NA,NA,NA,NA,NA,151,9,0,161,3.91,1.22,NA,NA,NA,NA,NA,NA,NA,NA,NA,11.6,6.6
Masyn Winn,STL,Westside Marauders,2,11,4.5,2.1,2.4,665,16,88,70,14,0.258,NA,NA,NA,NA,NA,NA,0,0,0,0,1,0,0,1,0,11.2,0.2
Bryson Stott,PHI,Erie Lakers,Opt,15,4.5,2.1,2.4,602,13,71,65,26,0.258,NA,NA,NA,NA,NA,NA,0,0,1,0,0,0,0,1,0,11.2,-3.8
Brice Turang,MIL,National Pastime,2,7,4.5,2.1,2.4,581,10,67,55,36,0.254,NA,NA,NA,NA,NA,NA,0,0,1,0,0,0,0,1,0,11.2,4.2
Heliot Ramos,SFG,Hoosiers,2,1,3.9,1.5,2.4,602,22,72,78,7,0.251,NA,NA,NA,NA,NA,NA,0,0,0,0,0,1,0,0,0,11.2,10.2
Jurickson Profar,ATL,Blue Socks,2,2,3.9,1.5,2.4,637,15,82,67,7,0.258,NA,NA,NA,NA,NA,NA,0,0,0,0,0,1,0,0,0,11.2,9.2
Ke'Bryan Hayes,PIT,NA,NA,11,3.5,1.1,2.4,588,11,64,59,15,0.254,NA,NA,NA,NA,NA,NA,0,0,0,1,0,0,1,0,0,11.2,0.2
MacKenzie Gore,WSN,Blue Socks,2,4,3.3,0.9,2.4,NA,NA,NA,NA,NA,NA,167,10,0,178,3.86,1.28,NA,NA,NA,NA,NA,NA,NA,NA,NA,11.2,7.2
Jared Jones,PIT,Hoosiers,2,1,3.3,0.9,2.4,NA,NA,NA,NA,NA,NA,159,9,0,162,3.9,1.23,NA,NA,NA,NA,NA,NA,NA,NA,NA,11.2,10.2
Justin Martinez,ARI,Louisville Sluggers,2,1,3.3,0.9,2.4,NA,NA,NA,NA,NA,NA,67,5,17,84,3.11,1.3,NA,NA,NA,NA,NA,NA,NA,NA,NA,11.2,10.2
Clay Holmes,NYM,NA,NA,12,3.2,0.9,2.3000000000000003,NA,NA,NA,NA,NA,NA,164,13,0,148,3.61,1.34,NA,NA,NA,NA,NA,NA,NA,NA,NA,10.9,-1.1
Brandon Pfaadt,ARI,Westside Marauders,2,10,3.2,0.9,2.3000000000000003,NA,NA,NA,NA,NA,NA,138,9,0,136,3.91,1.19,NA,NA,NA,NA,NA,NA,NA,NA,NA,10.9,0.9
Jordan Romano,PHI,NA,NA,11,3.2,0.9,2.3000000000000003,NA,NA,NA,NA,NA,NA,59,5,23,64,3.83,1.24,NA,NA,NA,NA,NA,NA,NA,NA,NA,10.9,-0.1
TJ Friedl,CIN,Free Birds,2026,11,3.8,1.5,2.3,567,17,71,66,16,0.248,NA,NA,NA,NA,NA,NA,0,0,0,0,0,1,0,0,0,10.9,-0.1
Ryan McMahon,COL,Free At Last,Opt,17,3.4,1.1,2.3,637,22,76,73,6,0.243,NA,NA,NA,NA,NA,NA,0,0,0,1,0,0,1,0,0,10.9,-6.1
Nolan Jones,COL,Free Birds,Opt,6,3.7,1.5,2.2,518,16,63,63,11,0.256,NA,NA,NA,NA,NA,NA,0,0,0,0,0,1,0,0,0,10.5,4.5
Matt Strahm,PHI,Free Birds,2,2,3.1,0.9,2.2,NA,NA,NA,NA,NA,NA,67,5,3,79,3.27,1.05,NA,NA,NA,NA,NA,NA,NA,NA,NA,10.5,8.5
Francisco Alvarez,NYM,Westside Marauders,Opt,1,2.6,0.4,2.2,488,22,59,68,2,0.234,NA,NA,NA,NA,NA,NA,1,0,0,0,0,0,0,0,0,10.5,9.5
Keibert Ruiz,WSN,Blue Socks,2025,11,2.6,0.4,2.2,480,15,49,57,3,0.251,NA,NA,NA,NA,NA,NA,1,0,0,0,0,0,0,0,0,10.5,-0.5
Willy Adames,SFG,National Pastime,2026,27,4.3,2.1,2.1999999999999997,672,24,83,84,14,0.243,NA,NA,NA,NA,NA,NA,0,0,0,0,1,0,0,1,0,10.5,-16.5
Isiah Kiner-Falefa,PIT,Free Birds,2,3,3.3,1.1,2.1999999999999997,553,7,58,50,15,0.263,NA,NA,NA,NA,NA,NA,0,0,1,1,1,0,1,1,0,10.5,7.5
Kyle Schwarber,PHI,NA,NA,24,4.2,2.1,2.1,658,38,97,95,5,0.226,NA,NA,NA,NA,NA,NA,0,0,0,0,0,0,0,0,1,10.2,-13.8
Brandon Nimmo,NYM,NA,NA,13,3.6,1.5,2.1,581,17,76,67,8,0.252,NA,NA,NA,NA,NA,NA,0,0,0,0,0,1,0,0,0,10.2,-2.8
Matthew Boyd,CHC,NA,NA,7,3,0.9,2.1,NA,NA,NA,NA,NA,NA,122,8,0,124,3.79,1.21,NA,NA,NA,NA,NA,NA,NA,NA,NA,10.2,3.2
Alexis Diaz,CIN,Westside Marauders,2026,11,3,0.9,2.1,NA,NA,NA,NA,NA,NA,65,4,28,69,4.15,1.29,NA,NA,NA,NA,NA,NA,NA,NA,NA,10.2,-0.8
Lars Nootbaar,STL,Free Birds,2025,6,3.5,1.5,2,539,18,72,62,9,0.249,NA,NA,NA,NA,NA,NA,0,0,0,0,0,1,0,0,0,9.8,3.8
Brandon Marsh,PHI,National Pastime,Opt,11,3.5,1.5,2,539,15,64,63,16,0.247,NA,NA,NA,NA,NA,NA,0,0,0,0,0,1,0,0,0,9.8,-1.2
Jacob Young,WSN,Erie Lakers,2,1,3.5,1.5,2,560,4,67,47,31,0.249,NA,NA,NA,NA,NA,NA,0,0,0,0,0,1,0,0,0,9.8,8.8
Spencer Steer,CIN,Louisville Sluggers,Opt,6,3.5,1.5,2,504,17,61,65,13,0.247,NA,NA,NA,NA,NA,NA,0,1,0,0,0,1,1,0,0,9.8,3.8
Nick Martinez,CIN,Free At Last,2,1,2.9,0.9,2,NA,NA,NA,NA,NA,NA,168,10,0,143,3.99,1.26,0,0,0,0,0,0,0,0,1,9.8,8.8
Nick Martinez,CIN,Big Red Machine,2,1,2.9,0.9,2,NA,NA,NA,NA,NA,NA,168,10,0,143,3.99,1.26,0,0,0,0,0,0,0,0,1,9.8,8.8
Dansby Swanson,CHC,NA,NA,19,4.1,2.1,1.9999999999999996,679,21,83,79,15,0.245,NA,NA,NA,NA,NA,NA,0,0,0,0,1,0,0,1,0,9.8,-9.2
Garrett Mitchell,MIL,Hoosiers,2,4,3.4,1.5,1.9,476,15,60,60,20,0.242,NA,NA,NA,NA,NA,NA,0,0,0,0,0,1,0,0,0,9.4,5.4
Jake Fraley,CIN,Free Birds,Opt,6,3.4,1.5,1.9,448,12,51,51,19,0.254,NA,NA,NA,NA,NA,NA,0,0,0,0,0,1,0,0,0,9.4,3.4
Jeimer Candelario,CIN,Melonheads,Opt,8,3,1.1,1.9,518,20,61,68,4,0.242,NA,NA,NA,NA,NA,NA,0,1,0,1,0,0,1,0,1,9.4,1.4
Jesus Luzardo,PHI,Louisville Sluggers,2027,19,2.8,0.9,1.9,NA,NA,NA,NA,NA,NA,158,10,0,163,4.15,1.25,NA,NA,NA,NA,NA,NA,NA,NA,NA,9.4,-9.6
Ivan Herrera,STL,National Pastime,2,2,2.3,0.4,1.9,398,9,48,43,6,0.254,NA,NA,NA,NA,NA,NA,1,0,0,0,0,0,0,0,0,9.4,7.4
Eduardo Rodriguez,ARI,Erie Lakers,2,12,2.7,0.9,1.8000000000000003,NA,NA,NA,NA,NA,NA,143,10,0,132,3.85,1.29,NA,NA,NA,NA,NA,NA,NA,NA,NA,9.1,-2.9
Orion Kerkering,PHI,NA,NA,5,2.7,0.9,1.8000000000000003,NA,NA,NA,NA,NA,NA,63,4,5,72,3.17,1.13,NA,NA,NA,NA,NA,NA,NA,NA,NA,9.1,4.1
Jason Adam,SDP,NA,NA,5,2.7,0.9,1.8000000000000003,NA,NA,NA,NA,NA,NA,67,5,3,77,3.34,1.11,NA,NA,NA,NA,NA,NA,NA,NA,NA,9.1,4.1
Thairo Estrada,COL,Hoosiers,2,1,3.9,2.1,1.7999999999999998,518,15,63,63,10,0.265,NA,NA,NA,NA,NA,NA,0,0,1,0,0,0,0,1,0,9.1,8.1
Austin Hays,CIN,NA,NA,7,3.3,1.5,1.7999999999999998,511,17,61,61,4,0.256,NA,NA,NA,NA,NA,NA,0,0,0,0,0,1,0,0,0,9.1,2.1
Jordan Walker,STL,Westside Marauders,Opt,16,3.2,1.5,1.7000000000000002,567,18,59,68,7,0.249,NA,NA,NA,NA,NA,NA,0,0,0,0,0,1,0,0,0,8.7,-7.3
Josh Bell,WSN,Free At Last,Opt,16,3.2,1.5,1.7000000000000002,581,20,64,70,1,0.25,NA,NA,NA,NA,NA,NA,0,1,0,0,0,0,1,0,1,8.7,-7.3
Sean Manaea,NYM,Blue Socks,Opt,9,2.6,0.9,1.7000000000000002,NA,NA,NA,NA,NA,NA,159,9,0,160,4.17,1.25,NA,NA,NA,NA,NA,NA,NA,NA,NA,8.7,-0.3
Camilo Doval,SFG,Erie Lakers,2026,18,2.6,0.9,1.7000000000000002,NA,NA,NA,NA,NA,NA,62,5,10,75,3.31,1.25,NA,NA,NA,NA,NA,NA,NA,NA,NA,8.7,-9.3
Kyle Finnegan,WSN,National Pastime,2,7,2.6,0.9,1.7000000000000002,NA,NA,NA,NA,NA,NA,64,4,22,61,3.97,1.3,NA,NA,NA,NA,NA,NA,NA,NA,NA,8.7,1.7
Eugenio Suarez,ARI,Westside Marauders,2,13,2.8,1.1,1.6999999999999997,609,23,70,78,2,0.233,NA,NA,NA,NA,NA,NA,0,0,0,1,0,0,1,0,0,8.7,-4.3
Matt Shaw,CHC,NA,NA,12,3.7,2.1,1.6,518,16,62,64,17,0.248,NA,NA,NA,NA,NA,NA,NA,NA,NA,NA,NA,NA,NA,NA,NA,8.4,-3.6
Otto Lopez,MIA,Erie Lakers,2,1,3.7,2.1,1.6,483,6,54,46,16,0.275,NA,NA,NA,NA,NA,NA,0,0,1,0,0,0,0,1,0,8.4,7.4
Sal Frelick,MIL,Erie Lakers,Opt,1,3.1,1.5,1.6,448,6,53,43,13,0.267,NA,NA,NA,NA,NA,NA,0,0,0,0,0,1,0,0,0,8.4,7.4
Mitch Keller,PIT,Free At Last,Opt,1,2.5,0.9,1.6,NA,NA,NA,NA,NA,NA,180,10,0,163,4.14,1.28,NA,NA,NA,NA,NA,NA,NA,NA,NA,8.4,7.4
Blake Treinen,LAD,Free Birds,2,1,2.5,0.9,1.6,NA,NA,NA,NA,NA,NA,59,5,6,64,3.34,1.16,NA,NA,NA,NA,NA,NA,NA,NA,NA,8.4,7.4
Michael Toglia,COL,National Pastime,2,1,3,1.5,1.5,567,26,69,74,8,0.226,NA,NA,NA,NA,NA,NA,0,1,0,0,0,0,1,0,0,8,7
Nick Lodolo,CIN,NA,2025,9,2.4,0.9,1.5,NA,NA,NA,NA,NA,NA,132,8,0,144,4.24,1.23,NA,NA,NA,NA,NA,NA,NA,NA,NA,8,-1
Jeremiah Estrada,SDP,Blue Socks,2,1,2.4,0.9,1.5,NA,NA,NA,NA,NA,NA,63,4,3,85,3.26,1.18,NA,NA,NA,NA,NA,NA,NA,NA,NA,8,7
Kirby Yates,LAD,NA,NA,8,2.4,0.9,1.5,NA,NA,NA,NA,NA,NA,60,5,9,73,3.59,1.25,NA,NA,NA,NA,NA,NA,NA,NA,NA,8,0
Calvin Faucher,MIA,Louisville Sluggers,2,1,2.4,0.9,1.5,NA,NA,NA,NA,NA,NA,63,3,22,66,3.91,1.39,NA,NA,NA,NA,NA,NA,NA,NA,NA,8,7
Patrick Bailey,SFG,Erie Lakers,Opt,1,1.9,0.4,1.5,506,12,54,52,4,0.236,NA,NA,NA,NA,NA,NA,1,0,0,0,0,0,0,0,0,8,7
Luis Campusano,SDP,Melonheads,Opt,4,1.9,0.4,1.5,322,10,38,40,1,0.254,NA,NA,NA,NA,NA,NA,1,0,0,0,0,0,0,0,0,8,4
Hunter Goodman,COL,National Pastime,2,4,1.9,0.4,1.5,319,15,38,47,2,0.238,NA,NA,NA,NA,NA,NA,1,0,0,0,0,1,0,0,0,8,4
Tyler Fitzgerald,SFG,National Pastime,2,1,3.5,2.1,1.4,588,20,73,73,19,0.234,NA,NA,NA,NA,NA,NA,0,0,0,0,1,0,0,1,0,7.7,6.7
Michael Busch,CHC,Big Red Machine,Opt,1,2.9,1.5,1.4,553,20,71,69,2,0.24,NA,NA,NA,NA,NA,NA,0,1,0,0,0,0,1,0,0,7.7,6.7
Spencer Horwitz,PIT,Erie Lakers,1,1,2.9,1.5,1.4,441,10,53,47,2,0.27,NA,NA,NA,NA,NA,NA,0,1,1,0,0,0,1,1,0,7.7,6.7
Kevin Ginkel,ARI,NA,NA,2,2.3,0.9,1.4,NA,NA,NA,NA,NA,NA,61,5,3,65,3.31,1.2,NA,NA,NA,NA,NA,NA,NA,NA,NA,7.7,5.7
David Peterson,NYM,Louisville Sluggers,2,1,2.2,0.9,1.3000000000000003,NA,NA,NA,NA,NA,NA,147,9,0,136,3.9,1.35,NA,NA,NA,NA,NA,NA,NA,NA,NA,7.3,6.3
Merrill Kelly,ARI,Westside Marauders,2,10,2.2,0.9,1.3000000000000003,NA,NA,NA,NA,NA,NA,149,9,0,131,4.03,1.29,NA,NA,NA,NA,NA,NA,NA,NA,NA,7.3,-2.7
Aaron Bummer,ATL,NA,NA,NA,2.2,0.9,1.3000000000000003,NA,NA,NA,NA,NA,NA,61,5,1,71,3.03,1.26,NA,NA,NA,NA,NA,NA,NA,NA,NA,7.3,NA
Christian Encarnacion-Strand,CIN,Westside Marauders,Opt,1,2.8,1.5,1.2999999999999998,364,16,45,55,2,0.257,NA,NA,NA,NA,NA,NA,0,1,0,0,0,0,1,0,0,7.3,6.3
Sean Murphy,ATL,National Pastime,Opt,18,1.7,0.4,1.2999999999999998,365,14,42,47,0,0.234,NA,NA,NA,NA,NA,NA,1,0,0,0,0,0,0,0,0,7.3,-10.7
Joey Bart,PIT,Hoosiers,2,1,1.7,0.4,1.2999999999999998,379,12,43,44,1,0.24,NA,NA,NA,NA,NA,NA,1,0,0,0,0,0,0,0,0,7.3,6.3
Jameson Taillon,CHC,Westside Marauders,2,9,2.1,0.9,1.2000000000000002,NA,NA,NA,NA,NA,NA,165,10,0,132,4.31,1.26,NA,NA,NA,NA,NA,NA,NA,NA,NA,6.9,-2.1
A.J. Minter,NYM,NA,NA,1,2.1,0.9,1.2000000000000002,NA,NA,NA,NA,NA,NA,54,5,2,60,3.37,1.16,NA,NA,NA,NA,NA,NA,NA,NA,NA,6.9,5.9
Dylan Lee,ATL,NA,NA,1,2.1,0.9,1.2000000000000002,NA,NA,NA,NA,NA,NA,62,4,0,71,3.32,1.16,NA,NA,NA,NA,NA,NA,NA,NA,NA,6.9,5.9
Endy Rodriguez,PIT,NA,NA,5,1.6,0.4,1.2000000000000002,352,8,41,39,2,0.246,NA,NA,NA,NA,NA,NA,1,0,0,0,0,0,0,0,0,6.9,1.9
Hyeseong Kim,LAD,NA,NA,7,3.3,2.1,1.1999999999999997,392,5,45,39,15,0.279,NA,NA,NA,NA,NA,NA,0,0,1,0,0,0,0,1,0,6.9,-0.1
Max Muncy,LAD,Free Birds,2,19,2.3,1.1,1.1999999999999997,546,25,74,74,3,0.214,NA,NA,NA,NA,NA,NA,0,0,0,1,0,0,1,0,0,6.9,-12.1
Jeff McNeil,NYM,Westside Marauders,2,21,3.2,2.1,1.1,525,10,59,54,5,0.266,NA,NA,NA,NA,NA,NA,0,0,1,0,0,0,0,1,0,6.6,-14.4
Jake Cronenworth,SDP,NA,NA,12,2.6,1.5,1.1,602,15,68,67,4,0.24,NA,NA,NA,NA,NA,NA,0,1,1,0,0,0,1,1,0,6.6,-5.4
Michael Conforto,LAD,Big Red Machine,2,8,2.6,1.5,1.1,497,20,59,69,2,0.238,NA,NA,NA,NA,NA,NA,0,0,0,0,0,1,0,0,1,6.6,-1.4
Deyvison De Los Santos,MIA,NA,NA,5,2.2,1.1,1.1,350,15,40,45,1,0.251,NA,NA,NA,NA,NA,NA,0,1,0,1,0,0,1,0,0,6.6,1.6
Tobias Myers,MIL,National Pastime,2,1,2,0.9,1.1,NA,NA,NA,NA,NA,NA,142,8,0,129,4.2,1.27,NA,NA,NA,NA,NA,NA,NA,NA,NA,6.6,5.6
Dustin May,LAD,NA,NA,2,2,0.9,1.1,NA,NA,NA,NA,NA,NA,73,4,0,77,3.57,1.18,NA,NA,NA,NA,NA,NA,NA,NA,NA,6.6,4.6
Geraldo Perdomo,ARI,Westside Marauders,2,2,3.1,2.1,1,567,8,74,53,16,0.25,NA,NA,NA,NA,NA,NA,0,0,0,0,1,0,0,1,0,6.2,4.2
Nick Gonzales,PIT,Louisville Sluggers,2,1,3.1,2.1,1,504,10,58,59,5,0.262,NA,NA,NA,NA,NA,NA,0,0,1,0,0,0,0,1,0,6.2,5.2
Max Kepler,PHI,NA,NA,5,2.5,1.5,1,497,17,59,61,3,0.24,NA,NA,NA,NA,NA,NA,0,0,0,0,0,1,0,0,0,6.2,1.2
Rhys Hoskins,MIL,Hoosiers,2,14,2.5,1.5,1,567,26,67,76,3,0.223,NA,NA,NA,NA,NA,NA,0,1,0,0,0,0,1,0,1,6.2,-7.8
Jordan Beck,COL,NA,NA,4,2.5,1.5,1,434,12,49,48,10,0.245,NA,NA,NA,NA,NA,NA,0,0,0,0,0,1,0,0,0,6.2,2.2
Erick Fedde,STL,Hoosiers,2,5,1.9,0.9,0.9999999999999999,NA,NA,NA,NA,NA,NA,164,9,0,144,4.21,1.31,NA,NA,NA,NA,NA,NA,NA,NA,NA,6.2,1.2
Kyle Harrison,SFG,Hoosiers,Opt,2,1.9,0.9,0.9999999999999999,NA,NA,NA,NA,NA,NA,126,7,0,128,4.1,1.28,NA,NA,NA,NA,NA,NA,NA,NA,NA,6.2,4.2
Jose Alvarado,PHI,NA,NA,1,1.9,0.9,0.9999999999999999,NA,NA,NA,NA,NA,NA,60,4,3,69,3.31,1.26,NA,NA,NA,NA,NA,NA,NA,NA,NA,6.2,5.2
Aaron Civale,MIL,Big Red Machine,2,11,1.8,0.9,0.9,NA,NA,NA,NA,NA,NA,146,8,0,136,4.31,1.27,NA,NA,NA,NA,NA,NA,NA,NA,NA,5.9,-5.1
Justin Verlander,SFG,NA,NA,7,1.8,0.9,0.9,NA,NA,NA,NA,NA,NA,138,8,0,111,4.18,1.27,NA,NA,NA,NA,NA,NA,NA,NA,NA,5.9,-1.1
Grant Holmes,ATL,NA,NA,5,1.8,0.9,0.9,NA,NA,NA,NA,NA,NA,117,6,0,113,3.99,1.29,NA,NA,NA,NA,NA,NA,NA,NA,NA,5.9,0.9
Reed Garrett,NYM,NA,NA,NA,1.8,0.9,0.9,NA,NA,NA,NA,NA,NA,66,6,0,77,3.58,1.29,NA,NA,NA,NA,NA,NA,NA,NA,NA,5.9,NA
Alex Vesia,LAD,Free Birds,2,1,1.8,0.9,0.9,NA,NA,NA,NA,NA,NA,58,4,0,74,3.53,1.2,NA,NA,NA,NA,NA,NA,NA,NA,NA,5.9,4.9
Joel Payamps,MIL,NA,NA,4,1.8,0.9,0.9,NA,NA,NA,NA,NA,NA,61,5,2,60,3.67,1.22,NA,NA,NA,NA,NA,NA,NA,NA,NA,5.9,1.9
Porter Hodge,CHC,Westside Marauders,2,1,1.8,0.9,0.9,NA,NA,NA,NA,NA,NA,63,3,11,68,3.87,1.32,NA,NA,NA,NA,NA,NA,NA,NA,NA,5.9,4.9
Evan Phillips,LAD,Free Birds,2026,11,1.8,0.9,0.9,NA,NA,NA,NA,NA,NA,50,3,0,56,3.31,1.13,NA,NA,NA,NA,NA,NA,NA,NA,NA,5.9,-5.1
Miguel Amaya,CHC,Free Birds,2,1,1.3,0.4,0.9,326,9,34,38,1,0.24,NA,NA,NA,NA,NA,NA,1,0,0,0,0,0,0,0,0,5.9,4.9
Agustin Ramirez,MIA,Melonheads,2,1,1.3,0.4,0.9,263,8,30,30,5,0.237,NA,NA,NA,NA,NA,NA,1,1,0,0,0,0,1,0,0,5.9,4.9
Tommy Pham,PIT,NA,NA,6,2.4,1.5,0.8999999999999999,448,10,53,43,10,0.248,NA,NA,NA,NA,NA,NA,0,0,0,0,0,1,0,0,0,5.9,-0.1
Eury Perez,MIA,NA,2,2,1.7,0.9,0.7999999999999999,NA,NA,NA,NA,NA,NA,73,4,0,80,3.86,1.21,NA,NA,NA,NA,NA,NA,NA,NA,NA,5.5,3.5
Pierce Johnson,ATL,NA,NA,1,1.7,0.9,0.7999999999999999,NA,NA,NA,NA,NA,NA,64,5,2,78,3.6,1.29,NA,NA,NA,NA,NA,NA,NA,NA,NA,5.5,4.5
Bryan Hudson,MIL,Free Birds,2,1,1.7,0.9,0.7999999999999999,NA,NA,NA,NA,NA,NA,60,3,1,65,3.52,1.2,NA,NA,NA,NA,NA,NA,NA,NA,NA,5.5,4.5
Jose Trevino,CIN,NA,NA,1,1.2,0.4,0.7999999999999999,262,7,28,30,2,0.246,NA,NA,NA,NA,NA,NA,1,0,0,0,0,0,0,0,0,5.5,4.5
Gavin Lux,CIN,Westside Marauders,2,9,2.9,2.1,0.7999999999999998,490,11,61,51,6,0.258,NA,NA,NA,NA,NA,NA,0,0,1,0,0,0,0,1,0,5.5,-3.5
LaMonte Wade Jr.,SFG,Blue Socks,2,7,2.3,1.5,0.7999999999999998,490,14,62,47,3,0.242,NA,NA,NA,NA,NA,NA,0,1,0,0,0,0,1,0,0,5.5,-1.5
Jose Tena,WSN,Hoosiers,2,1,1.9,1.1,0.7999999999999998,322,7,34,35,7,0.254,NA,NA,NA,NA,NA,NA,0,0,0,1,0,0,1,0,0,5.5,4.5
Jose Iglesias,SDP,Erie Lakers,2,1,1.9,1.1,0.7999999999999998,378,5,39,37,3,0.263,NA,NA,NA,NA,NA,NA,0,0,1,1,0,0,1,1,0,5.5,4.5
Johan Rojas,PHI,Melonheads,2,6,2.2,1.5,0.7000000000000002,315,5,38,31,19,0.247,NA,NA,NA,NA,NA,NA,0,0,0,0,0,1,0,0,0,5.2,-0.8
Starling Marte,NYM,Blue Socks,Opt,21,2.2,1.5,0.7000000000000002,273,6,34,30,11,0.264,NA,NA,NA,NA,NA,NA,0,0,0,0,0,1,0,0,0,5.2,-15.8
Clayton Kershaw,LAD,Free Birds,2,5,1.6,0.9,0.7000000000000001,NA,NA,NA,NA,NA,NA,68,5,0,63,3.81,1.22,NA,NA,NA,NA,NA,NA,NA,NA,NA,5.2,0.2
Anthony Bender,MIA,NA,NA,1,1.6,0.9,0.7000000000000001,NA,NA,NA,NA,NA,NA,60,3,5,63,3.68,1.26,NA,NA,NA,NA,NA,NA,NA,NA,NA,5.2,4.2
Ryne Nelson,ARI,Erie Lakers,2,1,1.6,0.9,0.7000000000000001,NA,NA,NA,NA,NA,NA,100,6,0,82,4.09,1.27,NA,NA,NA,NA,NA,NA,NA,NA,NA,5.2,4.2
Jesus Tinoco,MIA,NA,NA,2,1.6,0.9,0.7000000000000001,NA,NA,NA,NA,NA,NA,64,3,6,64,3.82,1.29,NA,NA,NA,NA,NA,NA,NA,NA,NA,5.2,3.2
Ryan Brasier,CHC,NA,NA,NA,1.6,0.9,0.7000000000000001,NA,NA,NA,NA,NA,NA,58,3,2,55,3.62,1.19,NA,NA,NA,NA,NA,NA,NA,NA,NA,5.2,NA
Erik Miller,SFG,NA,NA,NA,1.6,0.9,0.7000000000000001,NA,NA,NA,NA,NA,NA,61,4,1,76,3.48,1.31,NA,NA,NA,NA,NA,NA,NA,NA,NA,5.2,NA
JoJo Romero,STL,NA,NA,NA,1.6,0.9,0.7000000000000001,NA,NA,NA,NA,NA,NA,61,4,1,60,3.53,1.24,NA,NA,NA,NA,NA,NA,NA,NA,NA,5.2,NA
Nick Fortes,MIA,Louisville Sluggers,2,2,1.1,0.4,0.7000000000000001,352,8,36,35,3,0.234,NA,NA,NA,NA,NA,NA,1,0,0,0,0,0,0,0,0,5.2,3.2
Drew Romo,COL,NA,NA,NA,1.1,0.4,0.7000000000000001,243,5,25,28,2,0.247,NA,NA,NA,NA,NA,NA,1,0,0,0,0,0,0,0,0,5.2,NA
Nolan Gorman,STL,Hoosiers,Opt,3,2.8,2.1,0.6999999999999997,490,25,61,68,6,0.227,NA,NA,NA,NA,NA,NA,0,0,1,0,0,0,0,1,0,5.2,2.2
Alek Thomas,ARI,Blue Socks,2,8,2.1,1.5,0.6000000000000001,308,8,38,37,7,0.255,NA,NA,NA,NA,NA,NA,0,0,0,0,0,1,0,0,0,4.8,-3.2
Jesse Winker,NYM,Big Red Machine,2,1,2.1,1.5,0.6000000000000001,427,11,50,46,7,0.241,NA,NA,NA,NA,NA,NA,0,0,0,0,0,1,0,0,1,4.8,3.8
Dane Myers,MIA,Louisville Sluggers,2,1,2.1,1.5,0.6000000000000001,371,9,43,43,8,0.248,NA,NA,NA,NA,NA,NA,0,0,0,0,0,1,0,0,0,4.8,3.8
Kris Bryant,COL,Melonheads,2,10,2.1,1.5,0.6000000000000001,476,13,53,53,1,0.245,NA,NA,NA,NA,NA,NA,0,1,0,0,0,1,1,0,0,4.8,-5.2
Brady Singer,CIN,NA,NA,2,1.5,0.9,0.6,NA,NA,NA,NA,NA,NA,167,9,0,159,4.54,1.31,NA,NA,NA,NA,NA,NA,NA,NA,NA,4.8,2.8
Miles Mikolas,STL,Melonheads,2,3,1.5,0.9,0.6,NA,NA,NA,NA,NA,NA,176,9,0,123,4.46,1.27,NA,NA,NA,NA,NA,NA,NA,NA,NA,4.8,1.8
Edward Cabrera,MIA,NA,NA,2,1.5,0.9,0.6,NA,NA,NA,NA,NA,NA,125,7,0,133,4.17,1.35,NA,NA,NA,NA,NA,NA,NA,NA,NA,4.8,2.8
Steven Matz,STL,Blue Socks,2,6,1.5,0.9,0.6,NA,NA,NA,NA,NA,NA,116,6,0,102,4.01,1.3,NA,NA,NA,NA,NA,NA,NA,NA,NA,4.8,-1.2
Tylor Megill,NYM,Louisville Sluggers,2,1,1.5,0.9,0.6,NA,NA,NA,NA,NA,NA,81,5,0,83,3.99,1.28,NA,NA,NA,NA,NA,NA,NA,NA,NA,4.8,3.8
Adrian Morejon,SDP,Blue Socks,2,1,1.5,0.9,0.6,NA,NA,NA,NA,NA,NA,61,3,1,65,3.54,1.24,NA,NA,NA,NA,NA,NA,NA,NA,NA,4.8,3.8
Matthew Liberatore,STL,NA,NA,NA,1.5,0.9,0.6,NA,NA,NA,NA,NA,NA,85,5,2,78,3.97,1.3,NA,NA,NA,NA,NA,NA,NA,NA,NA,4.8,NA
Jerar Encarnacion,SFG,Hoosiers,2,1,2,1.5,0.5,364,14,40,48,3,0.24,NA,NA,NA,NA,NA,NA,0,0,0,0,0,1,0,0,0,4.4,3.4
Carson Kelly,CHC,NA,NA,1,0.9,0.4,0.5,301,8,32,33,1,0.229,NA,NA,NA,NA,NA,NA,1,0,0,0,0,0,0,0,0,4.4,3.4
Mitchell Parker,WSN,NA,NA,2,1.4,0.9,0.4999999999999999,NA,NA,NA,NA,NA,NA,148,8,0,131,4.29,1.35,NA,NA,NA,NA,NA,NA,NA,NA,NA,4.4,2.4
Jake Irvin,WSN,Erie Lakers,2,1,1.4,0.9,0.4999999999999999,NA,NA,NA,NA,NA,NA,163,9,0,135,4.44,1.3,NA,NA,NA,NA,NA,NA,NA,NA,NA,4.4,3.4
Quinn Mathews,STL,NA,NA,4,1.4,0.9,0.4999999999999999,NA,NA,NA,NA,NA,NA,99,5,0,93,3.98,1.29,NA,NA,NA,NA,NA,NA,NA,NA,NA,4.4,0.4
Caleb Ferguson,PIT,NA,NA,NA,1.4,0.9,0.4999999999999999,NA,NA,NA,NA,NA,NA,60,3,1,63,3.44,1.3,NA,NA,NA,NA,NA,NA,NA,NA,NA,4.4,NA
Tanner Banks,PHI,NA,NA,NA,1.4,0.9,0.4999999999999999,NA,NA,NA,NA,NA,NA,68,3,0,67,3.72,1.24,NA,NA,NA,NA,NA,NA,NA,NA,NA,4.4,NA
Jared Koenig,MIL,NA,NA,1,1.4,0.9,0.4999999999999999,NA,NA,NA,NA,NA,NA,62,4,2,60,3.76,1.27,NA,NA,NA,NA,NA,NA,NA,NA,NA,4.4,3.4
Jose Butto,NYM,NA,NA,NA,1.4,0.9,0.4999999999999999,NA,NA,NA,NA,NA,NA,63,3,1,67,3.7,1.24,NA,NA,NA,NA,NA,NA,NA,NA,NA,4.4,NA
Tyler Rogers,SFG,Free At Last,Opt,8,1.4,0.9,0.4999999999999999,NA,NA,NA,NA,NA,NA,70,4,1,50,3.75,1.23,NA,NA,NA,NA,NA,NA,NA,NA,NA,4.4,-3.6
Yuki Matsui,SDP,NA,NA,NA,1.4,0.9,0.4999999999999999,NA,NA,NA,NA,NA,NA,58,3,0,67,3.6,1.26,NA,NA,NA,NA,NA,NA,NA,NA,NA,4.4,NA
Dedniel Nunez,NYM,NA,NA,NA,1.4,0.9,0.4999999999999999,NA,NA,NA,NA,NA,NA,49,3,0,55,3.49,1.21,NA,NA,NA,NA,NA,NA,NA,NA,NA,4.4,NA
Andre Pallante,STL,NA,NA,1,1.3,0.9,0.4,NA,NA,NA,NA,NA,NA,153,9,0,113,3.92,1.41,NA,NA,NA,NA,NA,NA,NA,NA,NA,4.1,3.1
Andrew Heaney,PIT,NA,NA,2,1.3,0.9,0.4,NA,NA,NA,NA,NA,NA,130,7,0,124,4.51,1.29,NA,NA,NA,NA,NA,NA,NA,NA,NA,4.1,2.1
Jordan Montgomery,ARI,NA,NA,4,1.3,0.9,0.4,NA,NA,NA,NA,NA,NA,117,7,0,93,4.07,1.34,NA,NA,NA,NA,NA,NA,NA,NA,NA,4.1,0.1
Jordan Hicks,SFG,Free At Last,2,4,1.3,0.9,0.4,NA,NA,NA,NA,NA,NA,136,8,0,127,4.06,1.39,NA,NA,NA,NA,NA,NA,NA,NA,NA,4.1,0.1
Colin Holderman,PIT,NA,NA,NA,1.3,0.9,0.4,NA,NA,NA,NA,NA,NA,62,4,3,63,3.89,1.31,NA,NA,NA,NA,NA,NA,NA,NA,NA,4.1,NA
Derek Law,WSN,NA,NA,NA,1.3,0.9,0.4,NA,NA,NA,NA,NA,NA,72,4,5,62,3.87,1.33,NA,NA,NA,NA,NA,NA,NA,NA,NA,4.1,NA
Ben Brown,CHC,Hoosiers,2,2,1.3,0.9,0.4,NA,NA,NA,NA,NA,NA,45,3,0,50,3.59,1.21,NA,NA,NA,NA,NA,NA,NA,NA,NA,4.1,2.1
Nick Mears,MIL,NA,NA,1,1.3,0.9,0.4,NA,NA,NA,NA,NA,NA,59,3,0,73,3.73,1.28,NA,NA,NA,NA,NA,NA,NA,NA,NA,4.1,3.1
Ryan Fernandez,STL,NA,NA,NA,1.3,0.9,0.4,NA,NA,NA,NA,NA,NA,65,4,1,64,3.76,1.3,0,0,0,1,0,0,1,0,0,4.1,NA
Ryan Thompson,ARI,NA,NA,NA,1.3,0.9,0.4,NA,NA,NA,NA,NA,NA,63,5,0,51,3.69,1.29,NA,NA,NA,NA,NA,NA,NA,NA,NA,4.1,NA
Caleb Thielbar,CHC,NA,NA,NA,1.3,0.9,0.4,NA,NA,NA,NA,NA,NA,56,3,0,61,3.71,1.24,NA,NA,NA,NA,NA,NA,NA,NA,NA,4.1,NA
Andrew Nardi,MIA,NA,NA,NA,1.3,0.9,0.4,NA,NA,NA,NA,NA,NA,50,3,0,62,3.62,1.23,NA,NA,NA,NA,NA,NA,NA,NA,NA,4.1,NA
Tyler Kinley,COL,Louisville Sluggers,2,1,1.3,0.9,0.4,NA,NA,NA,NA,NA,NA,64,3,18,67,4.72,1.4,NA,NA,NA,NA,NA,NA,NA,NA,NA,4.1,3.1
Jacob Stallings,COL,Free Birds,2,1,0.8,0.4,0.4,294,6,28,31,1,0.23,NA,NA,NA,NA,NA,NA,1,0,0,0,0,0,0,0,0,4.1,3.1
Mike Yastrzemski,SFG,Blue Socks,2,2,1.9,1.5,0.3999999999999999,497,17,60,57,4,0.224,NA,NA,NA,NA,NA,NA,0,0,0,0,0,1,0,0,0,4.1,2.1
Kyle Stowers,MIA,NA,NA,3,1.9,1.5,0.3999999999999999,462,17,51,58,2,0.231,NA,NA,NA,NA,NA,NA,0,0,0,0,0,1,0,0,0,4.1,1.1
Kyle Farmer,COL,NA,NA,1,1.5,1.1,0.3999999999999999,266,7,29,29,3,0.251,NA,NA,NA,NA,NA,NA,0,0,1,1,0,0,1,1,0,4.1,3.1
Jose Siri,NYM,NA,NA,4,1.8,1.5,0.30000000000000004,413,17,51,53,14,0.21,NA,NA,NA,NA,NA,NA,0,0,0,0,0,1,0,0,0,3.7,-0.3
Pavin Smith,ARI,Louisville Sluggers,2,1,1.8,1.5,0.30000000000000004,336,10,40,41,2,0.248,NA,NA,NA,NA,NA,NA,0,1,0,0,0,1,1,0,0,3.7,2.7
DJ Herz,WSN,National Pastime,2,1,1.2,0.9,0.29999999999999993,NA,NA,NA,NA,NA,NA,109,6,0,119,4.2,1.36,NA,NA,NA,NA,NA,NA,NA,NA,NA,3.7,2.7
Hayden Birdsong,SFG,NA,NA,1,1.2,0.9,0.29999999999999993,NA,NA,NA,NA,NA,NA,108,6,0,113,4.23,1.34,NA,NA,NA,NA,NA,NA,NA,NA,NA,3.7,2.7
Landen Roupp,SFG,Louisville Sluggers,2,1,1.2,0.9,0.29999999999999993,NA,NA,NA,NA,NA,NA,75,4,0,74,3.78,1.31,NA,NA,NA,NA,NA,NA,NA,NA,NA,3.7,2.7
Joe Mantiply,ARI,NA,NA,NA,1.2,0.9,0.29999999999999993,NA,NA,NA,NA,NA,NA,59,4,0,51,3.59,1.27,NA,NA,NA,NA,NA,NA,NA,NA,NA,3.7,NA
Daysbel Hernandez,ATL,NA,NA,NA,1.2,0.9,0.29999999999999993,NA,NA,NA,NA,NA,NA,58,4,0,68,3.78,1.33,NA,NA,NA,NA,NA,NA,NA,NA,NA,3.7,NA
Tyson Miller,CHC,NA,NA,NA,1.2,0.9,0.29999999999999993,NA,NA,NA,NA,NA,NA,62,3,1,57,3.97,1.25,NA,NA,NA,NA,NA,NA,NA,NA,NA,3.7,NA
Ryne Stanek,NYM,NA,NA,NA,1.2,0.9,0.29999999999999993,NA,NA,NA,NA,NA,NA,58,4,0,66,3.84,1.29,NA,NA,NA,NA,NA,NA,NA,NA,NA,3.7,NA
Angel Perdomo,ATL,NA,NA,NA,1.2,0.9,0.29999999999999993,NA,NA,NA,NA,NA,NA,54,3,0,68,3.79,1.27,NA,NA,NA,NA,NA,NA,NA,NA,NA,3.7,NA
Drake Baldwin,ATL,NA,NA,NA,0.7,0.4,0.29999999999999993,211,5,22,24,0,0.236,NA,NA,NA,NA,NA,NA,1,0,0,0,0,0,0,0,0,3.7,NA
Elias Diaz,SDP,Big Red Machine,2,7,0.7,0.4,0.29999999999999993,307,8,29,33,1,0.226,NA,NA,NA,NA,NA,NA,1,0,0,0,0,0,0,0,0,3.7,-3.3
Eguy Rosario,SDP,NA,NA,1,1.4,1.1,0.2999999999999998,266,9,31,33,7,0.231,NA,NA,NA,NA,NA,NA,0,0,0,1,0,0,1,0,0,3.7,2.7
Ryan Weathers,MIA,NA,NA,3,1.1,0.9,0.20000000000000007,NA,NA,NA,NA,NA,NA,142,7,0,124,4.3,1.36,NA,NA,NA,NA,NA,NA,NA,NA,NA,3.4,0.4
AJ Smith-Shawver,ATL,Free At Last,2,1,1.1,0.9,0.20000000000000007,NA,NA,NA,NA,NA,NA,79,5,0,82,4.16,1.31,NA,NA,NA,NA,NA,NA,NA,NA,NA,3.4,2.4
Julian Merryweather,CHC,NA,NA,NA,1.1,0.9,0.20000000000000007,NA,NA,NA,NA,NA,NA,52,3,0,58,3.74,1.28,NA,NA,NA,NA,NA,NA,NA,NA,NA,3.4,NA
Craig Yoho,MIL,NA,NA,NA,1.1,0.9,0.20000000000000007,NA,NA,NA,NA,NA,NA,47,2,0,53,3.73,1.24,NA,NA,NA,NA,NA,NA,NA,NA,NA,3.4,NA
Michael Kopech,LAD,Melonheads,2,2,1.1,0.9,0.20000000000000007,NA,NA,NA,NA,NA,NA,53,3,3,62,4.14,1.29,NA,NA,NA,NA,NA,NA,NA,NA,NA,3.4,1.4
Hector Neris,ATL,NA,NA,NA,1.1,0.9,0.20000000000000007,NA,NA,NA,NA,NA,NA,56,5,0,59,4.02,1.31,NA,NA,NA,NA,NA,NA,NA,NA,NA,3.4,NA
Tyrone Taylor,NYM,NA,NA,2,1.7,1.5,0.19999999999999996,336,10,42,40,8,0.233,NA,NA,NA,NA,NA,NA,0,0,0,0,0,1,0,0,0,3.4,1.4
Derek Hill,MIA,NA,NA,1,1.7,1.5,0.19999999999999996,273,7,32,31,7,0.252,NA,NA,NA,NA,NA,NA,0,0,0,0,0,1,0,0,0,3.4,2.4
Justin Turner,CHC,NA,NA,1,1.7,1.5,0.19999999999999996,357,8,40,39,1,0.252,NA,NA,NA,NA,NA,NA,0,1,0,0,0,0,1,0,1,3.4,2.4
Caleb Durbin,MIL,NA,NA,6,1.3,1.1,0.19999999999999996,210,4,25,22,10,0.238,NA,NA,NA,NA,NA,NA,0,0,1,1,0,0,1,1,0,3.4,-2.6
Pedro Pages,STL,NA,NA,1,0.6,0.4,0.19999999999999996,243,6,23,27,2,0.225,NA,NA,NA,NA,NA,NA,1,0,0,0,0,0,0,0,0,3.4,2.4
Orlando Arcia,ATL,Free Birds,2,8,2.2,2.1,0.10000000000000009,595,17,63,66,2,0.234,NA,NA,NA,NA,NA,NA,0,0,0,0,1,0,0,1,0,3,-5
Andrew Abbott,CIN,Westside Marauders,Opt,1,1,0.9,0.09999999999999998,NA,NA,NA,NA,NA,NA,133,8,0,127,4.57,1.34,NA,NA,NA,NA,NA,NA,NA,NA,NA,3,2
Max Meyer,MIA,Westside Marauders,2,5,1,0.9,0.09999999999999998,NA,NA,NA,NA,NA,NA,133,7,0,117,4.3,1.36,NA,NA,NA,NA,NA,NA,NA,NA,NA,3,-2
Frankie Montas,NYM,Westside Marauders,2,6,1,0.9,0.09999999999999998,NA,NA,NA,NA,NA,NA,102,6,0,97,4.35,1.33,NA,NA,NA,NA,NA,NA,NA,NA,NA,3,-3
Dennis Santana,PIT,NA,NA,3,1,0.9,0.09999999999999998,NA,NA,NA,NA,NA,NA,66,3,2,63,3.97,1.32,NA,NA,NA,NA,NA,NA,NA,NA,NA,3,0
Jose A. Ferrer,WSN,NA,NA,NA,1,0.9,0.09999999999999998,NA,NA,NA,NA,NA,NA,62,3,3,51,3.89,1.3,NA,NA,NA,NA,NA,NA,NA,NA,NA,3,NA
Emilio Pagan,CIN,NA,NA,NA,1,0.9,0.09999999999999998,NA,NA,NA,NA,NA,NA,64,4,3,65,4.52,1.26,NA,NA,NA,NA,NA,NA,NA,NA,NA,3,NA
Jorge Lopez,WSN,NA,NA,2,1,0.9,0.09999999999999998,NA,NA,NA,NA,NA,NA,60,3,7,53,4.14,1.34,NA,NA,NA,NA,NA,NA,NA,NA,NA,3,1
Sean Hjelle,SFG,NA,NA,NA,1,0.9,0.09999999999999998,NA,NA,NA,NA,NA,NA,66,3,0,55,3.87,1.3,NA,NA,NA,NA,NA,NA,NA,NA,NA,3,NA
Scott Barlow,CIN,NA,NA,NA,1,0.9,0.09999999999999998,NA,NA,NA,NA,NA,NA,58,3,0,65,3.87,1.31,NA,NA,NA,NA,NA,NA,NA,NA,NA,3,NA
Michael Grove,LAD,NA,NA,NA,1,0.9,0.09999999999999998,NA,NA,NA,NA,NA,NA,44,3,0,46,3.97,1.23,NA,NA,NA,NA,NA,NA,NA,NA,NA,3,NA
Luke Little,CHC,NA,NA,NA,1,0.9,0.09999999999999998,NA,NA,NA,NA,NA,NA,40,2,0,48,3.41,1.29,NA,NA,NA,NA,NA,NA,NA,NA,NA,3,NA
Keegan Thompson,CHC,NA,NA,NA,1,0.9,0.09999999999999998,NA,NA,NA,NA,NA,NA,66,4,0,68,4.06,1.32,NA,NA,NA,NA,NA,NA,NA,NA,NA,3,NA
Luis Torrens,NYM,NA,NA,NA,0.5,0.4,0.09999999999999998,160,5,16,18,1,0.229,NA,NA,NA,NA,NA,NA,1,0,0,0,0,0,0,0,0,3,NA
Adrian Del Castillo,ARI,Melonheads,2,1,0.5,0.4,0.09999999999999998,119,3,14,15,0,0.24,NA,NA,NA,NA,NA,NA,1,0,0,0,0,0,0,0,0,3,2
Santiago Espinal,CIN,Westside Marauders,2,1,1.2,1.1,0.09999999999999987,203,3,21,21,4,0.261,NA,NA,NA,NA,NA,NA,0,0,1,1,0,0,1,1,0,3,2
Amed Rosario,WSN,Blue Socks,2,9,1.5,1.5,0,210,3,23,21,6,0.266,NA,NA,NA,NA,NA,NA,0,0,1,0,0,1,0,1,1,2.7,-6.3
Randal Grichuk,ARI,Louisville Sluggers,2,1,1.5,1.5,0,266,8,31,33,1,0.252,NA,NA,NA,NA,NA,NA,0,0,0,0,0,1,0,0,1,2.7,1.7
Jordan Lawlar,ARI,Westside Marauders,2,6,1.1,1.1,0,224,5,27,24,7,0.234,NA,NA,NA,NA,NA,NA,0,0,0,1,1,0,1,1,0,2.7,-3.3
Javier Assad,CHC,National Pastime,2,1,0.9,0.9,0,NA,NA,NA,NA,NA,NA,137,7,0,113,4.28,1.37,NA,NA,NA,NA,NA,NA,NA,NA,NA,2.7,1.7
Cade Cavalli,WSN,NA,NA,1,0.9,0.9,0,NA,NA,NA,NA,NA,NA,82,5,0,78,4.23,1.34,NA,NA,NA,NA,NA,NA,NA,NA,NA,2.7,1.7
Michael Soroka,WSN,NA,NA,1,0.9,0.9,0,NA,NA,NA,NA,NA,NA,121,7,0,113,4.44,1.34,NA,NA,NA,NA,NA,NA,NA,NA,NA,2.7,1.7
Paul Blackburn,NYM,NA,NA,1,0.9,0.9,0,NA,NA,NA,NA,NA,NA,115,7,0,94,4.39,1.34,NA,NA,NA,NA,NA,NA,NA,NA,NA,2.7,1.7
Tony Gonsolin,LAD,NA,NA,2,0.9,0.9,0,NA,NA,NA,NA,NA,NA,99,6,0,86,4.49,1.28,NA,NA,NA,NA,NA,NA,NA,NA,NA,2.7,0.7
Taylor Rogers,CIN,Free At Last,Opt,8,0.9,0.9,0,NA,NA,NA,NA,NA,NA,62,3,3,71,4.33,1.33,NA,NA,NA,NA,NA,NA,NA,NA,NA,2.7,-5.3
Elvis Peguero,MIL,NA,NA,NA,0.9,0.9,0,NA,NA,NA,NA,NA,NA,56,4,0,53,3.85,1.34,NA,NA,NA,NA,NA,NA,NA,NA,NA,2.7,NA
Bobby Miller,LAD,NA,NA,1,0.9,0.9,0,NA,NA,NA,NA,NA,NA,49,3,0,47,4.03,1.25,NA,NA,NA,NA,NA,NA,NA,NA,NA,2.7,1.7
Tristan Beck,SFG,NA,NA,1,0.9,0.9,0,NA,NA,NA,NA,NA,NA,55,3,0,48,3.99,1.27,NA,NA,NA,NA,NA,NA,NA,NA,NA,2.7,1.7
Abner Uribe,MIL,NA,NA,NA,0.9,0.9,0,NA,NA,NA,NA,NA,NA,49,2,0,58,3.59,1.33,NA,NA,NA,NA,NA,NA,NA,NA,NA,2.7,NA
Drey Jameson,ARI,NA,NA,NA,0.9,0.9,0,NA,NA,NA,NA,NA,NA,50,3,0,46,3.8,1.28,NA,NA,NA,NA,NA,NA,NA,NA,NA,2.7,NA
Nate Pearson,CHC,NA,NA,1,0.9,0.9,0,NA,NA,NA,NA,NA,NA,54,2,0,59,3.97,1.27,NA,NA,NA,NA,NA,NA,NA,NA,NA,2.7,1.7
Rafael Marchan,PHI,NA,NA,NA,0.4,0.4,0,141,3,15,14,1,0.235,NA,NA,NA,NA,NA,NA,1,0,0,0,0,0,0,0,0,2.7,NA
Eric Haase,MIL,NA,NA,NA,0.4,0.4,0,128,5,14,17,1,0.217,NA,NA,NA,NA,NA,NA,1,0,0,0,0,0,0,0,0,2.7,NA
Tom Murphy,SFG,National Pastime,2,1,0.4,0.4,0,146,4,15,15,1,0.222,NA,NA,NA,NA,NA,NA,1,0,0,0,0,0,0,0,0,2.7,1.7
John King,STL,NA,NA,NA,0.8,0.9,-0.09999999999999998,NA,NA,NA,NA,NA,NA,59,3,0,40,3.66,1.32,NA,NA,NA,NA,NA,NA,NA,NA,NA,2.3,NA
Sam Moll,CIN,NA,NA,NA,0.8,0.9,-0.09999999999999998,NA,NA,NA,NA,NA,NA,55,3,0,55,4.17,1.32,NA,NA,NA,NA,NA,NA,NA,NA,NA,2.3,NA
Carmen Mlodzinski,PIT,NA,NA,NA,0.8,0.9,-0.09999999999999998,NA,NA,NA,NA,NA,NA,61,4,1,54,4.07,1.35,NA,NA,NA,NA,NA,NA,NA,NA,NA,2.3,NA
Danny Young,NYM,NA,NA,NA,0.8,0.9,-0.09999999999999998,NA,NA,NA,NA,NA,NA,56,3,0,61,3.96,1.33,NA,NA,NA,NA,NA,NA,NA,NA,NA,2.3,NA
Joe Jimenez,ATL,Free Birds,2,1,0.8,0.9,-0.09999999999999998,NA,NA,NA,NA,NA,NA,27,1,0,32,3.48,1.16,NA,NA,NA,NA,NA,NA,NA,NA,NA,2.3,1.3
Keaton Winn,SFG,National Pastime,2,5,0.8,0.9,-0.09999999999999998,NA,NA,NA,NA,NA,NA,42,2,0,39,3.94,1.24,NA,NA,NA,NA,NA,NA,NA,NA,NA,2.3,-2.7
Kendall Graveman,ARI,NA,NA,NA,0.8,0.9,-0.09999999999999998,NA,NA,NA,NA,NA,NA,53,4,0,52,3.86,1.36,NA,NA,NA,NA,NA,NA,NA,NA,NA,2.3,NA
Shelby Miller,ARI,NA,NA,NA,0.8,0.9,-0.09999999999999998,NA,NA,NA,NA,NA,NA,56,4,0,53,4.33,1.28,NA,NA,NA,NA,NA,NA,NA,NA,NA,2.3,NA
Drew Millas,WSN,NA,NA,NA,0.3,0.4,-0.10000000000000003,45,1,5,5,1,0.242,NA,NA,NA,NA,NA,NA,1,0,0,0,0,0,0,0,0,2.3,NA
Riley Adams,WSN,NA,NA,NA,0.3,0.4,-0.10000000000000003,115,3,11,13,1,0.221,NA,NA,NA,NA,NA,NA,1,0,0,0,0,0,0,0,0,2.3,NA
Jonah Bride,MIA,Louisville Sluggers,2,1,1.4,1.5,-0.10000000000000009,392,9,42,44,1,0.238,NA,NA,NA,NA,NA,NA,0,1,0,0,0,0,1,0,0,2.3,1.3
Victor Scott II,STL,NA,NA,5,1.4,1.5,-0.10000000000000009,273,4,30,25,16,0.23,NA,NA,NA,NA,NA,NA,0,0,0,0,0,1,0,0,0,2.3,-2.7
Tirso Ornelas,SDP,NA,NA,1,1.4,1.5,-0.10000000000000009,308,8,33,34,3,0.242,NA,NA,NA,NA,NA,NA,0,0,0,0,0,1,0,0,0,2.3,1.3
Sam Hilliard,COL,NA,NA,1,1.4,1.5,-0.10000000000000009,224,9,29,27,6,0.234,NA,NA,NA,NA,NA,NA,0,0,0,0,0,1,0,0,0,2.3,1.3
Jared Triolo,PIT,Big Red Machine,2,1,1,1.1,-0.10000000000000009,238,4,25,23,5,0.244,NA,NA,NA,NA,NA,NA,0,0,1,1,0,0,1,1,0,2.3,1.3
Chris Taylor,LAD,NA,NA,1,1,1.1,-0.10000000000000009,287,7,33,30,6,0.221,NA,NA,NA,NA,NA,NA,0,0,1,1,0,1,1,1,0,2.3,1.3
Jon Berti,CHC,NA,NA,1,1,1.1,-0.10000000000000009,182,3,21,16,8,0.244,NA,NA,NA,NA,NA,NA,0,0,0,1,0,0,1,0,0,2.3,1.3
Enrique Hernandez,LAD,Free At Last,2,3,1,1.1,-0.10000000000000009,287,8,32,33,1,0.231,NA,NA,NA,NA,NA,NA,0,0,0,1,0,0,1,0,0,2.3,-0.7
Jason Heyward,SDP,NA,NA,3,1.3,1.5,-0.19999999999999996,350,10,40,40,4,0.228,NA,NA,NA,NA,NA,NA,0,0,0,0,0,1,0,0,0,2,-1
Javier Sanoja,MIA,NA,NA,NA,1.3,1.5,-0.19999999999999996,224,2,21,21,5,0.264,NA,NA,NA,NA,NA,NA,0,0,0,0,1,1,0,1,0,2,NA
Austin Barnes,LAD,NA,NA,NA,0.2,0.4,-0.2,141,2,14,12,2,0.219,NA,NA,NA,NA,NA,NA,1,0,0,0,0,0,0,0,0,2,NA
Liam Hicks,MIA,NA,NA,NA,0.2,0.4,-0.2,103,1,10,9,1,0.241,NA,NA,NA,NA,NA,NA,1,0,0,0,0,0,0,0,0,2,NA
Henry Davis,PIT,Big Red Machine,Opt,1,0.2,0.4,-0.2,72,2,8,8,1,0.229,NA,NA,NA,NA,NA,NA,1,0,0,0,0,0,0,0,0,2,1
Jose Quintana,MIL,Louisville Sluggers,2,1,0.7,0.9,-0.20000000000000007,NA,NA,NA,NA,NA,NA,131,8,0,108,4.31,1.4,0,0,0,0,1,0,0,1,0,2,1
Colin Rea,CHC,NA,NA,1,0.7,0.9,-0.20000000000000007,NA,NA,NA,NA,NA,NA,122,6,0,97,4.53,1.3,NA,NA,NA,NA,NA,NA,NA,NA,NA,2,1
Declan Cronin,MIA,NA,NA,NA,0.7,0.9,-0.20000000000000007,NA,NA,NA,NA,NA,NA,67,3,1,58,3.94,1.38,NA,NA,NA,NA,NA,NA,NA,NA,NA,2,NA
Tony Santillan,CIN,NA,NA,1,0.7,0.9,-0.20000000000000007,NA,NA,NA,NA,NA,NA,58,3,1,66,4.39,1.35,NA,NA,NA,NA,NA,NA,NA,NA,NA,2,1
Seth Halvorsen,COL,Louisville Sluggers,2,1,0.7,0.9,-0.20000000000000007,NA,NA,NA,NA,NA,NA,63,4,9,58,4.67,1.42,NA,NA,NA,NA,NA,NA,NA,NA,NA,2,1
Michael McGreevy,STL,NA,NA,1,0.7,0.9,-0.20000000000000007,NA,NA,NA,NA,NA,NA,41,2,0,30,3.81,1.25,NA,NA,NA,NA,NA,NA,NA,NA,NA,2,1
Anthony Banda,LAD,NA,NA,NA,0.7,0.9,-0.20000000000000007,NA,NA,NA,NA,NA,NA,57,3,0,56,4.07,1.34,NA,NA,NA,NA,NA,NA,NA,NA,NA,2,NA
Connor Thomas,MIL,NA,NA,NA,0.7,0.9,-0.20000000000000007,NA,NA,NA,NA,NA,NA,54,3,0,39,3.99,1.29,NA,NA,NA,NA,NA,NA,NA,NA,NA,2,NA
Daniel Palencia,CHC,NA,NA,NA,0.7,0.9,-0.20000000000000007,NA,NA,NA,NA,NA,NA,38,2,0,43,3.89,1.32,NA,NA,NA,NA,NA,NA,NA,NA,NA,2,NA
Eli Morgan,CHC,NA,NA,NA,0.7,0.9,-0.20000000000000007,NA,NA,NA,NA,NA,NA,50,2,0,47,4.05,1.22,NA,NA,NA,NA,NA,NA,NA,NA,NA,2,NA
Wandy Peralta,SDP,NA,NA,NA,0.7,0.9,-0.20000000000000007,NA,NA,NA,NA,NA,NA,52,3,0,44,3.88,1.33,NA,NA,NA,NA,NA,NA,NA,NA,NA,2,NA
Colin Poche,WSN,NA,NA,NA,0.7,0.9,-0.20000000000000007,NA,NA,NA,NA,NA,NA,56,3,0,50,4.25,1.3,NA,NA,NA,NA,NA,NA,NA,NA,NA,2,NA
Andrew McCutchen,PIT,NA,NA,1,1.8,2.1,-0.30000000000000004,455,14,52,48,5,0.228,NA,NA,NA,NA,NA,NA,0,0,0,0,0,0,0,0,1,1.6,0.6
Andy Pages,LAD,Hoosiers,2,1,1.2,1.5,-0.30000000000000004,189,8,25,25,1,0.247,NA,NA,NA,NA,NA,NA,0,0,0,0,0,1,0,0,0,1.6,0.6
Tyler Black,MIL,Westside Marauders,2,5,1.2,1.5,-0.30000000000000004,231,6,27,26,8,0.229,NA,NA,NA,NA,NA,NA,0,1,0,0,0,0,1,0,0,1.6,-3.4
Luis Matos,SFG,NA,NA,1,1.2,1.5,-0.30000000000000004,238,6,26,27,3,0.246,NA,NA,NA,NA,NA,NA,0,0,0,0,0,1,0,0,0,1.6,0.6
Wilmer Flores,SFG,NA,NA,1,1.2,1.5,-0.30000000000000004,308,9,34,36,0,0.238,NA,NA,NA,NA,NA,NA,0,1,0,0,0,0,1,0,0,1.6,0.6
Stuart Fairchild,CIN,NA,NA,NA,1.2,1.5,-0.30000000000000004,224,7,27,26,8,0.229,NA,NA,NA,NA,NA,NA,0,0,0,0,0,1,0,0,0,1.6,NA
Paul DeJong,WSN,NA,NA,7,0.8,1.1,-0.30000000000000004,343,14,36,39,2,0.21,NA,NA,NA,NA,NA,NA,0,0,0,1,1,0,1,1,0,1.6,-5.4
Edmundo Sosa,PHI,NA,NA,1,0.8,1.1,-0.30000000000000004,175,4,21,19,3,0.246,NA,NA,NA,NA,NA,NA,0,0,1,1,1,0,1,1,0,1.6,0.6
Noelvi Marte,CIN,Melonheads,2,16,0.8,1.1,-0.30000000000000004,154,4,17,16,5,0.242,NA,NA,NA,NA,NA,NA,0,0,0,1,0,0,1,0,0,1.6,-14.4
Eric Wagaman,MIA,NA,NA,NA,0.8,1.1,-0.30000000000000004,147,4,16,16,2,0.248,NA,NA,NA,NA,NA,NA,0,0,0,1,0,0,1,0,0,1.6,NA
Bailey Falter,PIT,National Pastime,2,1,0.6,0.9,-0.30000000000000004,NA,NA,NA,NA,NA,NA,124,6,0,91,4.49,1.33,NA,NA,NA,NA,NA,NA,NA,NA,NA,1.6,0.6
Ian Anderson,ATL,NA,NA,1,0.6,0.9,-0.30000000000000004,NA,NA,NA,NA,NA,NA,92,5,0,79,4.26,1.41,NA,NA,NA,NA,NA,NA,NA,NA,NA,1.6,0.6
Matt Waldron,SDP,NA,NA,1,0.6,0.9,-0.30000000000000004,NA,NA,NA,NA,NA,NA,80,4,0,66,4.51,1.29,NA,NA,NA,NA,NA,NA,NA,NA,NA,1.6,0.6
Griffin Canning,NYM,NA,NA,2,0.6,0.9,-0.30000000000000004,NA,NA,NA,NA,NA,NA,98,5,0,88,4.59,1.33,NA,NA,NA,NA,NA,NA,NA,NA,NA,1.6,-0.4
Jordan Wicks,CHC,Free At Last,2,4,0.6,0.9,-0.30000000000000004,NA,NA,NA,NA,NA,NA,46,3,0,41,4.14,1.3,NA,NA,NA,NA,NA,NA,NA,NA,NA,1.6,-2.4
Braxton Ashcraft,PIT,NA,NA,NA,0.6,0.9,-0.30000000000000004,NA,NA,NA,NA,NA,NA,46,2,0,38,4.07,1.27,NA,NA,NA,NA,NA,NA,NA,NA,NA,1.6,NA
Carson Whisenhunt,SFG,NA,NA,NA,0.6,0.9,-0.30000000000000004,NA,NA,NA,NA,NA,NA,37,2,0,36,3.96,1.32,NA,NA,NA,NA,NA,NA,NA,NA,NA,1.6,NA
Jose Ruiz,PHI,NA,NA,NA,0.6,0.9,-0.30000000000000004,NA,NA,NA,NA,NA,NA,62,3,0,61,4.27,1.33,NA,NA,NA,NA,NA,NA,NA,NA,NA,1.6,NA
Brusdar Graterol,LAD,Free Birds,2,3,0.6,0.9,-0.30000000000000004,NA,NA,NA,NA,NA,NA,22,1,0,19,3.35,1.19,NA,NA,NA,NA,NA,NA,NA,NA,NA,1.6,-1.4
Yilber Diaz,ARI,National Pastime,2,1,0.6,0.9,-0.30000000000000004,NA,NA,NA,NA,NA,NA,49,3,0,49,4.12,1.37,NA,NA,NA,NA,NA,NA,NA,NA,NA,1.6,0.6
Bryan Hoeing,SDP,NA,NA,NA,0.6,0.9,-0.30000000000000004,NA,NA,NA,NA,NA,NA,56,3,0,45,4.18,1.29,NA,NA,NA,NA,NA,NA,NA,NA,NA,1.6,NA
Huascar Brazoban,NYM,NA,NA,NA,0.6,0.9,-0.30000000000000004,NA,NA,NA,NA,NA,NA,51,3,0,52,4.02,1.35,NA,NA,NA,NA,NA,NA,NA,NA,NA,1.6,NA
Randy Rodriguez,SFG,NA,NA,5,0.6,0.9,-0.30000000000000004,NA,NA,NA,NA,NA,NA,53,3,0,54,4.05,1.37,1,0,0,0,0,0,0,0,0,1.6,-3.4
Chadwick Tromp,ATL,NA,NA,NA,0.1,0.4,-0.30000000000000004,51,1,5,5,0,0.228,NA,NA,NA,NA,NA,NA,1,0,0,0,0,0,0,0,0,1.6,NA
Sam Huff,SFG,NA,NA,NA,0.1,0.4,-0.30000000000000004,45,1,4,5,0,0.222,NA,NA,NA,NA,NA,NA,1,0,0,0,0,0,0,0,0,1.6,NA
Jeferson Quero,MIL,Erie Lakers,2,1,0.1,0.4,-0.30000000000000004,26,1,3,3,0,0.229,NA,NA,NA,NA,NA,NA,1,0,0,0,0,0,0,0,0,1.6,0.6
Jimmy Crooks,STL,NA,NA,NA,0.1,0.4,-0.30000000000000004,13,0,1,1,0,0.242,NA,NA,NA,NA,NA,NA,1,0,0,0,0,0,0,0,0,1.6,NA
Blake Perkins,MIL,NA,NA,1,1.1,1.5,-0.3999999999999999,252,5,29,24,10,0.227,NA,NA,NA,NA,NA,NA,0,0,0,0,0,1,0,0,0,1.2,0.2
Jarred Kelenic,ATL,Blue Socks,2,9,1.1,1.5,-0.3999999999999999,182,6,22,23,4,0.242,NA,NA,NA,NA,NA,NA,0,0,0,0,0,1,0,0,0,1.2,-7.8
Sean Bouchard,COL,NA,NA,NA,1.1,1.5,-0.3999999999999999,175,6,22,21,4,0.245,NA,NA,NA,NA,NA,NA,0,0,0,0,0,1,0,0,0,1.2,NA
Johan Oviedo,PIT,NA,NA,1,0.5,0.9,-0.4,NA,NA,NA,NA,NA,NA,76,4,0,68,4.31,1.36,NA,NA,NA,NA,NA,NA,NA,NA,NA,1.2,0.2
Andrew Painter,PHI,Free At Last,2,1,0.5,0.9,-0.4,NA,NA,NA,NA,NA,NA,64,3,0,62,4.53,1.32,NA,NA,NA,NA,NA,NA,NA,NA,NA,1.2,0.2
Bryce Elder,ATL,National Pastime,2,1,0.5,0.9,-0.4,NA,NA,NA,NA,NA,NA,46,3,0,39,4.19,1.35,NA,NA,NA,NA,NA,NA,NA,NA,NA,1.2,0.2
Aaron Ashby,MIL,NA,NA,1,0.5,0.9,-0.4,NA,NA,NA,NA,NA,NA,64,4,0,63,4.04,1.43,NA,NA,NA,NA,NA,NA,NA,NA,NA,1.2,0.2
DL Hall,MIL,NA,NA,1,0.5,0.9,-0.4,NA,NA,NA,NA,NA,NA,43,2,0,46,3.97,1.34,NA,NA,NA,NA,NA,NA,NA,NA,NA,1.2,0.2
Stephen Kolek,SDP,NA,NA,NA,0.5,0.9,-0.4,NA,NA,NA,NA,NA,NA,47,3,0,38,4.24,1.35,NA,NA,NA,NA,NA,NA,NA,NA,NA,1.2,NA
Jhony Brito,SDP,NA,NA,NA,0.5,0.9,-0.4,NA,NA,NA,NA,NA,NA,47,3,0,36,4.16,1.3,NA,NA,NA,NA,NA,NA,NA,NA,NA,1.2,NA
Joey Wentz,PIT,NA,NA,NA,0.5,0.9,-0.4,NA,NA,NA,NA,NA,NA,57,3,1,56,4.26,1.37,NA,NA,NA,NA,NA,NA,NA,NA,NA,1.2,NA
Mason Black,SFG,NA,NA,NA,0.5,0.9,-0.4,NA,NA,NA,NA,NA,NA,50,3,0,44,4.27,1.32,NA,NA,NA,NA,NA,NA,NA,NA,NA,1.2,NA
Max Lazar,PHI,NA,NA,NA,0.5,0.9,-0.4,NA,NA,NA,NA,NA,NA,50,3,0,41,4.28,1.3,NA,NA,NA,NA,NA,NA,NA,NA,NA,1.2,NA
Zack Thompson,STL,NA,NA,NA,0.5,0.9,-0.4,NA,NA,NA,NA,NA,NA,40,2,0,40,3.95,1.35,NA,NA,NA,NA,NA,NA,NA,NA,NA,1.2,NA
Dauri Moreta,PIT,NA,NA,NA,0.5,0.9,-0.4,NA,NA,NA,NA,NA,NA,37,2,0,39,4.12,1.3,NA,NA,NA,NA,NA,NA,NA,NA,NA,1.2,NA
Kevin Herget,NYM,NA,NA,NA,0.5,0.9,-0.4,NA,NA,NA,NA,NA,NA,34,2,0,29,4.14,1.26,NA,NA,NA,NA,NA,NA,NA,NA,NA,1.2,NA
Kyle Nelson,ARI,Erie Lakers,2,1,0.5,0.9,-0.4,NA,NA,NA,NA,NA,NA,35,2,0,34,4.01,1.32,NA,NA,NA,NA,NA,NA,NA,NA,NA,1.2,0.2
Tyler Alexander,MIL,NA,NA,NA,0.5,0.9,-0.4,NA,NA,NA,NA,NA,NA,59,3,0,49,4.52,1.25,NA,NA,NA,NA,NA,NA,NA,NA,NA,1.2,NA
Riley O'Brien,STL,NA,NA,NA,0.5,0.9,-0.4,NA,NA,NA,NA,NA,NA,53,3,0,53,4.09,1.4,NA,NA,NA,NA,NA,NA,NA,NA,NA,1.2,NA
Alek Jacob,SDP,NA,NA,NA,0.5,0.9,-0.4,NA,NA,NA,NA,NA,NA,48,2,0,44,4.17,1.31,NA,NA,NA,NA,NA,NA,NA,NA,NA,1.2,NA
Lou Trivino,SFG,NA,NA,NA,0.5,0.9,-0.4,NA,NA,NA,NA,NA,NA,56,4,0,53,4.35,1.38,NA,NA,NA,NA,NA,NA,NA,NA,NA,1.2,NA
Jose Herrera,ARI,NA,NA,NA,0,0.4,-0.4,77,1,8,6,0,0.222,NA,NA,NA,NA,NA,NA,1,0,0,0,0,0,0,0,0,1.2,NA
Jason Delay,PIT,NA,NA,NA,0,0.4,-0.4,19,0,2,2,0,0.233,NA,NA,NA,NA,NA,NA,1,0,0,0,0,0,0,0,0,1.2,NA
Hunter Feduccia,LAD,NA,NA,NA,0,0.4,-0.4,19,0,2,2,0,0.218,NA,NA,NA,NA,NA,NA,1,0,0,0,0,0,0,0,0,1.2,NA
Joe Mack,MIA,NA,NA,NA,0,0.4,-0.4,13,0,1,1,0,0.22,NA,NA,NA,NA,NA,NA,1,0,0,0,0,0,0,0,0,1.2,NA
Reese McGuire,CHC,NA,NA,NA,0,0.4,-0.4,13,0,1,1,0,0.218,NA,NA,NA,NA,NA,NA,1,0,0,0,0,0,0,0,0,1.2,NA
Jakson Reetz,NYM,NA,NA,NA,-0,0.4,-0.4,6,0,1,1,0,0.202,NA,NA,NA,NA,NA,NA,1,0,0,0,0,0,0,0,0,1.2,NA
Garrett Stubbs,PHI,NA,NA,NA,0,0.4,-0.4,19,0,2,2,0,0.21,NA,NA,NA,NA,NA,NA,1,0,0,0,0,0,0,0,0,1.2,NA
Austin Wynns,CIN,NA,NA,NA,-0,0.4,-0.4,6,0,1,1,0,0.23,NA,NA,NA,NA,NA,NA,1,0,0,0,0,0,0,0,0,1.2,NA
Brett Sullivan,SDP,NA,NA,NA,-0,0.4,-0.4,6,0,1,1,0,0.224,NA,NA,NA,NA,NA,NA,1,1,0,0,0,0,1,0,0,1.2,NA
Rene Pinto,ARI,NA,NA,NA,-0,0.4,-0.4,6,0,1,1,0,0.215,NA,NA,NA,NA,NA,NA,1,0,0,0,0,0,0,0,0,1.2,NA
Oliver Dunn,MIL,NA,NA,NA,0.7,1.1,-0.40000000000000013,350,8,37,35,8,0.208,NA,NA,NA,NA,NA,NA,0,0,0,1,0,0,1,0,0,1.2,NA
Alex Call,WSN,Louisville Sluggers,2,1,1,1.5,-0.5,259,6,30,26,7,0.226,NA,NA,NA,NA,NA,NA,0,0,0,0,0,1,0,0,0,0.9,-0.1
Rhett Lowder,CIN,Hoosiers,2,1,0.4,0.9,-0.5,NA,NA,NA,NA,NA,NA,117,6,0,93,4.65,1.35,NA,NA,NA,NA,NA,NA,NA,NA,NA,0.9,-0.1
Trevor Williams,WSN,Big Red Machine,2,1,0.4,0.9,-0.5,NA,NA,NA,NA,NA,NA,113,6,0,90,4.53,1.37,NA,NA,NA,NA,NA,NA,NA,NA,NA,0.9,-0.1
Randy Vasquez,SDP,NA,NA,NA,0.4,0.9,-0.5,NA,NA,NA,NA,NA,NA,65,4,0,50,4.44,1.34,NA,NA,NA,NA,NA,NA,NA,NA,NA,0.9,NA
Scott Alexander,COL,NA,NA,NA,0.4,0.9,-0.5,NA,NA,NA,NA,NA,NA,56,3,0,42,4.12,1.36,NA,NA,NA,NA,NA,NA,NA,NA,NA,0.9,NA
Landon Knack,LAD,National Pastime,2,1,0.4,0.9,-0.5,NA,NA,NA,NA,NA,NA,43,2,0,42,4.25,1.25,NA,NA,NA,NA,NA,NA,NA,NA,NA,0.9,-0.1
Graham Ashcraft,CIN,NA,NA,1,0.4,0.9,-0.5,NA,NA,NA,NA,NA,NA,53,3,0,44,4.41,1.32,NA,NA,NA,NA,NA,NA,NA,NA,NA,0.9,-0.1
Sean Reid-Foley,NYM,NA,NA,NA,0.4,0.9,-0.5,NA,NA,NA,NA,NA,NA,22,1,0,25,3.84,1.37,NA,NA,NA,NA,NA,NA,NA,NA,NA,0.9,NA
Mason Thompson,WSN,NA,NA,NA,0.4,0.9,-0.5,NA,NA,NA,NA,NA,NA,42,3,0,35,4.2,1.37,NA,NA,NA,NA,NA,NA,NA,NA,NA,0.9,NA
Cody Poteet,CHC,NA,NA,NA,0.4,0.9,-0.5,NA,NA,NA,NA,NA,NA,30,1,0,28,3.86,1.25,NA,NA,NA,NA,NA,NA,NA,NA,NA,0.9,NA
Enyel De Los Santos,ATL,NA,NA,NA,0.4,0.9,-0.5,NA,NA,NA,NA,NA,NA,35,1,0,36,3.99,1.27,NA,NA,NA,NA,NA,NA,NA,NA,NA,0.9,NA
Kyle Amendt,ARI,NA,NA,NA,0.4,0.9,-0.5,NA,NA,NA,NA,NA,NA,21,2,0,24,3.82,1.37,NA,NA,NA,NA,NA,NA,NA,NA,NA,0.9,NA
Dylan Dodd,ATL,NA,NA,NA,0.4,0.9,-0.5,NA,NA,NA,NA,NA,NA,30,2,0,24,4.27,1.31,NA,NA,NA,NA,NA,NA,NA,NA,NA,0.9,NA
Devin Sweet,PHI,NA,NA,NA,0.4,0.9,-0.5,NA,NA,NA,NA,NA,NA,36,3,0,36,4.61,1.35,NA,NA,NA,NA,NA,NA,NA,NA,NA,0.9,NA
Nick Anderson,STL,NA,NA,NA,0.4,0.9,-0.5,NA,NA,NA,NA,NA,NA,44,3,0,39,4.23,1.35,NA,NA,NA,NA,NA,NA,NA,NA,NA,0.9,NA
Tom Cosgrove,SDP,NA,NA,NA,0.4,0.9,-0.5,NA,NA,NA,NA,NA,NA,46,2,0,43,4.28,1.33,NA,NA,NA,NA,NA,NA,NA,NA,NA,0.9,NA
Ron Marinaccio,SDP,NA,NA,NA,0.4,0.9,-0.5,NA,NA,NA,NA,NA,NA,40,2,0,40,4.22,1.34,NA,NA,NA,NA,NA,NA,NA,NA,NA,0.9,NA
Trevor McDonald,SFG,NA,NA,NA,0.4,0.9,-0.5,NA,NA,NA,NA,NA,NA,38,2,0,30,4.13,1.34,NA,NA,NA,NA,NA,NA,NA,NA,NA,0.9,NA
Curt Casali,ATL,NA,NA,NA,-0.1,0.4,-0.5,13,0,1,1,0,0.217,NA,NA,NA,NA,NA,NA,1,0,0,0,0,0,0,0,0,0.9,NA
Martin Maldonado,SDP,NA,NA,NA,-0.1,0.4,-0.5,32,1,3,3,0,0.173,NA,NA,NA,NA,NA,NA,1,0,0,0,0,0,0,0,0,0.9,NA
Adam Frazier,PIT,NA,NA,1,0.9,1.5,-0.6,231,3,25,20,4,0.244,NA,NA,NA,NA,NA,NA,0,0,1,0,0,1,0,1,0,0.5,-0.5
Griffin Conine,MIA,NA,NA,1,0.9,1.5,-0.6,322,11,34,38,0,0.221,NA,NA,NA,NA,NA,NA,0,0,0,0,0,1,0,0,0,0.5,-0.5
Matt Mervis,MIA,NA,NA,1,1.5,2.1,-0.6000000000000001,399,14,42,47,2,0.228,NA,NA,NA,NA,NA,NA,0,0,0,0,0,0,0,0,1,0.5,-0.5
German Marquez,COL,NA,NA,1,0.3,0.9,-0.6000000000000001,NA,NA,NA,NA,NA,NA,156,8,0,129,4.68,1.39,NA,NA,NA,NA,NA,NA,NA,NA,NA,0.5,-0.5
Joe Ross,PHI,NA,NA,NA,0.3,0.9,-0.6000000000000001,NA,NA,NA,NA,NA,NA,63,3,0,55,4.37,1.35,NA,NA,NA,NA,NA,NA,NA,NA,NA,0.5,NA
Cristian Mena,ARI,NA,NA,NA,0.3,0.9,-0.6000000000000001,NA,NA,NA,NA,NA,NA,21,1,0,18,4.14,1.36,NA,NA,NA,NA,NA,NA,NA,NA,NA,0.5,NA
Luis Garcia,LAD,NA,NA,NA,0.3,0.9,-0.6000000000000001,NA,NA,NA,NA,NA,NA,17,1,0,15,3.88,1.33,NA,NA,NA,NA,NA,NA,NA,NA,NA,0.5,NA
Ronny Henriquez,MIA,NA,NA,NA,0.3,0.9,-0.6000000000000001,NA,NA,NA,NA,NA,NA,53,2,0,45,4.17,1.35,NA,NA,NA,NA,NA,NA,NA,NA,NA,0.5,NA
Andrew Saalfrank,ARI,NA,NA,NA,0.3,0.9,-0.6000000000000001,NA,NA,NA,NA,NA,NA,28,2,0,27,3.77,1.43,NA,NA,NA,NA,NA,NA,NA,NA,NA,0.5,NA
Josh Simpson,MIA,NA,NA,NA,0.3,0.9,-0.6000000000000001,NA,NA,NA,NA,NA,NA,33,2,0,35,4.14,1.41,NA,NA,NA,NA,NA,NA,NA,NA,NA,0.5,NA
Chad Patrick,MIL,NA,NA,NA,0.3,0.9,-0.6000000000000001,NA,NA,NA,NA,NA,NA,24,1,0,22,4.24,1.25,NA,NA,NA,NA,NA,NA,NA,NA,NA,0.5,NA
Carson Ragsdale,SFG,NA,NA,NA,0.3,0.9,-0.6000000000000001,NA,NA,NA,NA,NA,NA,28,1,0,28,4.06,1.31,NA,NA,NA,NA,NA,NA,NA,NA,NA,0.5,NA
Trevor Richards,CHC,NA,NA,NA,0.3,0.9,-0.6000000000000001,NA,NA,NA,NA,NA,NA,26,1,0,28,4.24,1.32,NA,NA,NA,NA,NA,NA,NA,NA,NA,0.5,NA
Justin Wrobleski,LAD,NA,NA,NA,0.3,0.9,-0.6000000000000001,NA,NA,NA,NA,NA,NA,36,2,0,32,4.38,1.32,NA,NA,NA,NA,NA,NA,NA,NA,NA,0.5,NA
Ethan Roberts,CHC,NA,NA,NA,0.3,0.9,-0.6000000000000001,NA,NA,NA,NA,NA,NA,35,1,0,35,4.18,1.33,NA,NA,NA,NA,NA,NA,NA,NA,NA,0.5,NA
Grant Anderson,MIL,NA,NA,NA,0.3,0.9,-0.6000000000000001,NA,NA,NA,NA,NA,NA,34,1,0,34,4.35,1.32,NA,NA,NA,NA,NA,NA,NA,NA,NA,0.5,NA
Francis Pena,SDP,NA,NA,NA,0.3,0.9,-0.6000000000000001,NA,NA,NA,NA,NA,NA,33,2,0,27,4.27,1.35,NA,NA,NA,NA,NA,NA,NA,NA,NA,0.5,NA
Giovanny Gallegos,LAD,NA,NA,NA,0.3,0.9,-0.6000000000000001,NA,NA,NA,NA,NA,NA,28,2,0,27,4.57,1.31,NA,NA,NA,NA,NA,NA,NA,NA,NA,0.5,NA
Max Kranick,NYM,NA,NA,NA,0.3,0.9,-0.6000000000000001,NA,NA,NA,NA,NA,NA,44,2,0,37,4.32,1.32,NA,NA,NA,NA,NA,NA,NA,NA,NA,0.5,NA
Chris Roycroft,STL,NA,NA,NA,0.3,0.9,-0.6000000000000001,NA,NA,NA,NA,NA,NA,51,3,0,42,4.13,1.42,NA,NA,NA,NA,NA,NA,NA,NA,NA,0.5,NA
Kyle Leahy,STL,NA,NA,NA,0.3,0.9,-0.6000000000000001,NA,NA,NA,NA,NA,NA,56,3,0,44,4.27,1.37,NA,NA,NA,NA,NA,NA,NA,NA,NA,0.5,NA
Luarbert Arias,MIA,NA,NA,NA,0.3,0.9,-0.6000000000000001,NA,NA,NA,NA,NA,NA,44,3,0,39,4.59,1.36,NA,NA,NA,NA,NA,NA,NA,NA,NA,0.5,NA
Anthony Veneziano,MIA,NA,NA,NA,0.3,0.9,-0.6000000000000001,NA,NA,NA,NA,NA,NA,56,3,0,46,4.31,1.39,NA,NA,NA,NA,NA,NA,NA,NA,NA,0.5,NA
Lucas Sims,WSN,NA,NA,NA,0.3,0.9,-0.6000000000000001,NA,NA,NA,NA,NA,NA,58,3,1,60,4.49,1.39,NA,NA,NA,NA,NA,NA,NA,NA,NA,0.5,NA
Connor Joe,SDP,NA,NA,1,0.8,1.5,-0.7,245,6,28,24,2,0.23,NA,NA,NA,NA,NA,NA,0,1,0,0,0,1,1,0,0,0.2,-0.8
Will Benson,CIN,Big Red Machine,2,10,0.8,1.5,-0.7,196,6,25,22,8,0.21,NA,NA,NA,NA,NA,NA,0,0,0,0,0,1,0,0,0,0.2,-9.8
Michael Siani,STL,Westside Marauders,2,1,0.8,1.5,-0.7,294,4,32,24,13,0.215,NA,NA,NA,NA,NA,NA,0,0,0,0,0,1,0,0,0,0.2,-0.8
Brandon Sproat,NYM,NA,NA,1,0.2,0.9,-0.7,NA,NA,NA,NA,NA,NA,25,1,0,22,4.23,1.34,NA,NA,NA,NA,NA,NA,NA,NA,NA,0.2,-0.8
Tink Hence,STL,NA,NA,1,0.2,0.9,-0.7,NA,NA,NA,NA,NA,NA,16,1,0,13,4.26,1.34,NA,NA,NA,NA,NA,NA,NA,NA,NA,0.2,-0.8
Hurston Waldrep,ATL,NA,NA,NA,0.2,0.9,-0.7,NA,NA,NA,NA,NA,NA,29,2,0,26,4.46,1.44,NA,NA,NA,NA,NA,NA,NA,NA,NA,0.2,NA
Carlos Rodriguez,MIL,NA,NA,NA,0.2,0.9,-0.7,NA,NA,NA,NA,NA,NA,30,2,0,27,4.57,1.34,0,0,0,0,0,1,0,0,0,0.2,NA
Mike Burrows,PIT,NA,NA,NA,0.2,0.9,-0.7,NA,NA,NA,NA,NA,NA,41,2,0,35,4.4,1.34,NA,NA,NA,NA,NA,NA,NA,NA,NA,0.2,NA
Tim Mayza,PIT,NA,NA,NA,0.2,0.9,-0.7,NA,NA,NA,NA,NA,NA,55,2,0,41,4.07,1.4,NA,NA,NA,NA,NA,NA,NA,NA,NA,0.2,NA
Brent Suter,CIN,NA,NA,NA,0.2,0.9,-0.7,NA,NA,NA,NA,NA,NA,63,3,0,49,4.42,1.37,NA,NA,NA,NA,NA,NA,NA,NA,NA,0.2,NA
Hunter Stratton,PIT,NA,NA,NA,0.2,0.9,-0.7,NA,NA,NA,NA,NA,NA,15,1,0,14,4.11,1.32,NA,NA,NA,NA,NA,NA,NA,NA,NA,0.2,NA
Gordon Graceffo,STL,NA,NA,NA,0.2,0.9,-0.7,NA,NA,NA,NA,NA,NA,47,2,0,33,4.37,1.34,NA,NA,NA,NA,NA,NA,NA,NA,NA,0.2,NA
Tyler Stuart,WSN,NA,NA,NA,0.2,0.9,-0.7,NA,NA,NA,NA,NA,NA,21,1,0,18,4.07,1.29,NA,NA,NA,NA,NA,NA,NA,NA,NA,0.2,NA
Jack Dreyer,LAD,NA,NA,NA,0.2,0.9,-0.7,NA,NA,NA,NA,NA,NA,19,1,0,19,4.16,1.32,NA,NA,NA,NA,NA,NA,NA,NA,NA,0.2,NA
Davis Daniel,ATL,NA,NA,NA,0.2,0.9,-0.7,NA,NA,NA,NA,NA,NA,15,1,0,13,4.09,1.25,NA,NA,NA,NA,NA,NA,NA,NA,NA,0.2,NA
Nick Frasso,LAD,NA,NA,NA,0.2,0.9,-0.7,NA,NA,NA,NA,NA,NA,15,1,0,14,4.05,1.27,NA,NA,NA,NA,NA,NA,NA,NA,NA,0.2,NA
Logan Henderson,MIL,NA,NA,NA,0.2,0.9,-0.7,NA,NA,NA,NA,NA,NA,10,1,0,10,4.09,1.2,NA,NA,NA,NA,NA,NA,NA,NA,NA,0.2,NA
Yohan Ramirez,PIT,NA,NA,NA,0.2,0.9,-0.7,NA,NA,NA,NA,NA,NA,17,1,0,16,4.34,1.37,NA,NA,NA,NA,NA,NA,NA,NA,NA,0.2,NA
Carson Seymour,SFG,NA,NA,NA,0.2,0.9,-0.7,NA,NA,NA,NA,NA,NA,24,1,0,19,4,1.34,NA,NA,NA,NA,NA,NA,NA,NA,NA,0.2,NA
Justin Lawrence,PIT,Free At Last,2,4,0.2,0.9,-0.7,NA,NA,NA,NA,NA,NA,66,4,0,60,4.39,1.44,NA,NA,NA,NA,NA,NA,NA,NA,NA,0.2,-3.8
Ryan Borucki,PIT,NA,NA,NA,0.2,0.9,-0.7,NA,NA,NA,NA,NA,NA,28,1,0,28,4.2,1.37,NA,NA,NA,NA,NA,NA,NA,NA,NA,0.2,NA
Edgardo Henriquez,LAD,NA,NA,NA,0.2,0.9,-0.7,NA,NA,NA,NA,NA,NA,33,1,0,35,4.42,1.37,NA,NA,NA,NA,NA,NA,NA,NA,NA,0.2,NA
John McMillon,PHI,Louisville Sluggers,2,1,0.2,0.9,-0.7,NA,NA,NA,NA,NA,NA,21,2,0,24,4.4,1.44,NA,NA,NA,NA,NA,NA,NA,NA,NA,0.2,-0.8
Tommy Henry,ARI,NA,NA,NA,0.2,0.9,-0.7,NA,NA,NA,NA,NA,NA,24,1,0,21,4.11,1.35,NA,NA,NA,NA,NA,NA,NA,NA,NA,0.2,NA
Elvin Rodriguez,MIL,NA,NA,NA,0.2,0.9,-0.7,NA,NA,NA,NA,NA,NA,25,1,0,23,4.25,1.28,NA,NA,NA,NA,NA,NA,NA,NA,NA,0.2,NA
Kyle Nicolas,PIT,NA,NA,NA,0.2,0.9,-0.7,NA,NA,NA,NA,NA,NA,44,2,0,44,4.3,1.42,NA,NA,NA,NA,NA,NA,NA,NA,NA,0.2,NA
Anderson Pilar,ATL,NA,NA,NA,0.2,0.9,-0.7,NA,NA,NA,NA,NA,NA,21,1,0,18,4.27,1.35,NA,NA,NA,NA,NA,NA,NA,NA,NA,0.2,NA
Ryan Loutos,STL,NA,NA,NA,0.2,0.9,-0.7,NA,NA,NA,NA,NA,NA,48,2,0,39,4.2,1.39,NA,NA,NA,NA,NA,NA,NA,NA,NA,0.2,NA
Omar Cruz,SDP,NA,NA,NA,0.2,0.9,-0.7,NA,NA,NA,NA,NA,NA,22,1,0,21,4.27,1.35,NA,NA,NA,NA,NA,NA,NA,NA,NA,0.2,NA
Blake Walston,ARI,Louisville Sluggers,2,1,0.2,0.9,-0.7,NA,NA,NA,NA,NA,NA,32,2,0,27,4.17,1.39,NA,NA,NA,NA,NA,NA,NA,NA,NA,0.2,-0.8
Genesis Cabrera,NYM,NA,NA,NA,0.2,0.9,-0.7,NA,NA,NA,NA,NA,NA,41,2,0,38,4.3,1.37,NA,NA,NA,NA,NA,NA,NA,NA,NA,0.2,NA
Domingo Gonzalez,ATL,NA,NA,NA,0.2,0.9,-0.7,NA,NA,NA,NA,NA,NA,43,2,0,43,4.33,1.36,NA,NA,NA,NA,NA,NA,NA,NA,NA,0.2,NA
Buck Farmer,ATL,NA,NA,NA,0.2,0.9,-0.7,NA,NA,NA,NA,NA,NA,50,2,0,49,4.49,1.37,NA,NA,NA,NA,NA,NA,NA,NA,NA,0.2,NA
Sean Reynolds,SDP,NA,NA,NA,0.2,0.9,-0.7,NA,NA,NA,NA,NA,NA,53,2,1,52,4.31,1.43,NA,NA,NA,NA,NA,NA,NA,NA,NA,0.2,NA
Jacob Misiorowski,MIL,Louisville Sluggers,2,1,0.2,0.9,-0.7,NA,NA,NA,NA,NA,NA,36,2,0,39,4.46,1.38,NA,NA,NA,NA,NA,NA,NA,NA,NA,0.2,-0.8
Jake Diekman,ATL,NA,NA,NA,0.2,0.9,-0.7,NA,NA,NA,NA,NA,NA,46,2,0,54,4.32,1.45,NA,NA,NA,NA,NA,NA,NA,NA,NA,0.2,NA
Amos Willingham,ATL,NA,NA,NA,0.2,0.9,-0.7,NA,NA,NA,NA,NA,NA,44,3,0,38,4.49,1.4,NA,NA,NA,NA,NA,NA,NA,NA,NA,0.2,NA
Spencer Bivens,SFG,NA,NA,NA,0.2,0.9,-0.7,NA,NA,NA,NA,NA,NA,40,2,0,30,4.32,1.37,NA,NA,NA,NA,NA,NA,NA,NA,NA,0.2,NA
Lake Bachar,MIA,NA,NA,NA,0.2,0.9,-0.7,NA,NA,NA,NA,NA,NA,58,3,1,53,4.51,1.39,NA,NA,NA,NA,NA,NA,NA,NA,NA,0.2,NA
Andruw Monasterio,MIL,NA,NA,NA,0.4,1.1,-0.7000000000000001,105,1,12,10,3,0.239,NA,NA,NA,NA,NA,NA,0,0,1,1,0,0,1,1,0,0.2,NA
Vinny Capra,MIL,NA,NA,NA,0.4,1.1,-0.7000000000000001,119,2,12,11,2,0.24,NA,NA,NA,NA,NA,NA,0,0,1,1,1,0,1,1,0,0.2,NA
Jack Suwinski,PIT,NA,NA,1,0.7,1.5,-0.8,147,6,17,18,3,0.225,NA,NA,NA,NA,NA,NA,0,0,0,0,0,1,0,0,0,-0.2,-1.2
Joshua Palacios,PIT,Louisville Sluggers,2,1,0.7,1.5,-0.8,112,3,13,13,2,0.258,NA,NA,NA,NA,NA,NA,0,0,0,0,0,1,0,0,0,-0.2,-1.2
Bryan De La Cruz,ATL,National Pastime,2,13,0.7,1.5,-0.8,112,4,12,14,1,0.247,NA,NA,NA,NA,NA,NA,0,0,0,0,0,1,0,0,1,-0.2,-13.2
Zac Veen,COL,NA,NA,1,0.7,1.5,-0.8,119,3,14,13,5,0.235,NA,NA,NA,NA,NA,NA,0,0,0,0,0,1,0,0,0,-0.2,-1.2
Brett Baty,NYM,NA,NA,2,0.3,1.1,-0.8,77,3,9,9,0,0.239,NA,NA,NA,NA,NA,NA,0,0,0,1,0,0,1,0,0,-0.2,-2.2
Gage Workman,CHC,NA,NA,NA,0.3,1.1,-0.8,70,2,8,8,2,0.222,NA,NA,NA,NA,NA,NA,0,0,0,1,1,0,1,1,0,-0.2,NA
Tyler Wade,SDP,NA,NA,NA,0.3,1.1,-0.8,91,1,11,7,5,0.225,NA,NA,NA,NA,NA,NA,0,0,0,1,0,0,1,0,0,-0.2,NA
Bubba Chandler,PIT,NA,NA,4,0.1,0.9,-0.8,NA,NA,NA,NA,NA,NA,75,4,0,65,4.51,1.39,NA,NA,NA,NA,NA,NA,NA,NA,NA,-0.2,-4.2
Adam Mazur,MIA,NA,NA,NA,0.1,0.9,-0.8,NA,NA,NA,NA,NA,NA,33,2,0,25,4.73,1.38,NA,NA,NA,NA,NA,NA,NA,NA,NA,-0.2,NA
Kyle Hart,SDP,NA,NA,1,0.1,0.9,-0.8,NA,NA,NA,NA,NA,NA,107,6,0,77,4.64,1.39,NA,NA,NA,NA,NA,NA,NA,NA,NA,-0.2,-1.2
Victor Vodnik,COL,NA,NA,NA,0.1,0.9,-0.8,NA,NA,NA,NA,NA,NA,66,3,3,63,4.44,1.46,NA,NA,NA,NA,NA,NA,NA,NA,NA,-0.2,NA
Caleb Kilian,CHC,NA,NA,NA,0.1,0.9,-0.8,NA,NA,NA,NA,NA,NA,31,1,0,23,4.38,1.37,NA,NA,NA,NA,NA,NA,NA,NA,NA,-0.2,NA
Thomas Harrington,PIT,NA,NA,1,0.1,0.9,-0.8,NA,NA,NA,NA,NA,NA,9,0,0,7,4.58,1.33,NA,NA,NA,NA,NA,NA,NA,NA,NA,-0.2,-1.2
Patrick Monteverde,MIA,NA,NA,NA,0.1,0.9,-0.8,NA,NA,NA,NA,NA,NA,35,2,0,26,4.54,1.39,NA,NA,NA,NA,NA,NA,NA,NA,NA,-0.2,NA
Yosver Zulueta,CIN,NA,NA,NA,0.1,0.9,-0.8,NA,NA,NA,NA,NA,NA,46,2,0,46,4.49,1.43,NA,NA,NA,NA,NA,NA,NA,NA,NA,-0.2,NA
Hayden Harris,ATL,NA,NA,NA,0.1,0.9,-0.8,NA,NA,NA,NA,NA,NA,17,1,0,18,4.12,1.39,NA,NA,NA,NA,NA,NA,NA,NA,NA,-0.2,NA
J.B. Wendelken,SDP,NA,NA,NA,0.1,0.9,-0.8,NA,NA,NA,NA,NA,NA,19,1,0,17,4.15,1.35,NA,NA,NA,NA,NA,NA,NA,NA,NA,-0.2,NA
Justin Hagenman,NYM,NA,NA,NA,0.1,0.9,-0.8,NA,NA,NA,NA,NA,NA,12,1,0,11,4.3,1.27,NA,NA,NA,NA,NA,NA,NA,NA,NA,-0.2,NA
Sem Robberse,STL,NA,NA,NA,0.1,0.9,-0.8,NA,NA,NA,NA,NA,NA,21,1,0,17,4.19,1.32,NA,NA,NA,NA,NA,NA,NA,NA,NA,-0.2,NA
Trent Harris,SFG,NA,NA,NA,0.1,0.9,-0.8,NA,NA,NA,NA,NA,NA,10,0,0,9,4.03,1.33,0,0,0,0,0,1,0,0,0,-0.2,NA
Ethan Small,SFG,NA,NA,NA,0.1,0.9,-0.8,NA,NA,NA,NA,NA,NA,13,1,0,12,4.03,1.37,NA,NA,NA,NA,NA,NA,NA,NA,NA,-0.2,NA
Grant Wolfram,MIL,NA,NA,NA,0.1,0.9,-0.8,NA,NA,NA,NA,NA,NA,18,1,0,17,4.36,1.41,NA,NA,NA,NA,NA,NA,NA,NA,NA,-0.2,NA
Chris Flexen,CHC,NA,NA,NA,0.1,0.9,-0.8,NA,NA,NA,NA,NA,NA,16,1,0,13,4.56,1.38,NA,NA,NA,NA,NA,NA,NA,NA,NA,-0.2,NA
Cole Waites,SFG,NA,NA,NA,0.1,0.9,-0.8,NA,NA,NA,NA,NA,NA,15,1,0,15,4.1,1.38,NA,NA,NA,NA,NA,NA,NA,NA,NA,-0.2,NA
Drew Smith,NYM,Louisville Sluggers,2,1,0.1,0.9,-0.8,NA,NA,NA,NA,NA,NA,14,1,0,14,4.26,1.32,NA,NA,NA,NA,NA,NA,NA,NA,NA,-0.2,-1.2
Jose E. Hernandez,LAD,NA,NA,NA,0.1,0.9,-0.8,NA,NA,NA,NA,NA,NA,13,1,0,12,4.33,1.39,NA,NA,NA,NA,NA,NA,NA,NA,NA,-0.2,NA
Max Rajcic,STL,NA,NA,NA,0.1,0.9,-0.8,NA,NA,NA,NA,NA,NA,10,1,0,7,4.46,1.33,NA,NA,NA,NA,NA,NA,NA,NA,NA,-0.2,NA
Justin King,MIA,NA,NA,NA,0.1,0.9,-0.8,NA,NA,NA,NA,NA,NA,15,1,0,15,4.49,1.47,NA,NA,NA,NA,NA,NA,NA,NA,NA,-0.2,NA
Chris Devenski,NYM,NA,NA,NA,0.1,0.9,-0.8,NA,NA,NA,NA,NA,NA,19,1,0,18,4.61,1.32,NA,NA,NA,NA,NA,NA,NA,NA,NA,-0.2,NA
Luis Patino,SDP,NA,NA,NA,0.1,0.9,-0.8,NA,NA,NA,NA,NA,NA,12,1,0,10,4.57,1.36,0,0,0,0,0,1,0,0,0,-0.2,NA
Luis Patino,SDP,NA,NA,NA,0.1,0.9,-0.8,NA,NA,NA,NA,NA,NA,12,1,0,10,4.57,1.36,0,0,0,0,0,1,0,0,0,-0.2,NA
Brad Keller,CHC,NA,NA,NA,0.1,0.9,-0.8,NA,NA,NA,NA,NA,NA,19,1,0,15,4.42,1.42,0,0,0,0,0,0,0,0,1,-0.2,NA
Alan Rangel,PHI,NA,NA,NA,0.1,0.9,-0.8,NA,NA,NA,NA,NA,NA,32,2,0,27,4.72,1.33,NA,NA,NA,NA,NA,NA,NA,NA,NA,-0.2,NA
Jeff Brigham,ARI,NA,NA,NA,0.1,0.9,-0.8,NA,NA,NA,NA,NA,NA,15,1,0,15,4.41,1.39,NA,NA,NA,NA,NA,NA,NA,NA,NA,-0.2,NA
Zach Brzykcy,WSN,NA,NA,NA,0.1,0.9,-0.8,NA,NA,NA,NA,NA,NA,48,2,0,48,4.42,1.39,NA,NA,NA,NA,NA,NA,NA,NA,NA,-0.2,NA
Evan Reifert,WSN,NA,NA,NA,0.1,0.9,-0.8,NA,NA,NA,NA,NA,NA,52,2,0,55,4.49,1.41,NA,NA,NA,NA,NA,NA,NA,NA,NA,-0.2,NA
Matt Svanson,STL,NA,NA,NA,0.1,0.9,-0.8,NA,NA,NA,NA,NA,NA,35,2,0,25,4.42,1.41,NA,NA,NA,NA,NA,NA,NA,NA,NA,-0.2,NA
George Soriano,MIA,NA,NA,NA,0.1,0.9,-0.8,NA,NA,NA,NA,NA,NA,48,2,0,45,4.48,1.39,NA,NA,NA,NA,NA,NA,NA,NA,NA,-0.2,NA
Connor Gillispie,MIA,NA,NA,NA,0.1,0.9,-0.8,NA,NA,NA,NA,NA,NA,41,2,0,34,4.6,1.38,NA,NA,NA,NA,NA,NA,NA,NA,NA,-0.2,NA
Mark Canha,MIL,Erie Lakers,2,9,0.6,1.5,-0.9,154,3,17,15,2,0.242,NA,NA,NA,NA,NA,NA,0,1,0,0,0,1,1,0,1,-0.5,-9.5
Carson Spiers,CIN,NA,NA,NA,-0,0.9,-0.9,NA,NA,NA,NA,NA,NA,46,2,0,40,4.89,1.37,NA,NA,NA,NA,NA,NA,NA,NA,NA,-0.5,NA
Jonathan Pintaro,NYM,NA,NA,NA,-0,0.9,-0.9,NA,NA,NA,NA,NA,NA,8,0,0,7,4.61,1.39,NA,NA,NA,NA,NA,NA,NA,NA,NA,-0.5,NA
Tekoah Roby,STL,NA,NA,NA,-0,0.9,-0.9,NA,NA,NA,NA,NA,NA,8,0,0,6,4.58,1.36,NA,NA,NA,NA,NA,NA,NA,NA,NA,-0.5,NA
Josh Staumont,CIN,NA,NA,NA,0,0.9,-0.9,NA,NA,NA,NA,NA,NA,28,1,0,28,4.39,1.4,NA,NA,NA,NA,NA,NA,NA,NA,NA,-0.5,NA
Josiah Gray,WSN,National Pastime,2,1,0,0.9,-0.9,NA,NA,NA,NA,NA,NA,17,1,0,15,4.77,1.35,NA,NA,NA,NA,NA,NA,NA,NA,NA,-0.5,-1.5
Jimmy Herget,COL,NA,NA,NA,-0,0.9,-0.9,NA,NA,NA,NA,NA,NA,50,3,0,43,4.79,1.39,NA,NA,NA,NA,NA,NA,NA,NA,NA,-0.5,NA
Jack Neely,CHC,NA,NA,NA,0,0.9,-0.9,NA,NA,NA,NA,NA,NA,10,0,0,10,4.1,1.28,NA,NA,NA,NA,NA,NA,NA,NA,NA,-0.5,NA
Gabriel Hughes,COL,NA,NA,NA,0,0.9,-0.9,NA,NA,NA,NA,NA,NA,12,1,0,11,4.71,1.43,NA,NA,NA,NA,NA,NA,NA,NA,NA,-0.5,NA
Alex Young,CIN,NA,NA,NA,0,0.9,-0.9,NA,NA,NA,NA,NA,NA,22,1,0,19,4.63,1.41,NA,NA,NA,NA,NA,NA,NA,NA,NA,-0.5,NA
Zach Maxwell,CIN,NA,NA,NA,0,0.9,-0.9,NA,NA,NA,NA,NA,NA,33,2,0,36,4.62,1.45,NA,NA,NA,NA,NA,NA,NA,NA,NA,-0.5,NA
Tyler Phillips,PHI,National Pastime,2,1,0,0.9,-0.9,NA,NA,NA,NA,NA,NA,43,2,0,32,4.51,1.37,NA,NA,NA,NA,NA,NA,NA,NA,NA,-0.5,-1.5
Peter Strzelecki,PIT,NA,NA,NA,0,0.9,-0.9,NA,NA,NA,NA,NA,NA,26,1,0,23,4.48,1.38,NA,NA,NA,NA,NA,NA,NA,NA,NA,-0.5,NA
Connor Phillips,CIN,NA,NA,NA,-0,0.9,-0.9,NA,NA,NA,NA,NA,NA,21,1,0,22,4.73,1.44,NA,NA,NA,NA,NA,NA,NA,NA,NA,-0.5,NA
Alex Cornwell,STL,NA,NA,NA,0,0.9,-0.9,NA,NA,NA,NA,NA,NA,8,0,0,6,4.14,1.35,NA,NA,NA,NA,NA,NA,NA,NA,NA,-0.5,NA
Gavin Hollowell,CHC,NA,NA,NA,0,0.9,-0.9,NA,NA,NA,NA,NA,NA,6,0,0,6,4.28,1.34,NA,NA,NA,NA,NA,NA,NA,NA,NA,-0.5,NA
Tejay Antone,CIN,NA,NA,NA,-0,0.9,-0.9,NA,NA,NA,NA,NA,NA,8,0,0,7,4.81,1.41,NA,NA,NA,NA,NA,NA,NA,NA,NA,-0.5,NA
Austin Warren,NYM,NA,NA,NA,-0,0.9,-0.9,NA,NA,NA,NA,NA,NA,10,0,0,9,4.36,1.35,NA,NA,NA,NA,NA,NA,NA,NA,NA,-0.5,NA
Joey Lucchesi,SFG,NA,NA,NA,-0,0.9,-0.9,NA,NA,NA,NA,NA,NA,8,0,0,6,4.23,1.41,NA,NA,NA,NA,NA,NA,NA,NA,NA,-0.5,NA
Xzavion Curry,MIA,NA,NA,NA,0,0.9,-0.9,NA,NA,NA,NA,NA,NA,8,0,0,6,4.74,1.34,NA,NA,NA,NA,NA,NA,NA,NA,NA,-0.5,NA
Janson Junk,MIA,NA,NA,NA,0,0.9,-0.9,NA,NA,NA,NA,NA,NA,22,1,0,16,4.56,1.36,NA,NA,NA,NA,NA,NA,NA,NA,NA,-0.5,NA
Zach Agnos,COL,NA,NA,NA,0,0.9,-0.9,NA,NA,NA,NA,NA,NA,26,2,0,22,4.81,1.39,NA,NA,NA,NA,NA,NA,NA,NA,NA,-0.5,NA
Angel Chivilli,COL,NA,NA,NA,0,0.9,-0.9,NA,NA,NA,NA,NA,NA,53,3,0,48,4.76,1.39,NA,NA,NA,NA,NA,NA,NA,NA,NA,-0.5,NA
Chase Solesky,WSN,NA,NA,NA,0,0.9,-0.9,NA,NA,NA,NA,NA,NA,12,1,0,7,4.81,1.43,NA,NA,NA,NA,NA,NA,NA,NA,NA,-0.5,NA
Scott McGough,ARI,NA,NA,NA,-0,0.9,-0.9,NA,NA,NA,NA,NA,NA,22,1,0,21,4.48,1.44,NA,NA,NA,NA,NA,NA,NA,NA,NA,-0.5,NA
Andry Lara,WSN,NA,NA,NA,-0,0.9,-0.9,NA,NA,NA,NA,NA,NA,22,1,0,17,4.61,1.38,NA,NA,NA,NA,NA,NA,NA,NA,NA,-0.5,NA
Ryan Bergert,SDP,NA,NA,NA,0,0.9,-0.9,NA,NA,NA,NA,NA,NA,17,1,0,14,4.57,1.37,NA,NA,NA,NA,NA,NA,NA,NA,NA,-0.5,NA
Jose Urena,NYM,Hoosiers,2,1,0,0.9,-0.9,NA,NA,NA,NA,NA,NA,17,1,0,13,4.62,1.39,0,0,0,1,0,0,1,0,0,-0.5,-1.5
Rolddy Munoz,ATL,NA,NA,NA,-0,0.9,-0.9,NA,NA,NA,NA,NA,NA,22,1,0,20,4.41,1.44,NA,NA,NA,NA,NA,NA,NA,NA,NA,-0.5,NA
Bradgley Rodriguez,SDP,NA,NA,NA,-0,0.9,-0.9,NA,NA,NA,NA,NA,NA,26,1,0,24,4.44,1.41,NA,NA,NA,NA,NA,NA,NA,NA,NA,-0.5,NA
Bailey Horn,STL,NA,NA,NA,-0,0.9,-0.9,NA,NA,NA,NA,NA,NA,22,1,0,20,4.4,1.46,NA,NA,NA,NA,NA,NA,NA,NA,NA,-0.5,NA
Andre Granillo,STL,NA,NA,NA,-0,0.9,-0.9,NA,NA,NA,NA,NA,NA,15,1,0,14,4.65,1.47,NA,NA,NA,NA,NA,NA,NA,NA,NA,-0.5,NA
Matt Pushard,MIA,NA,NA,NA,-0,0.9,-0.9,NA,NA,NA,NA,NA,NA,24,1,0,20,4.62,1.42,NA,NA,NA,NA,NA,NA,NA,NA,NA,-0.5,NA
Ben Casparius,LAD,NA,NA,NA,0,0.9,-0.9,NA,NA,NA,NA,NA,NA,38,2,0,37,4.68,1.39,NA,NA,NA,NA,NA,NA,NA,NA,NA,-0.5,NA
Roddery Munoz,STL,NA,NA,NA,0,0.9,-0.9,NA,NA,NA,NA,NA,NA,26,1,0,23,4.62,1.4,NA,NA,NA,NA,NA,NA,NA,NA,NA,-0.5,NA
Buddy Kennedy,PHI,NA,NA,NA,0.2,1.1,-0.9000000000000001,42,1,5,4,0,0.235,NA,NA,NA,NA,NA,NA,0,0,1,1,0,0,1,1,0,-0.5,NA
Graham Pauley,MIA,National Pastime,2,1,0.2,1.1,-0.9000000000000001,91,2,10,10,1,0.224,NA,NA,NA,NA,NA,NA,0,0,0,1,0,0,1,0,0,-0.5,-1.5
Luisangel Acuna,NYM,Melonheads,2,1,1.1,2.1,-1,168,3,21,16,8,0.246,NA,NA,NA,NA,NA,NA,0,0,0,0,1,0,0,1,0,-0.9,-1.9
Billy Cook,PIT,NA,NA,NA,0.5,1.5,-1,91,3,10,10,3,0.231,NA,NA,NA,NA,NA,NA,0,1,0,0,0,1,1,0,0,-0.9,NA
Grant McCray,SFG,NA,NA,NA,0.5,1.5,-1,119,3,14,13,4,0.224,NA,NA,NA,NA,NA,NA,0,0,0,0,0,1,0,0,0,-0.9,NA
Juan Yepez,WSN,Melonheads,2,1,0.5,1.5,-1,98,3,11,12,1,0.248,NA,NA,NA,NA,NA,NA,0,1,0,0,0,0,1,0,0,-0.9,-1.9
Bryce Eldridge,SFG,NA,NA,1,0.5,1.5,-1,91,3,10,11,1,0.238,NA,NA,NA,NA,NA,NA,0,1,0,0,0,0,1,0,0,-0.9,-1.9
Kody Clemens,PHI,NA,NA,NA,0.1,1.1,-1,21,1,3,3,0,0.228,NA,NA,NA,NA,NA,NA,0,1,0,1,0,0,1,0,0,-0.9,NA
Trey Lipscomb,WSN,NA,NA,NA,0.1,1.1,-1,35,0,3,3,1,0.242,NA,NA,NA,NA,NA,NA,0,0,0,1,0,0,1,0,0,-0.9,NA
Grae Kessinger,ARI,NA,NA,NA,0.1,1.1,-1,56,1,6,5,1,0.215,NA,NA,NA,NA,NA,NA,0,0,1,1,0,0,1,1,0,-0.9,NA
Ryan Feltner,COL,NA,NA,NA,-0.1,0.9,-1,NA,NA,NA,NA,NA,NA,170,7,0,147,4.78,1.4,NA,NA,NA,NA,NA,NA,NA,NA,NA,-0.9,NA
Carson Palmquist,COL,NA,NA,NA,-0.1,0.9,-1,NA,NA,NA,NA,NA,NA,16,1,0,15,5.14,1.47,NA,NA,NA,NA,NA,NA,NA,NA,NA,-0.9,NA
Taijuan Walker,PHI,NA,NA,NA,-0.1,0.9,-1,NA,NA,NA,NA,NA,NA,66,3,0,48,4.81,1.38,NA,NA,NA,NA,NA,NA,NA,NA,NA,-0.9,NA
Jake Bird,COL,NA,NA,NA,-0.1,0.9,-1,NA,NA,NA,NA,NA,NA,61,2,1,52,4.61,1.45,NA,NA,NA,NA,NA,NA,NA,NA,NA,-0.9,NA
Drue Hackenberg,ATL,NA,NA,NA,-0.1,0.9,-1,NA,NA,NA,NA,NA,NA,8,0,0,7,4.55,1.46,NA,NA,NA,NA,NA,NA,NA,NA,NA,-0.9,NA
Albert Abreu,CIN,NA,NA,NA,-0.1,0.9,-1,NA,NA,NA,NA,NA,NA,10,0,0,10,4.5,1.43,NA,NA,NA,NA,NA,NA,NA,NA,NA,-0.9,NA
Jake Woodford,COL,NA,NA,NA,-0.1,0.9,-1,NA,NA,NA,NA,NA,NA,10,0,0,7,4.78,1.4,NA,NA,NA,NA,NA,NA,NA,NA,NA,-0.9,NA
Jack O'Loughlin,COL,NA,NA,NA,-0.1,0.9,-1,NA,NA,NA,NA,NA,NA,8,0,0,6,4.86,1.47,NA,NA,NA,NA,NA,NA,NA,NA,NA,-0.9,NA
Chase Shugart,PIT,NA,NA,NA,-0.1,0.9,-1,NA,NA,NA,NA,NA,NA,19,1,0,15,4.52,1.41,NA,NA,NA,NA,NA,NA,NA,NA,NA,-0.9,NA
Jose Cuas,PHI,NA,NA,NA,-0.1,0.9,-1,NA,NA,NA,NA,NA,NA,10,0,0,10,4.56,1.42,NA,NA,NA,NA,NA,NA,NA,NA,NA,-0.9,NA
Lyon Richardson,CIN,NA,NA,NA,-0.1,0.9,-1,NA,NA,NA,NA,NA,NA,12,0,0,11,4.82,1.46,NA,NA,NA,NA,NA,NA,NA,NA,NA,-0.9,NA
Joe Jacques,LAD,NA,NA,NA,-0.1,0.9,-1,NA,NA,NA,NA,NA,NA,10,0,0,8,4.44,1.4,NA,NA,NA,NA,NA,NA,NA,NA,NA,-0.9,NA
Kyle Tyler,PHI,NA,NA,NA,-0.1,0.9,-1,NA,NA,NA,NA,NA,NA,28,1,0,22,4.57,1.41,NA,NA,NA,NA,NA,NA,NA,NA,NA,-0.9,NA
John Rooney,MIA,NA,NA,NA,-0.1,0.9,-1,NA,NA,NA,NA,NA,NA,28,1,0,24,4.43,1.44,NA,NA,NA,NA,NA,NA,NA,NA,NA,-0.9,NA
Josh Ekness,MIA,NA,NA,NA,-0.1,0.9,-1,NA,NA,NA,NA,NA,NA,18,1,0,16,4.58,1.45,NA,NA,NA,NA,NA,NA,NA,NA,NA,-0.9,NA
Mick Abel,PHI,Blue Socks,2,1,-0.1,0.9,-1,NA,NA,NA,NA,NA,NA,22,1,0,20,4.76,1.46,NA,NA,NA,NA,NA,NA,NA,NA,NA,-0.9,-1.9
John Curtiss,ARI,NA,NA,NA,-0.1,0.9,-1,NA,NA,NA,NA,NA,NA,18,1,0,14,4.89,1.42,NA,NA,NA,NA,NA,NA,NA,NA,NA,-0.9,NA
Guillo Zuniga,PHI,NA,NA,NA,-0.1,0.9,-1,NA,NA,NA,NA,NA,NA,17,1,0,14,4.97,1.44,NA,NA,NA,NA,NA,NA,NA,NA,NA,-0.9,NA
Antonio Jimenez,SFG,NA,NA,NA,-0.1,0.9,-1,NA,NA,NA,NA,NA,NA,26,1,0,20,4.39,1.41,NA,NA,NA,NA,NA,NA,NA,NA,NA,-0.9,NA
Tyler Zuber,NYM,NA,NA,NA,-0.1,0.9,-1,NA,NA,NA,NA,NA,NA,33,2,0,31,4.83,1.43,NA,NA,NA,NA,NA,NA,NA,NA,NA,-0.9,NA
Eduardo Salazar,WSN,NA,NA,NA,-0.1,0.9,-1,NA,NA,NA,NA,NA,NA,50,2,0,37,4.47,1.43,NA,NA,NA,NA,NA,NA,NA,NA,NA,-0.9,NA
Bryce Jarvis,ARI,NA,NA,NA,-0.1,0.9,-1,NA,NA,NA,NA,NA,NA,48,2,0,38,4.43,1.45,NA,NA,NA,NA,NA,NA,NA,NA,NA,-0.9,NA
Thomas Saggese,STL,NA,NA,1,1,2.1,-1.1,210,6,23,25,2,0.242,NA,NA,NA,NA,NA,NA,0,0,1,0,0,0,0,1,0,-1.3,-2.3
Brady House,WSN,NA,NA,NA,0,1.1,-1.1,35,1,4,4,0,0.229,NA,NA,NA,NA,NA,NA,0,0,0,1,0,0,1,0,0,-1.3,NA
David Bote,LAD,NA,NA,NA,0,1.1,-1.1,14,0,1,2,0,0.228,NA,NA,NA,NA,NA,NA,0,0,0,1,0,0,1,0,0,-1.3,NA
Christian Cairo,ATL,NA,NA,NA,0,1.1,-1.1,14,0,1,1,0,0.211,NA,NA,NA,NA,NA,NA,0,0,1,1,1,0,1,1,0,-1.3,NA
Jose Fermin,STL,NA,NA,NA,-0,1.1,-1.1,7,0,1,1,0,0.237,NA,NA,NA,NA,NA,NA,0,0,0,1,0,0,1,0,0,-1.3,NA
Robby Snelling,MIA,NA,NA,NA,-0.2,0.9,-1.1,NA,NA,NA,NA,NA,NA,25,1,0,18,4.68,1.46,NA,NA,NA,NA,NA,NA,NA,NA,NA,-1.3,NA
Chase Petty,CIN,NA,NA,NA,-0.2,0.9,-1.1,NA,NA,NA,NA,NA,NA,32,1,0,24,4.95,1.43,NA,NA,NA,NA,NA,NA,NA,NA,NA,-1.3,NA
Jackson Rutledge,WSN,NA,NA,NA,-0.2,0.9,-1.1,NA,NA,NA,NA,NA,NA,32,1,0,26,4.69,1.41,NA,NA,NA,NA,NA,NA,NA,NA,NA,-1.3,NA
Tommy Doyle,COL,NA,NA,NA,-0.2,0.9,-1.1,NA,NA,NA,NA,NA,NA,21,1,0,17,4.95,1.48,NA,NA,NA,NA,NA,NA,NA,NA,NA,-1.3,NA
Jefry Yan,COL,NA,NA,NA,-0.2,0.9,-1.1,NA,NA,NA,NA,NA,NA,17,1,0,16,4.83,1.56,NA,NA,NA,NA,NA,NA,NA,NA,NA,-1.3,NA
Orlando Ribalta,WSN,NA,NA,NA,-0.2,0.9,-1.1,NA,NA,NA,NA,NA,NA,28,1,0,25,4.82,1.48,NA,NA,NA,NA,NA,NA,NA,NA,NA,-1.3,NA
Jaden Hill,COL,NA,NA,NA,-0.2,0.9,-1.1,NA,NA,NA,NA,NA,NA,42,2,0,37,5.01,1.45,NA,NA,NA,NA,NA,NA,NA,NA,NA,-1.3,NA
Cole Henry,WSN,NA,NA,NA,-0.2,0.9,-1.1,NA,NA,NA,NA,NA,NA,40,1,0,35,4.82,1.42,NA,NA,NA,NA,NA,NA,NA,NA,NA,-1.3,NA
Michael Mercado,PHI,NA,NA,NA,-0.2,0.9,-1.1,NA,NA,NA,NA,NA,NA,40,2,0,35,4.97,1.43,NA,NA,NA,NA,NA,NA,NA,NA,NA,-1.3,NA
Manuel Margot,MIL,NA,NA,NA,0.3,1.5,-1.2,56,1,6,6,1,0.261,NA,NA,NA,NA,NA,NA,0,0,0,0,0,1,0,0,0,-1.6,NA
Victor Mesa Jr.,MIA,NA,NA,NA,0.3,1.5,-1.2,98,2,10,10,1,0.23,NA,NA,NA,NA,NA,NA,0,0,0,0,0,1,0,0,0,-1.6,NA
Weston Wilson,PHI,NA,NA,NA,0.3,1.5,-1.2,84,3,10,10,2,0.22,NA,NA,NA,NA,NA,NA,0,0,0,0,0,1,0,0,0,-1.6,NA
Michael Helman,STL,NA,NA,NA,0.3,1.5,-1.2,63,2,7,7,2,0.226,NA,NA,NA,NA,NA,NA,0,0,0,0,1,1,0,1,0,-1.6,NA
Greg Jones,COL,NA,NA,NA,0.3,1.5,-1.2,49,1,6,5,3,0.234,NA,NA,NA,NA,NA,NA,0,0,0,0,0,1,0,0,0,-1.6,NA
Wade Miley,CIN,Erie Lakers,Opt,2,-0.3,0.9,-1.2,NA,NA,NA,NA,NA,NA,52,3,0,34,4.93,1.46,NA,NA,NA,NA,NA,NA,NA,NA,NA,-1.6,-3.6
Tanner Gordon,COL,NA,NA,NA,-0.3,0.9,-1.2,NA,NA,NA,NA,NA,NA,39,2,0,28,5,1.38,NA,NA,NA,NA,NA,NA,NA,NA,NA,-1.6,NA
Lucas Gilbreath,COL,NA,NA,NA,-0.3,0.9,-1.2,NA,NA,NA,NA,NA,NA,46,2,0,42,4.73,1.49,NA,NA,NA,NA,NA,NA,NA,NA,NA,-1.6,NA
Anthony Molina,COL,NA,NA,NA,-0.3,0.9,-1.2,NA,NA,NA,NA,NA,NA,33,1,0,23,4.89,1.42,NA,NA,NA,NA,NA,NA,NA,NA,NA,-1.6,NA
Juan Nunez,SDP,NA,NA,NA,-0.3,0.9,-1.2,NA,NA,NA,NA,NA,NA,10,0,0,8,4.99,1.55,NA,NA,NA,NA,NA,NA,NA,NA,NA,-1.6,NA
Brett de Geus,MIA,NA,NA,NA,-0.3,0.9,-1.2,NA,NA,NA,NA,NA,NA,39,2,0,27,4.78,1.49,NA,NA,NA,NA,NA,NA,NA,NA,NA,-1.6,NA
Griff McGarry,PHI,NA,NA,NA,-0.3,0.9,-1.2,NA,NA,NA,NA,NA,NA,26,1,0,27,4.8,1.56,NA,NA,NA,NA,NA,NA,NA,NA,NA,-1.6,NA
Bryan Shaw,CIN,NA,NA,NA,-0.3,0.9,-1.2,NA,NA,NA,NA,NA,NA,17,1,0,14,5.29,1.56,NA,NA,NA,NA,NA,NA,NA,NA,NA,-1.6,NA
Luis Peralta,COL,NA,NA,NA,-0.3,0.9,-1.2,NA,NA,NA,NA,NA,NA,61,3,2,60,4.86,1.51,NA,NA,NA,NA,NA,NA,NA,NA,NA,-1.6,NA
Nick Yorke,PIT,Hoosiers,2,1,0.8,2.1,-1.3,154,3,17,16,3,0.251,NA,NA,NA,NA,NA,NA,0,0,1,0,0,0,0,1,0,-2,-3
Cal Stevenson,PHI,NA,NA,NA,0.2,1.5,-1.3,42,1,5,4,2,0.227,NA,NA,NA,NA,NA,NA,0,0,0,0,0,1,0,0,0,-2,NA
Brandon Lockridge,SDP,NA,NA,NA,0.2,1.5,-1.3,42,1,5,4,2,0.236,NA,NA,NA,NA,NA,NA,0,0,0,0,0,1,0,0,0,-2,NA
Kevin Alcantara,CHC,NA,NA,NA,0.2,1.5,-1.3,49,1,5,5,1,0.238,NA,NA,NA,NA,NA,NA,0,0,0,0,0,1,0,0,0,-2,NA
Darren Baker,WSN,NA,NA,NA,0.2,1.5,-1.3,28,0,3,2,1,0.255,NA,NA,NA,NA,NA,NA,0,0,1,0,0,1,0,1,0,-2,NA
Darick Hall,PIT,NA,NA,NA,0.2,1.5,-1.3,91,3,9,10,0,0.225,NA,NA,NA,NA,NA,NA,0,1,0,0,0,0,1,0,0,-2,NA
Robert Hassell III,WSN,NA,NA,NA,0.2,1.5,-1.3,126,2,12,11,3,0.22,NA,NA,NA,NA,NA,NA,0,0,0,0,0,1,0,0,0,-2,NA
Valente Bellozo,MIA,NA,NA,1,-0.4,0.9,-1.3,NA,NA,NA,NA,NA,NA,57,2,0,41,4.86,1.41,NA,NA,NA,NA,NA,NA,NA,NA,NA,-2,-3
Juan Mejia,COL,NA,NA,NA,-0.4,0.9,-1.3,NA,NA,NA,NA,NA,NA,22,1,0,19,5.2,1.56,NA,NA,NA,NA,NA,NA,NA,NA,NA,-2,NA
Seth Johnson,PHI,NA,NA,NA,-0.4,0.9,-1.3,NA,NA,NA,NA,NA,NA,24,1,0,19,5.14,1.51,NA,NA,NA,NA,NA,NA,NA,NA,NA,-2,NA
Tanner Rainey,PIT,NA,NA,NA,-0.4,0.9,-1.3,NA,NA,NA,NA,NA,NA,42,1,0,38,4.94,1.48,NA,NA,NA,NA,NA,NA,NA,NA,NA,-2,NA
Owen Caissie,CHC,NA,NA,1,0.1,1.5,-1.4,35,1,4,4,0,0.238,NA,NA,NA,NA,NA,NA,0,0,0,0,0,1,0,0,0,-2.3,-3.3
James Outman,LAD,Westside Marauders,2,1,0.1,1.5,-1.4,14,0,2,2,0,0.22,NA,NA,NA,NA,NA,NA,0,0,0,0,0,1,0,0,0,-2.3,-3.3
Brewer Hicklen,MIL,NA,NA,NA,0.1,1.5,-1.4,28,1,3,4,1,0.203,NA,NA,NA,NA,NA,NA,0,0,0,0,0,1,0,0,0,-2.3,NA
Brewer Hicklen,MIL,NA,NA,NA,0.1,1.5,-1.4,28,1,3,4,1,0.203,NA,NA,NA,NA,NA,NA,0,0,0,0,0,1,0,0,0,-2.3,NA
Ji Hwan Bae,PIT,NA,NA,NA,0.1,1.5,-1.4,14,0,2,1,1,0.258,NA,NA,NA,NA,NA,NA,0,0,0,0,0,1,0,0,0,-2.3,NA
Jakob Marsee,MIA,NA,NA,NA,0.1,1.5,-1.4,21,0,2,2,1,0.205,NA,NA,NA,NA,NA,NA,0,0,0,0,0,1,0,0,0,-2.3,NA
Blake Dunn,CIN,NA,NA,NA,0.1,1.5,-1.4,14,0,2,1,1,0.229,NA,NA,NA,NA,NA,NA,0,0,0,0,0,1,0,0,0,-2.3,NA
Andres Chaparro,WSN,NA,NA,NA,0.1,1.5,-1.4,28,1,3,3,0,0.242,NA,NA,NA,NA,NA,NA,0,1,0,0,0,0,1,0,1,-2.3,NA
Jacob Hurtubise,CIN,NA,NA,NA,0.1,1.5,-1.4,14,0,2,1,1,0.24,NA,NA,NA,NA,NA,NA,0,0,0,0,0,1,0,0,0,-2.3,NA
Owen Miller,COL,NA,NA,NA,0.1,1.5,-1.4,7,0,1,1,0,0.263,NA,NA,NA,NA,NA,NA,0,1,0,0,0,0,1,0,0,-2.3,NA
Jake Bauers,MIL,Big Red Machine,2,1,0.1,1.5,-1.4,28,1,3,3,1,0.202,NA,NA,NA,NA,NA,NA,0,1,0,0,0,0,1,0,0,-2.3,-3.3
Cal Quantrill,MIA,NA,NA,1,-0.5,0.9,-1.4,NA,NA,NA,NA,NA,NA,143,7,0,104,4.81,1.43,NA,NA,NA,NA,NA,NA,NA,NA,NA,-2.3,-3.3
Chase Dollander,COL,NA,NA,1,-0.5,0.9,-1.4,NA,NA,NA,NA,NA,NA,95,4,0,85,5.06,1.42,NA,NA,NA,NA,NA,NA,NA,NA,NA,-2.3,-3.3
Andrew Moore,CIN,NA,NA,NA,-0.5,0.9,-1.4,NA,NA,NA,NA,NA,NA,32,1,0,34,5.1,1.55,NA,NA,NA,NA,NA,NA,NA,NA,NA,-2.3,NA
Brett Wisely,SFG,NA,NA,NA,0.7,2.1,-1.4000000000000001,147,3,17,15,3,0.24,NA,NA,NA,NA,NA,NA,0,0,1,0,1,0,0,1,0,-2.3,NA
Miguel Rojas,LAD,Erie Lakers,2,1,0.6,2.1,-1.5,98,2,10,10,2,0.256,NA,NA,NA,NA,NA,NA,0,0,0,0,1,0,0,1,0,-2.7,-3.7
Wade Meckler,SFG,NA,NA,NA,0,1.5,-1.5,14,0,2,1,0,0.266,NA,NA,NA,NA,NA,NA,0,0,0,0,0,1,0,0,0,-2.7,NA
Eli White,ATL,NA,NA,NA,0,1.5,-1.5,21,0,3,2,1,0.228,NA,NA,NA,NA,NA,NA,0,0,0,0,0,1,0,0,0,-2.7,NA
Alexander Canario,NYM,NA,NA,NA,0,1.5,-1.5,28,1,3,4,0,0.209,NA,NA,NA,NA,NA,NA,0,0,0,0,0,1,0,0,0,-2.7,NA
Isaac Collins,MIL,NA,NA,NA,-0,1.5,-1.5,7,0,1,1,0,0.222,NA,NA,NA,NA,NA,NA,0,0,0,0,0,1,0,0,0,-2.7,NA
Oscar Gonzalez,SDP,NA,NA,NA,0,1.5,-1.5,14,0,2,2,0,0.252,NA,NA,NA,NA,NA,NA,0,0,0,0,0,1,0,0,0,-2.7,NA
Yuli Gurriel,SDP,NA,NA,NA,-0,1.5,-1.5,14,0,1,1,0,0.254,NA,NA,NA,NA,NA,NA,0,1,0,0,0,0,1,0,0,-2.7,NA
Jorge Barrosa,ARI,National Pastime,2,1,-0,1.5,-1.5,7,0,1,1,0,0.233,NA,NA,NA,NA,NA,NA,0,0,0,0,0,1,0,0,0,-2.7,-3.7
Cooper Bowman,CIN,NA,NA,NA,-0,1.5,-1.5,7,0,1,1,0,0.221,NA,NA,NA,NA,NA,NA,0,0,1,0,0,1,0,1,0,-2.7,NA
DJ Stewart,PIT,NA,NA,NA,0,1.5,-1.5,35,1,4,4,0,0.214,NA,NA,NA,NA,NA,NA,0,0,0,0,0,1,0,0,1,-2.7,NA
Garrett Cooper,ATL,NA,NA,NA,-0,1.5,-1.5,7,0,1,1,0,0.236,NA,NA,NA,NA,NA,NA,0,1,0,0,0,0,1,0,0,-2.7,NA
Stone Garrett,WSN,NA,NA,NA,-0,1.5,-1.5,7,0,1,1,0,0.225,NA,NA,NA,NA,NA,NA,0,0,0,0,0,1,0,0,0,-2.7,NA
Trey Mancini,ARI,NA,NA,NA,-0,1.5,-1.5,14,0,1,1,0,0.231,NA,NA,NA,NA,NA,NA,0,1,0,0,0,0,1,0,0,-2.7,NA
Diego Castillo,COL,NA,NA,NA,-0.6,0.9,-1.5,NA,NA,NA,NA,NA,NA,34,1,0,28,5.07,1.55,NA,NA,NA,NA,NA,NA,NA,NA,NA,-2.7,NA
Nick Allen,ATL,NA,NA,NA,0.5,2.1,-1.6,105,1,11,10,2,0.249,NA,NA,NA,NA,NA,NA,0,0,0,0,1,0,0,1,0,-3,NA
Vidal Brujan,CHC,NA,NA,1,0.5,2.1,-1.6,112,2,13,10,4,0.226,NA,NA,NA,NA,NA,NA,0,0,1,0,1,0,0,1,0,-3,-4
Jared Serna,MIA,NA,NA,NA,0.4,2.1,-1.7000000000000002,98,2,11,10,2,0.231,NA,NA,NA,NA,NA,NA,0,0,0,0,1,0,0,1,0,-3.4,NA
Max Acosta,MIA,NA,NA,NA,0.4,2.1,-1.7000000000000002,63,1,7,6,2,0.25,NA,NA,NA,NA,NA,NA,NA,NA,NA,NA,NA,NA,NA,NA,NA,-3.4,NA
Luken Baker,STL,NA,NA,NA,0.4,2.1,-1.7000000000000002,126,5,13,17,0,0.215,NA,NA,NA,NA,NA,NA,0,0,0,0,0,0,0,0,1,-3.4,NA
Blaze Alexander,ARI,National Pastime,2,1,0.4,2.1,-1.7000000000000002,126,2,13,13,2,0.228,NA,NA,NA,NA,NA,NA,0,0,1,0,1,0,0,1,0,-3.4,-4.4
Shinnosuke Ogasawara,WSN,NA,NA,NA,-0.8,0.9,-1.7000000000000002,NA,NA,NA,NA,NA,NA,80,0,0,74,4.91,1.42,NA,NA,NA,NA,NA,NA,NA,NA,NA,-3.4,NA
Bradley Blalock,COL,NA,NA,NA,-0.8,0.9,-1.7000000000000002,NA,NA,NA,NA,NA,NA,49,2,0,36,5.27,1.49,NA,NA,NA,NA,NA,NA,NA,NA,NA,-3.4,NA
Kyle Freeland,COL,NA,NA,1,-0.9,0.9,-1.8,NA,NA,NA,NA,NA,NA,152,7,0,109,5.04,1.42,NA,NA,NA,NA,NA,NA,NA,NA,NA,-3.8,-4.8
Austin Gomber,COL,NA,NA,NA,-1,0.9,-1.9,NA,NA,NA,NA,NA,NA,143,7,0,102,5.17,1.41,NA,NA,NA,NA,NA,NA,NA,NA,NA,-4.1,NA
Evan Justice,COL,NA,NA,NA,-1,0.9,-1.9,NA,NA,NA,NA,NA,NA,48,3,0,46,5.35,1.68,NA,NA,NA,NA,NA,NA,NA,NA,NA,-4.1,NA
Casey Schmitt,SFG,NA,NA,NA,0.2,2.1,-1.9000000000000001,49,1,5,6,1,0.243,NA,NA,NA,NA,NA,NA,0,0,1,0,1,0,0,1,0,-4.1,NA
Ronny Mauricio,NYM,NA,NA,1,0.2,2.1,-1.9000000000000001,42,1,5,5,1,0.241,NA,NA,NA,NA,NA,NA,0,0,1,0,0,0,0,1,0,-4.1,-5.1
Luke Williams,ATL,NA,NA,NA,0.2,2.1,-1.9000000000000001,35,1,4,4,2,0.226,NA,NA,NA,NA,NA,NA,0,0,1,0,0,0,0,1,0,-4.1,NA
Adael Amador,COL,Hoosiers,2,1,0.2,2.1,-1.9000000000000001,28,1,3,3,1,0.242,NA,NA,NA,NA,NA,NA,0,0,1,0,0,0,0,1,0,-4.1,-5.1
Liover Peguero,PIT,NA,NA,NA,0.1,2.1,-2,28,1,3,3,1,0.235,NA,NA,NA,NA,NA,NA,0,0,1,0,1,0,0,1,0,-4.5,NA
Matt Koperniak,STL,NA,NA,NA,0.1,2.1,-2,21,0,2,2,0,0.251,NA,NA,NA,NA,NA,NA,NA,NA,NA,NA,NA,NA,NA,NA,NA,-4.5,NA
Keston Hiura,COL,NA,NA,NA,0.1,2.1,-2,14,1,2,2,0,0.252,NA,NA,NA,NA,NA,NA,0,0,1,0,0,0,0,1,0,-4.5,NA
Nicky Lopez,CHC,NA,NA,NA,0.1,2.1,-2,7,0,1,0,0,0.244,NA,NA,NA,NA,NA,NA,0,0,1,0,1,0,0,1,0,-4.5,NA
Osleivis Basabe,SFG,NA,NA,NA,0.1,2.1,-2,7,0,1,1,0,0.249,NA,NA,NA,NA,NA,NA,0,0,0,0,1,0,0,1,0,-4.5,NA
Carlos D. Rodriguez,ATL,NA,NA,NA,0.1,2.1,-2,7,0,1,1,0,0.26,NA,NA,NA,NA,NA,NA,NA,NA,NA,NA,NA,NA,NA,NA,NA,-4.5,NA
Marco Luciano,SFG,NA,NA,NA,0.1,2.1,-2,63,1,7,6,1,0.22,NA,NA,NA,NA,NA,NA,0,0,1,0,1,0,0,1,0,-4.5,NA
Nacho Alvarez Jr.,ATL,Free Birds,2,1,0,2.1,-2.1,14,0,2,1,0,0.246,NA,NA,NA,NA,NA,NA,0,0,1,0,0,0,0,1,0,-4.8,-5.8
Nasim Nunez,WSN,NA,NA,NA,0,2.1,-2.1,21,0,2,1,1,0.219,NA,NA,NA,NA,NA,NA,0,0,0,0,1,0,0,1,0,-4.8,NA
Enmanuel Valdez,PIT,NA,NA,NA,0,2.1,-2.1,14,0,2,2,0,0.233,NA,NA,NA,NA,NA,NA,0,0,1,0,0,0,0,1,0,-4.8,NA
Tim Tawa,ARI,NA,NA,NA,0,2.1,-2.1,21,1,2,2,0,0.227,NA,NA,NA,NA,NA,NA,NA,NA,NA,NA,NA,NA,NA,NA,NA,-4.8,NA
Travis Jankowski,CHC,NA,NA,NA,0,2.1,-2.1,21,0,2,2,1,0.233,NA,NA,NA,NA,NA,NA,NA,NA,NA,NA,NA,NA,NA,NA,NA,-4.8,NA
Gabriel Rincones Jr.,PHI,NA,NA,NA,0,2.1,-2.1,14,0,2,2,0,0.216,NA,NA,NA,NA,NA,NA,NA,NA,NA,NA,NA,NA,NA,NA,NA,-4.8,NA
Tyler Callihan,CIN,NA,NA,NA,-0,2.1,-2.1,7,0,1,1,0,0.226,NA,NA,NA,NA,NA,NA,0,0,1,0,0,0,0,1,0,-4.8,NA
Luke Ritter,NYM,NA,NA,NA,-0.1,2.1,-2.2,14,0,1,2,0,0.195,NA,NA,NA,NA,NA,NA,NA,NA,NA,NA,NA,NA,NA,NA,NA,-5.2,NA
Luis Mey,CIN,NA,NA,NA,-1.3,0.9,-2.2,NA,NA,NA,NA,NA,NA,42,2,0,37,5.7,1.7,NA,NA,NA,NA,NA,NA,NA,NA,NA,-5.2,NA
Antonio Senzatela,COL,NA,NA,NA,-1.4,0.9,-2.3,NA,NA,NA,NA,NA,NA,135,6,0,85,5.07,1.47,NA,NA,NA,NA,NA,NA,NA,NA,NA,-5.5,NA
