Melonheads(74 pts),,
SLOT,PLAYER,ACQ
C,"William Contreras
MilC, DH",Draft
C,"Elias Diaz
SDC",Draft
1B,"Nathaniel Lowe
Wsh1B",Draft
2B,"Adam Frazier
Pit2B, OF",Free Agency
3B,"Noelvi Marte
Cin3B",Draft
SS,"Luisangel Acuna
NYMSS, 2B",Draft
2B/SS,"CJ Abrams
WshSS",Draft
1B/3B,"Eric Wagaman
Mia3B, 1B",Free Agency
OF,"Kyle Tucker
ChCOF",Draft
OF,"Johan Rojas
PhiOF",Draft
OF,"Pete Crow-Armstrong
ChCOF",Draft
OF,"Seiya Suzuki
ChCOF, DH",Draft
OF,"Brandon Nimmo
NYMOF",Draft
DH,"Jesse Winker
NYMOF, DH",Draft
UTIL,"Luis Arraez
SD1B, 2B, DH",Draft
P,"Zack Wheeler
PhiSP",Draft
P,"Tanner Scott
LADRP",Draft
P,"Shota Imanaga
ChCSP",Draft
P,"Paul Skenes
PitSP",Draft
P,"Jake Irvin
WshSP",Draft
P,"Adrian Morejon
SDRP",Free Agency
P,"Huascar Brazoban
NYMRP",Free Agency
P,"Yuki Matsui
SDRP",Free Agency
P,"Anthony Bender
MiaRP",Free Agency
Bench,"Luis Campusano
SDC",Draft
Bench,Empty,
Bench,Empty,
Bench,Empty,
Bench,Empty,
Bench,Empty,
Bench,Empty,
Bench,Empty,
Bench,Empty,
Bench,Empty,
Bench,Empty,
Bench,Empty,
Bench,Empty,
Bench,Empty,
IL,"Michael KopechIL60
LADRP",Draft
IL,"Blake SnellIL15
LADSP",Draft
IL,"Thairo EstradaIL60
Col2B",Draft
IL,"Ryan BrasierIL15
ChCRP",Draft
IL,"Griffin ConineIL60
MiaOF",Draft
IL,Empty,
IL,Empty,
IL,Empty,
View TeamPropose Trade,,
National Pastime(74 pts),,
SLOT,PLAYER,ACQ
C,"Luis Torrens
NYMC",Free Agency
C,"Martin Maldonado
SDC",Free Agency
1B,"Michael Toglia
Col1B",Draft
2B,"Brice Turang
Mil2B",Draft
3B,"Mark Vientos
NYM3B",Draft
SS,"Francisco Lindor
NYMSS",Draft
2B/SS,"Willy Adames
SFSS",Draft
1B/3B,"Austin Riley
Atl3B",Draft
OF,"Nick Castellanos
PhiOF",Draft
OF,"Michael Harris II
AtlOF",Draft
OF,"Alec Burleson
StLOF, 1B, DH",Draft
OF,"Brendan Donovan
StLOF, 2B",Draft
OF,"Max Kepler
PhiOF",Draft
DH,"Justin Turner
ChC1B, DH",Free Agency
UTIL,"Jon Berti
ChC3B",Free Agency
P,"Spencer Schwellenbach
AtlSP",Draft
P,"Kyle Finnegan
WshRP",Draft
P,"Freddy Peralta
MilSP",Draft
P,"Raisel Iglesias
AtlRP",Draft
P,"Nick Pivetta
SDSP",Draft
P,"Erick Fedde
StLSP",Draft
P,"Matthew Boyd
ChCSP",Draft
P,"Tylor Megill
NYMSP",Free Agency
P,"Matthew Liberatore
StLRP, SP",Free Agency
Bench,Empty,
Bench,Empty,
Bench,Empty,
Bench,Empty,
Bench,Empty,
Bench,Empty,
Bench,Empty,
Bench,Empty,
Bench,Empty,
Bench,Empty,
Bench,Empty,
Bench,Empty,
Bench,Empty,
Bench,Empty,
IL,"Tyler FitzgeraldIL10
SFSS, 2B",Draft
IL,"Ivan HerreraIL10
StLC",Draft
IL,"Nestor CortesIL60
MilSP",Draft
IL,"Tyler Stephenson
CinC",Draft
IL,"Kris BryantIL10
ColOF, 1B, DH",Draft
IL,Empty,
IL,Empty,
IL,Empty,
View TeamPropose Trade,,
Louisville Sluggers(65.5 pts),,
SLOT,PLAYER,ACQ
C,"Willson Contreras
StLC, 1B, DH",Draft
C,"Hunter Goodman
ColOF, C, DH",Draft
1B,"Rhys Hoskins
Mil1B, DH",Draft
2B,"Luis Garcia Jr.
Wsh2B",Draft
3B,"Tyler Wade
SD3B, OF",Free Agency
SS,"Xavier Edwards
MiaSS",Draft
2B/SS,"Javier Sanoja
MiaOF, SS",Free Agency
1B/3B,"Enmanuel Valdez
Pit2B, 1B",Free Agency
OF,"Brenton Doyle
ColOF",Draft
OF,"Jackson Chourio
MilOF",Draft
OF,"Victor Scott II
StLOF",Draft
OF,"Eli White
AtlOF",Free Agency
OF,Empty,
DH,"Shohei Ohtani
LADDH, SP",Draft
UTIL,"Matt Mervis
MiaDH, 1B",Free Agency
P,"Cristopher Sanchez
PhiSP",Draft
P,"Dylan Cease
SDSP",Draft
P,"Edwin Diaz
NYMRP",Draft
P,"David Peterson
NYMSP",Draft
P,"Jesus Luzardo
PhiSP",Draft
P,"Dustin May
LADSP",Draft
P,"Jose Alvarado
PhiRP",Draft
P,"Emilio Pagan
CinRP",Free Agency
P,"Dennis SantanaB
PitRP",Free Agency
Bench,"Jarlin Susana
WshSP",Draft
Bench,"Alex Freeland
LADSS",Draft
Bench,Empty,
Bench,Empty,
Bench,Empty,
Bench,Empty,
Bench,Empty,
Bench,Empty,
Bench,Empty,
Bench,Empty,
Bench,Empty,
Bench,Empty,
Bench,Empty,
Bench,Empty,
IL,"Jackson MerrillIL10
SDOF",Draft
IL,"Christian Encarnacion-StrandIL10
Cin1B",Draft
IL,"Nick GonzalesIL10
Pit2B",Draft
IL,"Austin HaysIL10
CinOF",Draft
IL,Empty,
IL,Empty,
IL,Empty,
IL,Empty,
View TeamPropose Trade,,
Erie Lakers(65 pts),,
SLOT,PLAYER,ACQ
C,"Gabriel Moreno
AriC",Draft
C,"Jose Trevino
CinC",Free Agency
1B,"Freddie Freeman
LAD1B",Draft
2B,"Otto LopezDTD
Mia2B",Draft
3B,"Kyle Farmer
Col2B, 3B",Free Agency
SS,"Xander Bogaerts
SD2B, SS",Draft
2B/SS,"Bryson Stott
Phi2B",Draft
1B/3B,"Enrique Hernandez
LAD3B, 1B",Free Agency
OF,"Mookie Betts
LADSS, OF",Draft
OF,"Sal Frelick
MilOF",Draft
OF,"James Wood
WshOF",Draft
OF,"Lourdes Gurriel Jr.
AriOF",Draft
OF,"Juan Soto
NYMOF",Draft
DH,"Christian Yelich
MilOF, DH",Draft
UTIL,"Tyrone Taylor
NYMOF",Free Agency
P,"Trevor Megill
MilRP",Draft
P,"Sonny Gray
StLSP",Draft
P,"Brady Singer
CinSP",Draft
P,"Camilo Doval
SFRP",Draft
P,"Andrew Heaney
PitSP",Draft
P,"Andre Pallante
StLSP, RP",Free Agency
P,"Taijuan Walker
PhiSP",Free Agency
P,"Griffin Canning
NYMSP",Free Agency
P,Empty,
Bench,Empty,
Bench,Empty,
Bench,Empty,
Bench,Empty,
Bench,Empty,
Bench,Empty,
Bench,Empty,
Bench,Empty,
Bench,Empty,
Bench,Empty,
Bench,Empty,
Bench,Empty,
Bench,Empty,
Bench,Empty,
IL,"Ranger SuarezIL15
PhiSP",Draft
IL,"Ezequiel TovarIL10
ColSS",Draft
IL,"Justin SteeleIL60
ChCSP",Draft
IL,"Justin MartinezIL15
AriRP",Draft
IL,"Aaron CivaleIL15
MilSP",Draft
IL,"Nick FortesIL10
MiaC",Draft
IL,Empty,
IL,Empty,
View TeamPropose Trade,,
Big Red Machine(56.5 pts),,
SLOT,PLAYER,ACQ
C,"Sean Murphy
AtlC",Draft
C,"Pedro Pages
StLC",Free Agency
1B,"Michael Busch
ChC1B",Draft
2B,"Jose Iglesias
SD2B, 3B",Free Agency
3B,"Joey Ortiz
Mil3B, SS",Draft
SS,"Dansby Swanson
ChCSS",Draft
2B/SS,"Caleb Durbin
Mil2B, 3B",Draft
1B/3B,"Josh Naylor
Ari1B",Draft
OF,"Fernando Tatis Jr.DTD
SDOF",Draft
OF,"Michael Conforto
LADOF, DH",Draft
OF,"Tommy Pham
PitOF",Draft
OF,"Jarred Kelenic
AtlOF",Draft
OF,"Pavin Smith
Ari1B, OF, DH",Draft
DH,"Marcell Ozuna
AtlDH",Draft
UTIL,"Kyle Stowers
MiaOF",Draft
P,"Kodai Senga
NYMSP",Draft
P,"Robert Suarez
SDRP",Draft
P,"Michael King
SDSP",Draft
P,"Sandy Alcantara
MiaSP",Draft
P,"Chase DollanderDTD
ColSP",Draft
P,"Grant Holmes
AtlRP, SP",Draft
P,"Eduardo Rodriguez
AriSP",Free Agency
P,"Quinn Priester
MilSP, RP",Free Agency
P,"Tony Gonsolin
LADSP",Free Agency
Bench,"Bubba Chandler
PitSP",Draft
Bench,"Cade Horton
ChCSP",Draft
Bench,Empty,
Bench,Empty,
Bench,Empty,
Bench,Empty,
Bench,Empty,
Bench,Empty,
Bench,Empty,
Bench,Empty,
Bench,Empty,
Bench,Empty,
Bench,Empty,
Bench,Empty,
IL,"Yu DarvishIL15
SDSP",Draft
IL,"Ketel Marte
Ari2B, DH",Draft
IL,"Paul DeJongIL10
WshSS, 3B",Free Agency
IL,Empty,
IL,Empty,
IL,Empty,
IL,Empty,
IL,Empty,
View TeamPropose Trade,,
Blue Socks(54 pts),,
SLOT,PLAYER,ACQ
C,"Keibert Ruiz
WshC",Draft
C,"J.T. Realmuto
PhiC",Draft
1B,"Bryce Harper
Phi1B",Trade
2B,"Connor Norby
Mia3B, 2B",Draft
3B,"Nolan Arenado
StL3B",Draft
SS,"Trea Turner
PhiSS",Draft
2B/SS,"Tommy EdmanDTD
LADOF, 2B, SS",Draft
1B/3B,"Ke'Bryan Hayes
Pit3B",Draft
OF,"Dylan Crews
WshOF",Draft
OF,"Jesus Sanchez
MiaOF",Draft
OF,"Jung Hoo Lee
SFOF",Draft
OF,"Alek Thomas
AriOF",Free Agency
OF,"Mickey Moniak
ColOF",Free Agency
DH,"Starling Marte
NYMOF, DH",Draft
UTIL,Empty,
P,"Yoshinobu Yamamoto
LADSP",Draft
P,"MacKenzie Gore
WshSP",Draft
P,"Nick Lodolo
CinSP",Draft
P,"Aaron Nola
PhiSP",Draft
P,"Ryan Pressly
ChCRP",Draft
P,"Jeremiah Estrada
SDRP",Draft
P,"Matt Strahm
PhiRP",Free Agency
P,"Kirby Yates
LADRP",Free Agency
P,"Dylan Lee
AtlRP",Free Agency
Bench,"Jurickson ProfarSSPD
AtlOF",Draft
Bench,"Bryce Eldridge
SF1B",Draft
Bench,"Dalton Rushing
LADC, OF",Draft
Bench,"Aidan Miller
PhiSS",Draft
Bench,Empty,
Bench,Empty,
Bench,Empty,
Bench,Empty,
Bench,Empty,
Bench,Empty,
Bench,Empty,
Bench,Empty,
Bench,Empty,
Bench,Empty,
IL,"A.J. PukIL60
AriRP",Draft
IL,"Sean ManaeaIL60
NYMSP",Draft
IL,"Eury PerezIL60
MiaSP",Draft
IL,"Jeimer CandelarioIL10
Cin3B, 1B, DH",Draft
IL,"Jose SiriIL10
NYMOF",Draft
IL,"Spencer HorwitzIL10
Pit1B, 2B",Draft
IL,Empty,
IL,Empty,
View Team,,
Westside Marauders(49.5 pts),,
SLOT,PLAYER,ACQ
C,"Francisco Alvarez
NYMC",Draft
C,"Will Smith
LADC",Draft
1B,"Pete Alonso
NYM1B",Draft
2B,"Jeff McNeil
NYM2B",Free Agency
3B,"Eugenio Suarez
Ari3B",Draft
SS,"Masyn Winn
StLSS",Draft
2B/SS,"Adael Amador
Col2B",Draft
1B/3B,"Ryan McMahon
Col3B",Free Agency
OF,"Oneil Cruz
PitSS, OF",Draft
OF,"Andy Pages
LADOF",Draft
OF,"Gavin Lux
Cin2B, OF",Draft
OF,"Amed Rosario
Wsh2B, 3B, OF, DH",Draft
OF,"Alex Call
WshOF",Free Agency
DH,"Spencer Steer
CinOF, 1B, DH",Draft
UTIL,"Carson Kelly
ChCC",Free Agency
P,"Brandon Pfaadt
AriSP",Draft
P,"Ryan Walker
SFRP",Draft
P,"Hunter Greene
CinSP",Draft
P,"Zac Gallen
AriSP",Draft
P,"Chris Sale
AtlSP",Draft
P,"Jameson Taillon
ChCSP",Draft
P,"Merrill Kelly
AriSP",Draft
P,"Orion Kerkering
PhiRP",Free Agency
P,"Jesus Tinoco
MiaRP",Free Agency
Bench,"Jake McCarthy
AriOF",Draft
Bench,"Alexis Diaz
CinRP",Draft
Bench,"Chase Burns
CinSP",Draft
Bench,"Jordan Lawlar
AriSS, 3B",Draft
Bench,"Brett Baty
NYM3B, 2B",Free Agency
Bench,"Brandon MarshIL10
PhiOF",Free Agency
Bench,Empty,
Bench,Empty,
Bench,Empty,
Bench,Empty,
Bench,Empty,
Bench,Empty,
Bench,Empty,
Bench,Empty,
IL,"Ronald Acuna Jr.IL10
AtlOF",Draft
IL,Empty,
IL,Empty,
IL,Empty,
IL,Empty,
IL,Empty,
IL,Empty,
IL,Empty,
View TeamPropose Trade,,
Hoosiers(49 pts),,
SLOT,PLAYER,ACQ
C,"Joey Bart
PitC",Draft
C,"Agustin Ramirez
MiaC, 1B",Free Agency
1B,"Gavin Sheets
SDOF, 1B, DH",Draft
2B,"Nolan Gorman
StL2B",Draft
3B,"Jose Tena
Wsh3B",Free Agency
SS,"Elly De La Cruz
CinSS",Draft
2B/SS,"Matt McLain
CinSS, 2B",Draft
1B/3B,"Manny Machado
SD3B, DH",Draft
OF,"Corbin Carroll
AriOF",Draft
OF,"Heliot Ramos
SFOF",Draft
OF,"Jordan Walker
StLOF",Draft
OF,"Jordan Beck
ColOF",Draft
OF,"Jose Barrero
StLSS, OF",Free Agency
DH,"Andrew McCutchen
PitDH",Free Agency
UTIL,"LaMonte Wade Jr.
SF1B",Free Agency
P,"Ryan Helsley
StLRP",Draft
P,"Logan Webb
SFSP",Draft
P,"Corbin Burnes
AriSP",Draft
P,"Clay Holmes
NYMRP, SP",Draft
P,"Seth Halvorsen
ColRP",Draft
P,"Landen Roupp
SFRP, SP",Free Agency
P,"Max Meyer
MiaSP",Free Agency
P,"Abner Uribe
MilRP",Free Agency
P,"Justin Verlander
SFSP",Free Agency
Bench,"Zac Veen
ColOF",Draft
Bench,"Quinn MathewsDTD
StLSP",Draft
Bench,"AJ Smith-ShawverDTD
AtlSP",Draft
Bench,"Oliver Dunn
Mil3B",Draft
Bench,"JJ Wetherholt
StLSS",Draft
Bench,"Jett Williams
NYMSS",Draft
Bench,"Thomas Saggese
StL2B",Free Agency
Bench,Empty,
Bench,Empty,
Bench,Empty,
Bench,Empty,
Bench,Empty,
Bench,Empty,
Bench,Empty,
IL,"Jared JonesIL60
PitSP",Draft
IL,"Tyler GlasnowIL15
LADSP",Draft
IL,"Garrett MitchellIL10
MilOF",Draft
IL,"Jake CronenworthIL10
SD1B, 2B",Draft
IL,"Brandon WoodruffIL15
MilSP",Draft
IL,"Endy RodriguezIL10
PitC, 1B",Draft
IL,Empty,
IL,Empty,
View TeamPropose Trade,,
Free Birds(37 pts),,
SLOT,PLAYER,ACQ
C,"Jacob Stallings
ColC",Draft
C,"Drake Baldwin
AtlC",Draft
1B,"Matt Olson
Atl1B",Draft
2B,"Nico Hoerner
ChC2B",Draft
3B,"Alec Bohm
Phi3B",Draft
SS,"Nick Allen
AtlSS",Free Agency
2B/SS,"Isiah Kiner-FalefaDTD
Pit2B, 3B, SS",Draft
1B/3B,"Max Muncy
LAD3B",Draft
OF,"Jake Fraley
CinOF",Draft
OF,"Lars Nootbaar
StLOF",Draft
OF,"TJ Friedl
CinOF",Draft
OF,"Teoscar Hernandez
LADOF",Draft
OF,"Mike Yastrzemski
SFOF",Draft
DH,"Bryan Reynolds
PitOF, DH",Draft
UTIL,"Alex Verdugo
AtlOF",Free Agency
P,"Robbie Ray
SFSP",Draft
P,"David Bednar
PitRP",Draft
P,"Jason Adam
SDRP",Draft
P,"Porter Hodge
ChCRP",Draft
P,"Alex Vesia
LADRP",Draft
P,"Andrew Abbott
CinSP",Free Agency
P,"Jose Quintana
MilSP",Free Agency
P,"Chad Patrick
MilSP",Free Agency
P,"Colin Rea
ChCSP",Free Agency
Bench,"Matt Shaw
ChC3B, 2B, SS",Draft
Bench,"Kyle Hart
SDSP",Free Agency
Bench,Empty,
Bench,Empty,
Bench,Empty,
Bench,Empty,
Bench,Empty,
Bench,Empty,
Bench,Empty,
Bench,Empty,
Bench,Empty,
Bench,Empty,
Bench,Empty,
Bench,Empty,
IL,"Reynaldo LopezIL60
AtlSP",Draft
IL,"Spencer StriderIL15
AtlSP",Draft
IL,"Blake TreinenIL60
LADRP",Draft
IL,"Tyler FreemanIL10
ColOF",Draft
IL,Empty,
IL,Empty,
IL,Empty,
IL,Empty,
View TeamPropose Trade,,
Free at Last(25.5 pts),,
SLOT,PLAYER,ACQ
C,"Miguel Amaya
ChCC",Draft
C,"Patrick Bailey
SFC",Draft
1B,"Josh Bell
Wsh1B, DH",Draft
2B,"Ozzie Albies
Atl2B",Draft
3B,"Matt Chapman
SF3B",Draft
SS,"Geraldo Perdomo
AriSS",Draft
2B/SS,"Edmundo Sosa
PhiSS, 2B, 3B",Draft
1B/3B,"Graham Pauley
Mia3B",Free Agency
OF,"Ian Happ
ChCOF",Draft
OF,"Jacob Young
WshOF",Draft
OF,"Dane Myers
MiaOF",Draft
OF,Empty,
OF,Empty,
DH,"Kyle Schwarber
PhiDH",Draft
UTIL,"Wilmer Flores
SF1B, DH",Trade
P,"Taylor Rogers
CinRP",Draft
P,"Jordan Hicks
SFSP, RP",Draft
P,"Nick Martinez
CinRP, SP",Draft
P,"Mitch Keller
PitSP",Draft
P,"Roki Sasaki
LADSP",Draft
P,"Mitchell Parker
WshSP",Draft
P,"Tyler Rogers
SFRP",Free Agency
P,"Tyler Alexander
MilRP, SP",Free Agency
P,"Colin Holderman
PitRP",Free Agency
Bench,"Andrew Painter
PhiSP",Draft
Bench,"Hyeseong Kim
LAD2B",Draft
Bench,Empty,
Bench,Empty,
Bench,Empty,
Bench,Empty,
Bench,Empty,
Bench,Empty,
Bench,Empty,
Bench,Empty,
Bench,Empty,
Bench,Empty,
Bench,Empty,
Bench,Empty,
IL,"Justin LawrenceIL15
PitRP",Draft
IL,"Derek HillIL10
MiaOF",Draft
IL,Empty,
IL,Empty,
IL,Empty,
IL,Empty,
IL,Empty,
IL,Empty,
View TeamPropose Trade,,