playerid,xMLBAMID,Team,PlayerName,auction_type,fg_auction_dollars
19755,660271,LAD,Shohei Ohtani,bat,47.736566976856594
20123,665742,NYM,Juan Soto,bat,39.28784449577553
33677,694973,PIT,Paul Skenes,pit,38.034262285935114
18401,660670,ATL,Ronald Acuna Jr.,bat,37.94156987027011
18345,663656,LAD,Kyle Tucker,bat,34.38905391745959
19709,665487,SDP,Fernando Tatis Jr.,bat,33.419128812328836
26668,682829,CIN,Elly De La Cruz,bat,33.115607141249065
25878,682998,ARI,Corbin Carroll,bat,32.040574277744305
28806,694192,MIL,Jackson Chourio,bat,30.09646393349794
27769,691718,CHC,Pete Crow-Armstrong,bat,29.865241902217075
17995,657277,SFG,Logan Webb,pit,28.83101615079319
10603,519242,ATL,Chris Sale,pit,28.296783247383686
16252,607208,PHI,Trea Turner,bat,28.140965770229364
11579,547180,PHI,Bryce Harper,bat,27.054367149962772
20778,650911,PHI,Cristopher Sanchez,pit,26.63057308972391
29715,696100,COL,Hunter Goodman,bat,25.731159651809445
29518,695578,WSN,James Wood,bat,25.679059771083875
5361,518692,LAD,Freddie Freeman,bat,25.61125238117317
12916,596019,NYM,Francisco Lindor,bat,25.561568623273224
13611,605141,LAD,Mookie Betts,bat,25.291262734135532
20503,661388,MIL,William Contreras,bat,24.885481143142712
16478,656941,PHI,Kyle Schwarber,bat,24.438170349048534
13613,606466,ARI,Ketel Marte,bat,24.195854464580034
19612,666182,NYM,Bo Bichette,bat,23.982982104427865
33825,808967,LAD,Yoshinobu Yamamoto,pit,23.23211005559589
10310,554430,PHI,Zack Wheeler,pit,23.224096998816222
25931,671739,ATL,Michael Harris II,bat,23.147356415253682
31539,686948,ATL,Drake Baldwin,bat,22.81671467946948
22799,672695,ARI,Geraldo Perdomo,bat,22.26660076148332
25768,682928,WSN,CJ Abrams,bat,22.25140003247086
31757,695243,SDP,Mason Miller,pit,22.247695336459255
29490,701538,SDP,Jackson Merrill,bat,22.21386300673932
13066,606192,LAD,Teoscar Hernandez,bat,21.99369504706165
14344,621566,ATL,Matt Olson,bat,21.783556541226602
17350,646240,SFG,Rafael Devers,bat,21.416496153615782
18360,663586,ATL,Austin Riley,bat,21.333453228073925
21479,663538,CHC,Nico Hoerner,bat,20.7967881398202
24816,681624,LAD,Andy Pages,bat,20.512008148055063
11493,592518,SDP,Manny Machado,bat,20.259012328082765
30116,673548,CHC,Seiya Suzuki,bat,20.175675302408507
27615,676475,STL,Alec Burleson,bat,19.897094289445853
19287,666969,PHI,Adolis Garcia,bat,19.562462013930745
21029,661395,PHI,Jhoan Duran,pit,19.455551097872814
14710,621242,LAD,Edwin Diaz,pit,19.36249239871072
22186,668930,MIL,Brice Turang,bat,19.227735789454783
24064,678662,COL,Ezequiel Tovar,bat,18.922800163490447
20043,673357,NYM,Luis Robert Jr.,bat,18.35821594069192
19959,666200,PHI,Jesus Luzardo,pit,18.22452504779397
21711,665833,PIT,Oneil Cruz,bat,18.197639192968815
15986,642715,SFG,Willy Adames,bat,18.103605311807787
26319,683737,CHC,Michael Busch,bat,17.919649130301185
11477,592885,MIL,Christian Yelich,bat,17.765466432885194
22515,671218,SFG,Heliot Ramos,bat,17.494483976694198
18568,650333,SFG,Luis Arraez,bat,17.44402317865197
19197,669257,LAD,Will Smith,bat,17.412245387671764
12552,553993,CIN,Eugenio Suarez,bat,17.217660884686968
20599,671056,STL,Ivan Herrera,bat,17.212312382046274
22182,668881,CIN,Hunter Greene,pit,17.097363603411214
33541,686611,WSN,Dylan Crews,bat,17.012043876963208
16505,656305,SFG,Matt Chapman,bat,16.974760624635653
18314,621020,CHC,Dansby Swanson,bat,16.823716873582974
25479,686668,COL,Brenton Doyle,bat,16.66238190401799
26294,681082,PHI,Bryson Stott,bat,16.632666210262272
17919,664023,CHC,Ian Happ,bat,16.616038276525764
26546,682663,MIA,Agustin Ramirez,bat,16.454560290999765
26151,669065,MIA,Kyle Stowers,bat,16.332825292775205
15454,601713,SDP,Nick Pivetta,pit,15.660222701645893
15816,642207,NYM,Devin Williams,pit,15.632911635049835
19956,666160,COL,Mickey Moniak,bat,15.602023278244317
16162,605540,MIL,Brandon Woodruff,pit,15.47534380338833
22266,669364,MIA,Xavier Edwards,bat,15.30231575884707
27498,675911,ATL,Spencer Strider,pit,15.13452561515073
22664,672515,ARI,Gabriel Moreno,bat,15.002389219892253
21618,664761,PHI,Alec Bohm,bat,14.886801041839071
17678,608324,CHC,Alex Bregman,bat,14.884508691502274
16556,645277,ATL,Ozzie Albies,bat,14.620690078997164
NA,804606,PIT,Konnor Griffin,bat,14.501019472583945
31370,805300,MIA,Jakob Marsee,bat,14.481541590729408
27479,691026,STL,Masyn Winn,bat,14.438086919462412
19326,668804,PIT,Bryan Reynolds,bat,14.434263365003364
29995,695734,WSN,Daylen Lile,bat,14.432237355372433
31431,687597,COL,Jordan Beck,bat,14.345714767721104
12161,593428,SDP,Xander Bogaerts,bat,14.215039110459585
NA,702222,PHI,Justin Crawford,bat,14.189229197717061
11739,592663,PHI,J.T. Realmuto,bat,14.040066088273539
19755,660271,LAD,Shohei Ohtani,pit,13.862326799524569
18679,642547,NYM,Freddy Peralta,pit,13.639447120500996
33824,808982,SFG,Jung Hoo Lee,bat,13.450459156103891
26121,682626,NYM,Francisco Alvarez,bat,13.440062049380236
12533,543760,NYM,Marcus Semien,bat,13.4323245410387
19608,672640,MIA,Otto Lopez,bat,13.425088892683466
17128,657656,SDP,Ramon Laureano,bat,12.96824837012114
13543,605483,LAD,Blake Snell,pit,12.958495269572046
20391,671277,WSN,Luis Garcia Jr.,bat,12.911634935800613
29695,680574,CIN,Matt McLain,bat,12.858129697152375
13152,593871,NYM,Jorge Polanco,bat,12.722857666238715
19853,650633,SDP,Michael King,pit,12.294853824580985
19522,670770,CIN,TJ Friedl,bat,12.250934944007358
31505,701398,CIN,Sal Stewart,bat,11.9309598809419
14374,607192,LAD,Tyler Glasnow,pit,11.838405456647347
16149,605400,PHI,Aaron Nola,pit,11.779269749226353
18030,664056,SFG,Harrison Bader,bat,11.687631455451891
16442,656811,PIT,Ryan O'Hearn,bat,11.58896442668293
26517,682622,CIN,Noelvi Marte,bat,11.442694327692267
25493,687401,MIL,Joey Ortiz,bat,11.282734917026822
17130,628452,ATL,Raisel Iglesias,pit,11.236943233503109
29622,686217,MIL,Sal Frelick,bat,11.207108817531118
15440,571510,CHC,Matthew Boyd,pit,11.150949567328245
31349,687363,STL,Victor Scott II,bat,11.137697229686296
29839,686218,LAD,Emmet Sheehan,pit,10.853684058909813
NA,802139,STL,Jonathan Wetherholt,bat,10.746448172129947
27914,694037,CHC,Daniel Palencia,pit,10.599615266822829
20423,676254,SFG,Ryan Walker,pit,10.560564184206775
18882,664040,PIT,Brandon Lowe,bat,10.528522190342855
9777,571448,ARI,Nolan Arenado,bat,10.283061392612819
19238,666971,ARI,Lourdes Gurriel Jr.,bat,10.221962617867211
35333,695505,CIN,Chase Burns,pit,10.209312637296657
20202,669016,PHI,Brandon Marsh,bat,10.205044856646799
19291,668678,ARI,Zac Gallen,pit,10.121734901935856
19470,669242,LAD,Tommy Edman,bat,10.11301732302063
25327,682842,MIL,Abner Uribe,pit,10.003479444358929
12970,605397,SDP,Joe Musgrove,pit,9.980432421783417
17998,664126,MIA,Pete Fairbanks,pit,9.687086530064128
33829,684007,CHC,Shota Imanaga,pit,9.28466572820309
21454,663457,STL,Lars Nootbaar,bat,9.191632264942408
17338,650489,COL,Willi Castro,bat,8.911344102835772
26378,666157,CIN,Nick Lodolo,pit,8.819553943602727
16400,625643,ATL,Reynaldo Lopez,pit,8.385092268219168
17722,656730,MIL,Trevor Megill,pit,8.358253579577099
10324,542303,PIT,Marcell Ozuna,bat,8.291273805356823
17988,663886,CIN,Tyler Stephenson,bat,8.085647739103882
26197,683734,MIL,Andrew Vaughn,bat,8.025899189621178
18684,645261,MIA,Sandy Alcantara,pit,7.878017363652617
27768,691587,MIA,Eury Perez,pit,7.569058903928359
21690,665795,CHC,Edward Cabrera,pit,7.5675007339950735
21840,666023,SDP,Freddy Fermin,bat,7.546770069272624
28820,694208,CHC,Moises Ballesteros,bat,7.5032309081093285
11156,518876,ARI,Merrill Kelly,pit,7.443554719142272
31846,680885,ATL,Spencer Schwellenbach,pit,7.375605751228067
17878,642701,PIT,Dennis Santana,pit,7.205901396664605
27475,691023,STL,Jordan Walker,bat,7.198996668535397
31623,694819,MIL,Jacob Misiorowski,pit,7.128853591830487
33703,690997,NYM,Nolan McLean,pit,6.990046094780356
27478,672275,SFG,Patrick Bailey,bat,6.712068755279029
14771,641941,CIN,Emilio Pagan,pit,6.643577714199071
22210,669093,SDP,Jeremiah Estrada,pit,6.4367343552702625
22263,669357,STL,Nolan Gorman,bat,6.342289102995065
23793,677952,PIT,Braxton Ashcraft,pit,6.272791179654895
29592,681393,MIA,Connor Norby,bat,6.258832842547882
26477,687462,PIT,Spencer Horwitz,bat,6.240046874632307
19352,669221,ATL,Sean Murphy,bat,6.022629527345459
18036,630105,SDP,Jake Cronenworth,bat,5.84043394942638
26123,683146,NYM,Brett Baty,bat,5.658147126678493
22184,668901,NYM,Mark Vientos,bat,5.607938342399475
15873,640455,NYM,Sean Manaea,pit,5.604717323556439
11486,592662,SFG,Robbie Ray,pit,5.5571785126098865
13620,608348,CHC,Carson Kelly,bat,5.499645700628936
30115,663158,ATL,Robert Suarez,pit,5.392722957157684
27782,694297,ARI,Brandon Pfaadt,pit,5.3188571592334135
29993,691781,WSN,Brady House,bat,5.001489169103002
14854,573262,ATL,Mike Yastrzemski,bat,4.879486718735726
20039,670970,SDP,Adrian Morejon,pit,4.837520230467109
21622,664983,COL,Jake McCarthy,bat,4.798935121601797
15507,640451,CHC,Hunter Harvey,pit,4.764841439302152
19574,668941,STL,JoJo Romero,pit,4.761111766479785
26253,669194,ARI,Ryne Nelson,pit,4.672529733405661
19901,657757,SDP,Gavin Sheets,bat,4.665033848835037
31475,701656,MIL,Logan Henderson,pit,4.5704435469959925
25807,669707,PIT,Jared Triolo,bat,4.569435343093493
21844,666129,MIA,Braxton Garrett,pit,4.487130432009938
19716,669160,STL,Dustin May,pit,4.398066160776652
29911,671096,CIN,Andrew Abbott,pit,4.3913648799877105
26202,663968,PIT,Jake Mangum,bat,3.971428221339217
17780,621237,PHI,Jose Alvarado,pit,3.8457523274272094
13301,571970,LAD,Max Muncy,bat,3.723048360493244
27555,669003,MIL,Garrett Mitchell,bat,3.5697049342175875
22532,671289,COL,Tyler Freeman,bat,3.5241477099625156
17312,657006,CHC,Justin Steele,pit,3.4788008947471165
17594,656605,PIT,Mitch Keller,pit,3.296966362011928
31776,689147,PHI,Orion Kerkering,pit,3.2734144996283603
29976,691783,ARI,Jordan Lawlar,bat,3.2460578875682575
20302,656849,NYM,David Peterson,pit,3.210783719844832
31872,690990,CHC,Cade Horton,pit,3.1779216762248153
25979,683083,WSN,Nasim Nunez,bat,3.163355339931485
27506,673490,ATL,Ha-seong Kim,bat,3.103801143586189
19610,660688,WSN,Keibert Ruiz,bat,3.101849417178934
18577,663647,CIN,Ke'Bryan Hayes,bat,3.033298888728944
17586,656945,LAD,Tanner Scott,pit,3.001109168811983
15878,609280,SDP,Miguel Andujar,bat,2.9830947792553335
27496,683357,MIA,Owen Caissie,bat,2.942708609181116
25377,663903,CIN,Brady Singer,pit,2.873650720770592
29869,700241,STL,Michael McGreevy,pit,2.8503721373895257
25007,681911,LAD,Alex Vesia,pit,2.78906630692547
19876,656464,ARI,Kevin Ginkel,pit,2.784946523512011
21693,665804,CHC,Miguel Amaya,bat,2.397795096109645
29868,696149,PIT,Bubba Chandler,pit,2.3873075359408977
13649,605280,NYM,Clay Holmes,pit,2.349919096276528
19343,640462,ARI,A.J. Puk,pit,2.265086441203824
31838,673540,NYM,Kodai Senga,pit,2.240313610099088
10078,573204,CHC,Caleb Thielbar,pit,2.2198711184329705
20348,676617,STL,Riley O'Brien,pit,2.2053657214651885
25782,686780,STL,Pedro Pages,bat,2.175276439611237
11861,592094,SDP,Jason Adam,pit,2.1348744889173124
11737,592206,SDP,Nick Castellanos,bat,2.0965917846911024
35323,808963,LAD,Roki Sasaki,pit,2.0577269010660606
16358,641816,SFG,Tyler Mahle,pit,1.9895483083461416
33390,805811,SFG,Bryce Eldridge,bat,1.9762145380310412
18655,621345,NYM,A.J. Minter,pit,1.9702198242361826
30076,694738,SFG,Landen Roupp,pit,1.8676004801025967
25977,682990,MIL,Quinn Priester,pit,1.8117082637571973
11674,592791,CHC,Jameson Taillon,pit,1.7987501760065803
18383,647336,ARI,Michael Soroka,pit,1.771847814306999
NA,701807,NYM,Carson Benge,bat,1.7204710782036479
18064,664208,CHC,Phil Maton,pit,1.710772183380485
19996,669276,ATL,Dylan Lee,pit,1.6902434477590504
27863,683003,PIT,Jared Jones,pit,1.6345189977982755
19892,656976,ARI,Pavin Smith,bat,1.428855664522511
NA,691788,MIA,Joseph Mack,bat,1.3405783244835
21524,663698,PIT,Joey Bart,bat,1.3194818381473925
22294,669461,STL,Matthew Liberatore,pit,1.1859774681813544
26323,668715,CIN,Spencer Steer,bat,1.1111362245952818
30113,694477,MIL,Chad Patrick,pit,1.025869270456726
27517,657649,MIL,Jared Koenig,pit,1.0011295888089995
19858,650859,MIL,Luis Rengifo,bat,1
27534,666397,COL,Edouard Julien,bat,1
27490,693304,PIT,Nick Gonzales,bat,1
16530,643289,ATL,Mauricio Dubon,bat,1
23792,677950,ARI,Alek Thomas,bat,1
29617,680779,PIT,Henry Davis,bat,1
27494,690925,WSN,Clayton Beeter,pit,1
16725,624431,CIN,Jose Trevino,bat,0.7566354619938562
16432,656492,WSN,Foster Griffin,pit,0.7303214422271034
27474,676974,MIA,Max Meyer,pit,0.6867677932811417
16918,596133,NYM,Luke Weaver,pit,0.5124544623802396
29844,689414,MIA,Liam Hicks,bat,0.493326266042589
26368,668709,CIN,JJ Bleday,bat,0.3265591247214109
12572,595014,LAD,Blake Treinen,pit,-0.18989245720684167
29958,695670,WSN,Harry Ford,bat,-0.20263382892112003
27552,668933,CIN,Graham Ashcraft,pit,-0.43158052865235574
29812,688107,MIL,Robert Gasser,pit,-0.4371743170549416
21897,666624,MIA,Christopher Morel,bat,-0.4427913679079387
24614,680767,COL,Victor Vodnik,pit,-0.4628022651369781
16944,656550,ATL,Grant Holmes,pit,-0.5031647136575963
29931,696285,WSN,Jacob Young,bat,-0.5185774103024596
19677,642397,PIT,Gregory Soto,pit,-0.6266785546565323
18848,650968,STL,Yohel Pozo,bat,-0.7170834481456942
15194,641343,MIL,Jake Bauers,bat,-0.7833744782721246
10061,548384,NYM,Brooks Raley,pit,-0.8275896629002804
15905,620443,NYM,Luis Torrens,bat,-0.8783537546192628
26260,686753,ARI,Drey Jameson,pit,-0.9487660927988715
29629,694335,STL,Matt Svanson,pit,-0.9859348919397799
26143,687859,COL,Troy Johnston,bat,-1.0253640689545618
29704,690924,COL,Braxton Fulford,bat,-1.1877120103824073
25942,677053,MIA,Andrew Nardi,pit,-1.204138764262293
22717,672582,MIL,Angel Zerpa,pit,-1.2087600841100543
13164,593958,ARI,Eduardo Rodriguez,pit,-1.2309075729449113
26252,669062,SFG,Erik Miller,pit,-1.3369650660017602
27572,669387,PIT,Carmen Mlodzinski,pit,-1.344679609870434
23590,676962,CHC,Ben Brown,pit,-1.4235703219194056
27473,676917,WSN,Cade Cavalli,pit,-1.6724934895544403
18548,656529,SFG,Sam Hentges,pit,-1.6891715609710025
19361,669203,ARI,Corbin Burnes,pit,-1.7211728528336985
20367,660813,LAD,Brusdar Graterol,pit,-1.7445923707207256
16990,621383,PHI,Tanner Banks,pit,-1.8190350032930955
18297,641755,ATL,Tyler Kinley,pit,-1.8395157467351906
19742,669622,MIA,Anthony Bender,pit,-1.8508878699501605
12859,543510,ARI,James McCann,bat,-1.9074577313840217
24878,681715,MIA,Heriberto Hernandez,bat,-1.9377915128070424
23550,676879,MIL,Aaron Ashby,pit,-1.9887629811821754
31382,687221,LAD,Dalton Rushing,bat,-2.0104709943765173
21894,666619,SFG,Gregory Santos,pit,-2.0553543342255
16258,607481,ATL,Aaron Bummer,pit,-2.098044935585757
21626,665052,MIA,Griffin Conine,bat,-2.125036017229641
16647,657044,ARI,Ryan Thompson,pit,-2.189693537897755
29770,682254,PIT,Mason Montgomery,pit,-2.1904376731121125
13892,623149,ARI,Paul Sewald,pit,-2.36243432196141
23313,676130,SFG,Jose Butto,pit,-2.632691556231461
24763,681517,STL,Kyle Leahy,pit,-2.6438542214665937
27758,690986,MIL,Kyle Harrison,pit,-2.6668033018847384
NA,702281,MIA,Robert Snelling,pit,-2.7426479202581877
20116,676534,MIA,Calvin Faucher,pit,-2.962744051681295
18341,642759,WSN,Julian Fernandez,pit,-3.054742133084493
15947,592773,STL,Ryne Stanek,pit,-3.0790787151069106
17968,656271,CIN,Brock Burke,pit,-3.1110304843913337
11442,596142,MIL,Gary Sanchez,bat,-3.1267959868875748
19926,663574,CIN,Tony Santillan,pit,-3.24321557304006
13346,571948,CHC,Hoby Milner,pit,-3.2836219298547675
23301,676083,MIA,Janson Junk,pit,-3.3105821359151326
16727,592779,LAD,Brock Stewart,pit,-3.3321938954438686
22191,668964,NYM,Tobias Myers,pit,-3.365804579137998
23394,676571,WSN,PJ Poulin,pit,-3.4350736080053075
31204,680736,LAD,Justin Wrobleski,pit,-3.4612891528155165
25643,686452,WSN,Drew Millas,bat,-3.547951611345952
31616,688158,SDP,David Morgan,pit,-3.5876119069642725
29928,689266,ATL,Dylan Dodd,pit,-3.678739580102322
NA,687985,MIA,Joshua White,pit,-3.7046098283426234
18795,602104,STL,Ramon Urias,bat,-3.755452661599678
33850,687075,MIL,Brandon Sproat,pit,-3.7856535232633126
33322,807713,CHC,Matt Shaw,bat,-3.7943228724407243
30160,690916,STL,Richard Fitts,pit,-3.800499205450582
22054,667472,CIN,Dane Myers,bat,-3.8988642835559304
30249,676263,LAD,Jack Dreyer,pit,-3.9275565292744066
15734,641745,PHI,Brad Keller,pit,-3.9737036560953864
20546,681982,MIL,Grant Anderson,pit,-3.9836211485050326
33248,684974,MIL,Craig Yoho,pit,-3.9898016074128613
17639,664875,PIT,Justin Lawrence,pit,-3.990544773500438
26413,687863,CHC,Porter Hodge,pit,-4.0000916037908265
27779,693821,ATL,Bryce Elder,pit,-4.000743770290593
14295,593974,SDP,Wandy Peralta,pit,-4.013393946928085
30107,681035,NYM,Christian Scott,pit,-4.0580305845449915
14332,606303,ATL,Joel Payamps,pit,-4.076654991829282
12718,605288,SFG,Adrian Houser,pit,-4.087001791384763
20385,676755,PIT,Isaac Mattson,pit,-4.148375169792832
2396,467793,ARI,Carlos Santana,bat,-4.187369169724988
22207,669084,MIL,DL Hall,pit,-4.196870859384571
6984,472610,NYM,Luis Garcia,pit,-4.23604345076213
24607,680742,PHI,Jonathan Bowlan,pit,-4.2361678262316715
19753,642528,ARI,Jonathan Loaisiga,pit,-4.303380836601056
19274,657097,CHC,Jacob Webb,pit,-4.330935018113932
13675,621438,NYM,Tyrone Taylor,bat,-4.331145358272479
21741,665871,CHC,Javier Assad,pit,-4.353932963433683
17859,640470,NYM,Adbert Alzolay,pit,-4.359569831301225
13435,572955,CIN,Pierce Johnson,pit,-4.388584560696936
19261,641656,ATL,Ian Hamilton,pit,-4.3939967273614835
12317,607067,CHC,Colin Rea,pit,-4.419645157431119
24862,681676,STL,Ryan Fernandez,pit,-4.473381615165309
33174,682995,PIT,Hunter Barco,pit,-4.574287921046663
19444,670990,PIT,Yohan Ramirez,pit,-4.586105247822033
19349,657571,CIN,Caleb Ferguson,pit,-4.656611164552459
19867,656288,SDP,Griffin Canning,pit,-4.736449852329183
31913,802686,ATL,Hayden Harris,pit,-4.821339294255109
27482,690987,WSN,Robert Hassell III,bat,-4.85070226590281
26448,686790,SFG,Trevor McDonald,pit,-4.870405854342028
NA,823550,SDP,Sung-Mun Song,bat,-4.877270861185371
28142,691373,PIT,Jhostynxon Garcia,bat,-4.926273274068467
21853,666181,CIN,Will Benson,bat,-4.934618159789667
33527,694462,ATL,Hurston Waldrep,pit,-4.976848390907347
19222,669199,MIA,Lake Bachar,pit,-4.9888893424660905
19924,663542,NYM,Bryan Hudson,pit,-5.042552646628881
23779,677865,STL,Justin Bruihl,pit,-5.0592708837269775
24937,681810,NYM,Austin Warren,pit,-5.122234731530439
NA,690155,STL,Matthew Pushard,pit,-5.154038075609236
31972,695418,WSN,Brad Lord,pit,-5.172646682883464
6107,623211,NYM,Huascar Brazoban,pit,-5.202733447541098
29519,700669,STL,Gordon Graceffo,pit,-5.224841189437395
17022,624641,PHI,Edmundo Sosa,bat,-5.340725847027869
29615,679775,PHI,Kyle Backhus,pit,-5.353565258653985
15094,642239,MIL,Rob Zastryzny,pit,-5.3827944660367475
19337,663992,WSN,Richard Lovelady,pit,-5.383091663134484
17381,657424,SFG,Matt Gage,pit,-5.446103957096603
27514,669165,LAD,Kyle Hurt,pit,-5.5211647221504006
26191,669704,ARI,Kade Strowd,pit,-5.547821634686197
29107,699134,SDP,Bradgley Rodriguez,pit,-5.630248836062917
20629,663969,MIA,Tyler Phillips,pit,-5.640435293312918
33826,673513,SDP,Yuki Matsui,pit,-5.669595218195451
21646,665561,PHI,Rafael Marchan,bat,-5.676246859605179
21797,665953,WSN,Andres Chaparro,bat,-5.69102476050707
23429,676664,SDP,JP Sears,pit,-5.698304991566852
17611,664199,ARI,Taylor Clarke,pit,-5.6990722073905165
26108,669467,STL,Andre Pallante,pit,-5.750224309697989
27531,666152,MIL,David Hamilton,bat,-5.828754601643735
NA,694673,WSN,Abimelec Ortiz,bat,-5.8880967282580094
24930,681799,CHC,Ethan Roberts,pit,-5.890338551843295
24995,681895,PIT,Evan Sisk,pit,-5.946575992702116
27775,693312,CIN,Kyle Nicolas,pit,-5.977612120957252
31354,699625,STL,Jimmy Crooks,bat,-5.981877482044278
22051,667463,MIA,John King,pit,-5.998951677903103
17556,623474,COL,Jimmy Herget,pit,-6.002841682142619
23488,676760,SDP,Ron Marinaccio,pit,-6.072676509937242
NA,697811,NYM,Dylan Ross,pit,-6.1503038921541355
21951,666711,SFG,Joel Peguero,pit,-6.161505035589972
30240,690928,STL,Hunter Dobbins,pit,-6.179664444155555
30085,676508,LAD,Ben Casparius,pit,-6.217698631554398
19962,666214,ATL,Joey Wentz,pit,-6.241538334138955
21863,666277,STL,George Soriano,pit,-6.255311665128925
NA,691740,SFG,Daniel Susac,bat,-6.278590667157054
33568,805299,ARI,Brandyn Garcia,pit,-6.359006274243238
30161,692230,MIL,Carlos Rodriguez,pit,-6.365831930501713
NA,675660,MIL,Shane Drohan,pit,-6.380990609796774
27570,669371,WSN,Cole Henry,pit,-6.431954943643139
31363,688363,MIA,Graham Pauley,bat,-6.432705878236427
26440,687473,MIA,Ryan Gusto,pit,-6.4386147868304375
25501,687606,WSN,Paxton Schultz,pit,-6.444127279228435
23237,675848,COL,Juan Mejia,pit,-6.493889875057534
NA,691384,WSN,Luis Perales,pit,-6.499597504263594
33876,695076,CIN,Rhett Lowder,pit,-6.546370905999196
19754,665665,SFG,Reiver Sanmartin,pit,-6.552914196043217
31815,806188,MIA,Cade Gibson,pit,-6.612147346165345
30226,702352,SFG,Spencer Bivens,pit,-6.620110987659577
31701,694918,SFG,Blade Tidwell,pit,-6.736688305597439
26944,683618,LAD,Edgardo Henriquez,pit,-6.762558553837737
31635,806185,SFG,Hayden Birdsong,pit,-6.7654298876315035
17578,664141,SFG,JT Brubaker,pit,-6.776728438532113
20271,678226,ATL,Daysbel Hernandez,pit,-6.786695453520032
27649,683175,CIN,Connor Phillips,pit,-6.846052979111699
26215,671131,WSN,Jackson Rutledge,pit,-6.86375572099635
29542,701552,WSN,Andre Granillo,pit,-6.895903942902089
31500,690022,COL,Ryan Ritter,bat,-6.910444627874477
NA,676046,WSN,Griffin McGarry,pit,-6.941710374417414
30250,677955,COL,Jaden Hill,pit,-6.951968562132715
23426,676661,PHI,Max Lazar,pit,-6.973481909833545
31792,805249,PHI,Otto Kemp,bat,-7.007118440484501
19921,663368,MIL,Blake Perkins,bat,-7.068122143040524
20099,663978,MIA,Chris Paddack,pit,-7.120815974194118
24737,681402,WSN,Gus Varland,pit,-7.158740617006689
25332,682848,PIT,Endy Rodriguez,bat,-7.209832460636299
14874,594580,CIN,Sam Moll,pit,-7.246732955785655
31357,701675,STL,Nathan Church,bat,-7.254857115646564
16930,641680,ATL,Jonah Heim,bat,-7.277113117622218
15653,642086,ATL,Dominic Smith,bat,-7.3115688443579625
27787,694361,LAD,Will Klein,pit,-7.36054473964974
19614,672335,WSN,Cionel Perez,pit,-7.444031752683603
27636,680730,WSN,Mitchell Parker,pit,-7.45214381938346
NA,685112,PHI,Zachary McCambley,pit,-7.491910386213524
31991,804668,PIT,Rafael Flores,bat,-7.504408298438275
NA,687273,STL,Quinn Mathews,pit,-7.529894189200148
NA,683679,SFG,Jesus Rodriguez,bat,-7.709447477278678
29628,689690,SDP,Alek Jacob,pit,-7.719725770062404
25714,688760,COL,Blaine Crim,bat,-7.740304172721318
31261,688297,STL,Chris Roycroft,pit,-7.782440866926786
18413,664353,PIT,Jose Urquidy,pit,-7.876722240073057
29914,674841,WSN,Andrew Alvarez,pit,-7.882406166229506
9803,571945,WSN,Miles Mikolas,pit,-7.895471441569855
21780,665923,MIA,Esteury Ruiz,bat,-7.914573188274323
28253,691594,MIA,Javier Sanoja,bat,-7.942361199742585
27577,669477,SFG,Casey Schmitt,bat,-8.006721553219052
21544,663767,PHI,Chase Shugart,pit,-8.02833706701967
23691,677588,WSN,Jose Tena,bat,-8.051487563867157
6902,527048,ATL,Martin Perez,pit,-8.075596287491257
12808,605182,PIT,Mike Clevinger,pit,-8.091176539353595
NA,684049,PIT,Brandan Bidois,pit,-8.101169338633824
26467,682641,SFG,Luis Matos,bat,-8.128314748377546
18217,664954,COL,Brett Sullivan,bat,-8.145268452064128
16835,657514,COL,Brennan Bernardino,pit,-8.223241961089876
NA,696275,COL,Robert Petit,pit,-8.253560707549745
27883,695336,STL,Thomas Saggese,bat,-8.299317917813847
19795,624522,COL,Keegan Thompson,pit,-8.315137819178371
NA,814439,ARI,Ryan Waldschmidt,bat,-8.374909741481664
19864,656180,WSN,Riley Adams,bat,-8.447435019637357
NA,691725,PHI,Andrew Painter,pit,-8.45193271747893
17273,622761,ATL,Jorge Mateo,bat,-8.570444073248014
33252,691720,COL,Kyle Karros,bat,-8.586672943568548
19346,642201,ATL,Eli White,bat,-8.587861314244039
11850,592122,CHC,Tyler Austin,bat,-8.740814418553475
18067,596117,PHI,Garrett Stubbs,bat,-8.755204521614838
27770,691728,COL,Zac Veen,bat,-8.812438691021088
21504,663623,WSN,Jake Irvin,pit,-8.820462737690919
22217,669134,SDP,Luis Campusano,bat,-8.865874394118944
NA,809707,COL,Charles Condon,bat,-8.91309293653382
15674,624512,MIL,Reese McGuire,bat,-8.957525896416229
14111,606992,SFG,Eric Haase,bat,-8.957525896416229
29514,689981,LAD,River Ryan,pit,-9.035808628264661
19296,669743,LAD,Alex Call,bat,-9.055688793939604
21746,665877,STL,Jose Fermin,bat,-9.076684842081432
NA,660710,SDP,Rodolfo Durán,bat,-9.115004165764944
NA,691620,MIL,Jeferson Quero,bat,-9.115004165764944
23790,677943,CIN,Will Banfield,bat,-9.115004165764944
21489,663584,NYM,Hayden Senger,bat,-9.115004165764944
18887,664874,LAD,Seby Zavala,bat,-9.115004165764944
20287,666163,NYM,Ben Rortvedt,bat,-9.207258628765523
12158,605131,NYM,Austin Barnes,bat,-9.264891705342398
7802,500743,LAD,Miguel Rojas,bat,-9.34366609128364
31552,688642,COL,Zach Agnos,pit,-9.396700799348306
25463,682227,CIN,Brandon Williamson,pit,-9.554187689359207
33294,678020,COL,Seth Halvorsen,pit,-9.57676503123847
23479,676742,PIT,Cam Sanders,pit,-9.639010109376926
20002,669369,SDP,Bryce Johnson,bat,-9.68363981176099
31396,682988,ARI,Tyler Locklear,bat,-9.684125668123595
35322,808975,LAD,Hyeseong Kim,bat,-9.774980414982439
24719,681190,SDP,Randy Vasquez,pit,-9.885979079410069
NA,702518,MIL,Jett Williams,bat,-9.947180384053294
27669,685299,COL,Tanner Gordon,pit,-10.05910822318429
24580,680686,WSN,Josiah Gray,pit,-10.301380494442608
30170,695534,CIN,Chase Petty,pit,-10.326862995491425
29571,694374,ARI,Tim Tawa,bat,-10.353223682362636
21871,666464,SFG,Jerar Encarnacion,bat,-10.446720324814606
24336,679032,PHI,Johan Rojas,bat,-10.459540683202322
31545,687551,SFG,Drew Gilbert,bat,-11.024495551630713
23698,677595,NYM,Ronny Mauricio,bat,-11.130570708665354
27690,686894,WSN,Joey Wiemer,bat,-11.322696100231308
10472,571771,LAD,Enrique Hernandez,bat,-11.379574964570208
15274,643565,NYM,Mike Tauchman,bat,-11.449266393249017
23968,678489,ARI,Jorge Barrosa,bat,-11.70359701659821
16376,624424,CHC,Michael Conforto,bat,-11.754570700067417
25660,686823,SFG,Will Brennan,bat,-11.854136072226225
19566,663993,CIN,Nathaniel Lowe,bat,-11.944893382103094
NA,681198,COL,Toby Rumfield,bat,-12.01076516822265
19599,676801,CHC,Chas McCormick,bat,-12.048146145935018
15038,608566,SDP,German Marquez,pit,-12.13089111900447
18042,664238,PHI,Dylan Moore,bat,-12.168604587422207
11836,592836,PHI,Taijuan Walker,pit,-12.222959798721158
12160,592325,ATL,Ben Gamel,bat,-12.404073256287262
27504,694377,PIT,Nick Yorke,bat,-12.513549504687246
29554,680728,ARI,Adrian Del Castillo,bat,-12.57059444575083
23359,676369,STL,Nelson Velazquez,bat,-12.758673659084423
13324,545121,ARI,Ildemaro Vargas,bat,-12.820592534271846
16256,607536,COL,Kyle Freeland,pit,-13.172741548894033
20126,666185,CHC,Dylan Carlson,bat,-13.275522200026414
21496,663604,MIL,Brandon Lockridge,bat,-13.37725213122911
NA,691277,MIA,Deyvison De Los Santos,bat,-13.49595827009348
27781,694175,PHI,Pedro Leon,bat,-13.518497268212588
NA,687282,PHI,Gabriel Rincones,bat,-13.549825045339052
29487,694362,CIN,Blake Dunn,bat,-13.581152822465508
NA,663494,STL,Bryan Torres,bat,-13.614619479130349
22197,669004,NYM,MJ Melendez,bat,-13.635321844176515
35321,608372,COL,Tomoyuki Sugano,pit,-13.67090344836884
27963,691185,MIA,Maximo Acosta,bat,-13.791405600300907
27962,691182,COL,Adael Amador,bat,-13.84308486253816
21446,663372,COL,Ryan Feltner,pit,-13.94402970010845
11423,500779,COL,Jose Quintana,pit,-13.987162195230084
NA,694514,COL,Sterlin Thompson,bat,-14.075010566879156
NA,695491,STL,Joshua Baez,bat,-14.118703728453664
NA,694371,ARI,Thomas Troy,bat,-14.142133469300203
14843,547179,COL,Michael Lorenzen,pit,-14.211001456581853
27493,677956,CIN,Rece Hinds,bat,-14.23248883622786
19997,669289,LAD,Santiago Espinal,bat,-14.340849305502282
29949,672012,MIL,Tyler Black,bat,-14.340976431593676
NA,805795,PHI,Aidan Miller,bat,-14.346768955089294
27653,683766,SFG,Christian Koss,bat,-14.38937644217574
19262,641658,CIN,Garrett Hampson,bat,-14.45433695269173
22168,668731,MIL,Akil Baddoo,bat,-14.482625261628463
25971,682634,CHC,Kevin Alcantara,bat,-14.568122060465933
NA,694580,MIA,Riley Alderman,bat,-14.59944983759239
26149,666150,PIT,Dominic Fletcher,bat,-14.59944983759239
17027,657077,SDP,Alex Verdugo,bat,-14.59944983759239
NA,681047,WSN,Christian Franklin,bat,-14.632512801205921
NA,699302,CIN,Héctor Rodríguez,bat,-14.684946636429855
18821,640492,ATL,Jose Azocar,bat,-14.684946636429855
19600,650559,PHI,Bryan De La Cruz,bat,-14.712810358690449
31665,690976,LAD,Alex Freeland,bat,-14.775481385776265
15429,592178,COL,Kris Bryant,bat,-14.807272700212165
NA,689288,STL,Matthew Koperniak,bat,-14.862697898267903
NA,691775,NYM,Ryan Clifford,bat,-14.93467936877915
NA,677565,ARI,Kristian Robinson,bat,-14.93467936877915
NA,669899,LAD,Ryan Ward,bat,-14.93467936877915
29573,695257,PIT,Billy Cook,bat,-14.93467936877915
25690,687529,SFG,Grant McCray,bat,-14.93467936877915
25005,681909,CHC,Justin Dean,bat,-14.93467936877915
22766,672642,MIL,Steward Berroa,bat,-14.93467936877915
22557,672279,LAD,Michael Siani,bat,-14.93467936877915
22274,669392,SDP,Samad Taylor,bat,-14.93467936877915
20404,676724,NYM,Jared Young,bat,-14.93467936877915
19948,665506,NYM,Cristian Pache,bat,-14.93467936877915
17982,664034,SDP,Ty France,bat,-14.968855274901868
27735,689172,ATL,Brett Wisely,bat,-14.97780276057766
NA,695490,CIN,Edwin Arroyo,bat,-14.985718690778768
25967,682619,WSN,Orelvis Martinez,bat,-15.17997458343525
27497,682997,PIT,Tyler Callihan,bat,-15.429856867728347
33482,801403,COL,Chase Dollander,pit,-15.491864658001525
20536,660644,NYM,Vidal Brujan,bat,-15.509754268440695
22232,669200,SDP,Mason McCoy,bat,-15.542817232054222
27845,670223,WSN,Matt Mervis,bat,-15.578387651401265
19339,670032,COL,Nicky Lopez,bat,-15.654867153341353
14813,571657,ATL,Kyle Farmer,bat,-15.688330273727065
26208,666149,SFG,Tyler Fitzgerald,bat,-15.763351212428034
NA,691858,MIA,Jared Serna,bat,-15.80129063805294
NA,691002,WSN,Yohandy Morales,bat,-15.836199913300025
31567,702358,WSN,Trey Lipscomb,bat,-15.918115214016868
NA,701496,CHC,Benjamin Cowles,bat,-15.990096684528112
16417,642727,WSN,Sergio Alcantara,bat,-15.990096684528112
NA,696140,MIL,Ethan Murray,bat,-16.167847946366162
29634,695238,SDP,Will Wagner,bat,-16.20622127647912
NA,701649,CHC,James Triantos,bat,-16.244097321566763
NA,675085,CHC,Jonathon Long,bat,-16.250979275204894
30011,687952,CIN,Christian Encarnacion-Strand,bat,-16.250979275204894
30163,693409,STL,Cesar Prieto,bat,-16.507345382242274
21716,665839,PIT,Enmanuel Valdez,bat,-16.586208806391653
NA,691021,ARI,Aaron Vukovich,bat,-16.593884642889815
NA,694385,MIL,Brock Wilken,bat,-16.669159722698293
17684,605353,COL,Vimael Machin,bat,-17.149651690729513
20538,669304,SDP,Jose Miranda,bat,-17.412899751405025
31765,805373,ATL,Nacho Alvarez Jr.,bat,-17.48488122191627
26469,673995,PIT,Davis Wendzel,bat,-17.48488122191627
15488,622608,COL,Antonio Senzatela,pit,-18.82688436781365
