Player,...2,...3,Contract,Salary,Owner
NA,NA,NA,NA,NA,MELONHEADS
NA,NA,NA,NA,NA,MELONHEADS
NA,NA,NA,NA,NA,MELONHEADS
NA,NA,NA,NA,NA,MELONHEADS
NA,NA,NA,NA,NA,MELONHEADS
NA,NA,NA,NA,NA,MELONHEADS
NA,NA,NA,NA,NA,MELONHEADS
NA,NA,NA,NA,NA,MELONHEADS
NA,NA,NA,NA,NA,MELONHEADS
NA,NA,NA,NA,NA,MELONHEADS
NA,NA,NA,NA,NA,MELONHEADS
NA,NA,NA,NA,NA,MELONHEADS
NA,NA,NA,NA,NA,MELONHEADS
NA,NA,NA,NA,NA,MELONHEADS
NA,NA,NA,NA,NA,MELONHEADS
NA,NA,NA,NA,NA,NATIONAL PASTIME
NA,NA,NA,NA,NA,NATIONAL PASTIME
NA,NA,NA,NA,NA,NATIONAL PASTIME
NA,NA,NA,NA,NA,NATIONAL PASTIME
NA,NA,NA,NA,NA,NATIONAL PASTIME
NA,NA,NA,NA,NA,NATIONAL PASTIME
NA,NA,NA,NA,NA,NATIONAL PASTIME
NA,NA,NA,NA,NA,NATIONAL PASTIME
NA,NA,NA,NA,NA,NATIONAL PASTIME
NA,NA,NA,NA,NA,NATIONAL PASTIME
NA,NA,NA,NA,NA,NATIONAL PASTIME
NA,NA,NA,NA,NA,NATIONAL PASTIME
NA,NA,NA,NA,NA,NATIONAL PASTIME
NA,NA,NA,NA,NA,NATIONAL PASTIME
NA,NA,NA,NA,NA,NATIONAL PASTIME
NA,NA,NA,NA,NA,WESTSIDE MARAUDERS
NA,NA,NA,NA,NA,WESTSIDE MARAUDERS
NA,NA,NA,NA,NA,WESTSIDE MARAUDERS
NA,NA,NA,NA,NA,WESTSIDE MARAUDERS
NA,NA,NA,NA,NA,WESTSIDE MARAUDERS
NA,NA,NA,NA,NA,WESTSIDE MARAUDERS
NA,NA,NA,NA,NA,WESTSIDE MARAUDERS
NA,NA,NA,NA,NA,WESTSIDE MARAUDERS
NA,NA,NA,NA,NA,WESTSIDE MARAUDERS
NA,NA,NA,NA,NA,WESTSIDE MARAUDERS
NA,NA,NA,NA,NA,WESTSIDE MARAUDERS
NA,NA,NA,NA,NA,WESTSIDE MARAUDERS
NA,NA,NA,NA,NA,WESTSIDE MARAUDERS
NA,NA,NA,NA,NA,WESTSIDE MARAUDERS
NA,NA,NA,NA,NA,WESTSIDE MARAUDERS
NA,NA,NA,NA,NA,FREE BIRDS
NA,NA,NA,NA,NA,FREE BIRDS
NA,NA,NA,NA,NA,FREE BIRDS
NA,NA,NA,NA,NA,FREE BIRDS
NA,NA,NA,NA,NA,FREE BIRDS
NA,NA,NA,NA,NA,FREE BIRDS
NA,NA,NA,NA,NA,FREE BIRDS
NA,NA,NA,NA,NA,FREE BIRDS
NA,NA,NA,NA,NA,FREE BIRDS
NA,NA,NA,NA,NA,FREE BIRDS
NA,NA,NA,NA,NA,FREE BIRDS
NA,NA,NA,NA,NA,FREE BIRDS
NA,NA,NA,NA,NA,FREE BIRDS
NA,NA,NA,NA,NA,FREE BIRDS
NA,NA,NA,NA,NA,FREE BIRDS
NA,NA,NA,NA,NA,ERIE LAKERS
NA,NA,NA,NA,NA,ERIE LAKERS
NA,NA,NA,NA,NA,ERIE LAKERS
NA,NA,NA,NA,NA,ERIE LAKERS
NA,NA,NA,NA,NA,ERIE LAKERS
NA,NA,NA,NA,NA,ERIE LAKERS
NA,NA,NA,NA,NA,ERIE LAKERS
NA,NA,NA,NA,NA,ERIE LAKERS
NA,NA,NA,NA,NA,ERIE LAKERS
NA,NA,NA,NA,NA,ERIE LAKERS
NA,NA,NA,NA,NA,LOUISVILLE SLUGGERS
NA,NA,NA,NA,NA,LOUISVILLE SLUGGERS
NA,NA,NA,NA,NA,LOUISVILLE SLUGGERS
NA,NA,NA,NA,NA,LOUISVILLE SLUGGERS
NA,NA,NA,NA,NA,LOUISVILLE SLUGGERS
NA,NA,NA,NA,NA,LOUISVILLE SLUGGERS
NA,NA,NA,NA,NA,LOUISVILLE SLUGGERS
NA,NA,NA,NA,NA,LOUISVILLE SLUGGERS
NA,NA,NA,NA,NA,LOUISVILLE SLUGGERS
NA,NA,NA,NA,NA,LOUISVILLE SLUGGERS
NA,NA,NA,NA,NA,LOUISVILLE SLUGGERS
NA,NA,NA,NA,NA,FREE AT LAST
NA,NA,NA,NA,NA,FREE AT LAST
NA,NA,NA,NA,NA,FREE AT LAST
NA,NA,NA,NA,NA,FREE AT LAST
NA,NA,NA,NA,NA,FREE AT LAST
NA,NA,NA,NA,NA,FREE AT LAST
NA,NA,NA,NA,NA,FREE AT LAST
NA,NA,NA,NA,NA,FREE AT LAST
NA,NA,NA,NA,NA,FREE AT LAST
NA,NA,NA,NA,NA,FREE AT LAST
NA,NA,NA,NA,NA,FREE AT LAST
NA,NA,NA,NA,NA,FREE AT LAST
NA,NA,NA,NA,NA,FREE AT LAST
NA,NA,NA,NA,NA,FREE AT LAST
NA,NA,NA,NA,NA,FREE AT LAST
NA,NA,NA,NA,NA,HOOSIERS
NA,NA,NA,NA,NA,HOOSIERS
NA,NA,NA,NA,NA,HOOSIERS
NA,NA,NA,NA,NA,HOOSIERS
NA,NA,NA,NA,NA,HOOSIERS
NA,NA,NA,NA,NA,HOOSIERS
NA,NA,NA,NA,NA,HOOSIERS
NA,NA,NA,NA,NA,HOOSIERS
NA,NA,NA,NA,NA,HOOSIERS
NA,NA,NA,NA,NA,HOOSIERS
NA,NA,NA,NA,NA,HOOSIERS
NA,NA,NA,NA,NA,HOOSIERS
NA,NA,NA,NA,NA,BIG RED MACHINE
NA,NA,NA,NA,NA,BIG RED MACHINE
NA,NA,NA,NA,NA,BIG RED MACHINE
NA,NA,NA,NA,NA,BIG RED MACHINE
NA,NA,NA,NA,NA,BIG RED MACHINE
NA,NA,NA,NA,NA,BIG RED MACHINE
NA,NA,NA,NA,NA,BIG RED MACHINE
NA,NA,NA,NA,NA,BIG RED MACHINE
NA,NA,NA,NA,NA,BIG RED MACHINE
NA,NA,NA,NA,NA,BIG RED MACHINE
NA,NA,NA,NA,NA,BIG RED MACHINE
NA,NA,NA,NA,NA,BIG RED MACHINE
NA,NA,NA,NA,NA,BIG RED MACHINE
NA,NA,NA,NA,NA,BIG RED MACHINE
NA,NA,NA,NA,NA,BIG RED MACHINE
NA,NA,NA,NA,NA,BLUE SOCKS
NA,NA,NA,NA,NA,BLUE SOCKS
NA,NA,NA,NA,NA,BLUE SOCKS
NA,NA,NA,NA,NA,BLUE SOCKS
NA,NA,NA,NA,NA,BLUE SOCKS
NA,NA,NA,NA,NA,BLUE SOCKS
NA,NA,NA,NA,NA,BLUE SOCKS
NA,NA,NA,NA,NA,BLUE SOCKS
NA,NA,NA,NA,NA,BLUE SOCKS
NA,NA,NA,NA,NA,BLUE SOCKS
NA,NA,NA,NA,NA,BLUE SOCKS
NA,NA,NA,NA,NA,BLUE SOCKS
NA,NA,NA,NA,NA,BLUE SOCKS
NA,NA,NA,NA,NA,BLUE SOCKS
NA,NA,NA,NA,NA,BLUE SOCKS
