PLAYER,C,1B,2B,3B,SS,LF,CF,RF,DH,SP,RP
Shohei Ohtani,0,0,0,0,0,0,0,0,1,1,0
Paul Skenes,0,0,0,0,0,0,0,0,0,1,0
Juan Soto,0,0,0,0,0,1,1,1,1,0,0
Kyle Tucker,0,0,0,0,0,1,1,1,1,0,0
Ketel Marte,0,0,1,0,0,0,0,0,1,0,0
Ronald Acuna Jr.,0,0,0,0,0,1,1,1,1,0,0
Fernando Tatis Jr.,0,0,0,0,0,1,1,1,1,0,0
Yoshinobu Yamamoto,0,0,0,0,0,0,0,0,0,1,0
Corbin Carroll,0,0,0,0,0,1,1,1,1,0,0
Logan Webb,0,0,0,0,0,0,0,0,0,1,0
Kyle Schwarber,0,0,0,0,0,0,0,0,1,0,0
Manny Machado,0,0,0,1,0,0,0,0,1,0,0
Francisco Lindor,0,0,0,0,1,0,0,0,1,0,0
Cristopher Sanchez,0,0,0,0,0,0,0,0,0,1,0
Alex Bregman,0,0,0,1,0,0,0,0,1,0,0
William Contreras,1,0,0,0,0,0,0,0,1,0,0
Freddy Peralta,0,0,0,0,0,0,0,0,0,1,0
Chris Sale,0,0,0,0,0,0,0,0,0,1,0
Mason Miller,0,0,0,0,0,0,0,0,0,0,1
Hunter Greene,0,0,0,0,0,0,0,0,0,1,0
Edwin Diaz,0,0,0,0,0,0,0,0,0,0,1
Jhoan Duran,0,0,0,0,0,0,0,0,0,0,1
Jesus Luzardo,0,0,0,0,0,0,0,0,0,1,0
Nico Hoerner,0,0,1,0,0,0,0,0,1,0,0
Jackson Chourio,0,0,0,0,0,1,1,1,1,0,0
Mookie Betts,0,0,0,0,1,0,0,0,1,0,0
Elly De La Cruz,0,0,0,0,1,0,0,0,1,0,0
Nick Pivetta,0,0,0,0,0,0,0,0,0,1,0
Blake Snell,0,0,0,0,0,0,0,0,0,1,0
Devin Williams,0,0,0,0,0,0,0,0,0,0,1
Jackson Merrill,0,0,0,0,0,1,1,1,1,0,0
Dylan Cease,0,0,0,0,0,0,0,0,0,1,0
Austin Riley,0,0,0,1,0,0,0,0,1,0,0
Geraldo Perdomo,0,0,0,0,1,0,0,0,1,0,0
Zack Wheeler,0,0,0,0,0,0,0,0,0,1,0
Raisel Iglesias,0,0,0,0,0,0,0,0,0,0,1
Pete Crow-Armstrong,0,0,0,0,0,1,1,1,1,0,0
Ozzie Albies,0,0,1,0,0,0,0,0,1,0,0
Christian Yelich,0,0,0,0,0,0,0,0,1,0,0
Brice Turang,0,0,1,0,0,0,0,0,1,0,0
Matt Olson,0,1,0,0,0,0,0,0,1,0,0
Spencer Strider,0,0,0,0,0,0,0,0,0,1,0
Brandon Woodruff,0,0,0,0,0,0,0,0,0,1,0
Seiya Suzuki,0,0,0,0,0,1,1,1,1,0,0
Pete Alonso,0,1,0,0,0,0,0,0,1,0,0
Bryce Harper,0,1,0,0,0,0,0,0,1,0,0
Rafael Devers,0,1,0,0,0,0,0,0,1,0,0
James Wood,0,0,0,0,0,1,1,1,1,0,0
Will Smith,1,0,0,0,0,0,0,0,1,0,0
Trea Turner,0,0,0,0,1,0,0,0,1,0,0
Trevor Megill,0,0,0,0,0,0,0,0,0,0,1
Chase Burns,0,0,0,0,0,0,0,0,0,1,0
Freddie Freeman,0,1,0,0,0,0,0,0,1,0,0
Tyler Glasnow,0,0,0,0,0,0,0,0,0,1,0
Pete Fairbanks,0,0,0,0,0,0,0,0,0,0,1
Drake Baldwin,1,0,0,0,0,0,0,0,1,0,0
Eury Perez,0,0,0,0,0,0,0,0,0,1,0
Ian Happ,0,0,0,0,0,1,1,1,1,0,0
Jurickson Profar,0,0,0,0,0,1,1,1,1,0,0
Matt Chapman,0,0,0,1,0,0,0,0,1,0,0
Emilio Pagan,0,0,0,0,0,0,0,0,0,0,1
Ryan Helsley,0,0,0,0,0,0,0,0,0,0,1
Agustin Ramirez,1,0,0,0,0,0,0,0,1,0,0
Marcus Semien,0,0,1,0,0,0,0,0,1,0,0
Jacob Misiorowski,0,0,0,0,0,0,0,0,0,1,0
Eugenio Suarez,0,0,0,1,0,0,0,0,1,0,0
Daniel Palencia,0,0,0,0,0,0,0,0,0,0,1
Emmet Sheehan,0,0,0,0,0,0,0,0,0,1,0
Bo Bichette,0,0,0,0,1,0,0,0,1,0,0
Nick Lodolo,0,0,0,0,0,0,0,0,0,1,0
Zac Gallen,0,0,0,0,0,0,0,0,0,1,0
Michael King,0,0,0,0,0,0,0,0,0,1,0
Ranger Suarez,0,0,0,0,0,0,0,0,0,1,0
Willy Adames,0,0,0,0,1,0,0,0,1,0,0
Andy Pages,0,0,0,0,0,1,1,1,1,0,0
Bryson Stott,0,0,1,0,0,0,0,0,1,0,0
Brandon Lowe,0,0,1,0,0,0,0,0,1,0,0
Teoscar Hernandez,0,0,0,0,0,1,1,1,1,0,0
Nolan McLean,0,0,0,0,0,0,0,0,0,1,0
Bryan Reynolds,0,0,0,0,0,1,1,1,1,0,0
Luis Garcia Jr.,0,0,1,0,0,0,0,0,1,0,0
Brendan Donovan,0,0,1,0,0,0,0,0,1,0,0
MacKenzie Gore,0,0,0,0,0,0,0,0,0,1,0
Matthew Boyd,0,0,0,0,0,0,0,0,0,1,0
Michael Harris II,0,0,0,0,0,1,1,1,1,0,0
Oneil Cruz,0,0,0,0,0,1,1,1,1,0,0
Caleb Durbin,0,0,0,1,0,0,0,0,1,0,0
Robbie Ray,0,0,0,0,0,0,0,0,0,1,0
Sandy Alcantara,0,0,0,0,0,0,0,0,0,1,0
Abner Uribe,0,0,0,0,0,0,0,0,0,0,1
Andrew Abbott,0,0,0,0,0,0,0,0,0,1,0
Hunter Goodman,1,0,0,0,0,0,0,0,1,0,0
CJ Abrams,0,0,0,0,1,0,0,0,1,0,0
Alec Burleson,0,1,0,0,0,1,1,1,1,0,0
Shota Imanaga,0,0,0,0,0,0,0,0,0,1,0
Merrill Kelly,0,0,0,0,0,0,0,0,0,1,0
Alec Bohm,0,0,0,1,0,0,0,0,1,0,0
Aaron Nola,0,0,0,0,0,0,0,0,0,1,0
Max Muncy,0,0,0,1,0,0,0,0,1,0,0
Jakob Marsee,0,0,0,0,0,1,1,1,1,0,0
Ryan Walker,0,0,0,0,0,0,0,0,0,0,1
Xavier Edwards,0,0,1,0,1,0,0,0,1,0,0
Sal Frelick,0,0,0,0,0,1,1,1,1,0,0
Cade Horton,0,0,0,0,0,0,0,0,0,1,0
Edward Cabrera,0,0,0,0,0,0,0,0,0,1,0
Noelvi Marte,0,0,0,1,0,1,1,1,1,0,0
Bubba Chandler,0,0,0,0,0,0,0,0,0,1,0
Robert Suarez,0,0,0,0,0,0,0,0,0,0,1
Joe Musgrove,0,0,0,0,0,0,0,0,0,1,0
Jorge Polanco,0,0,1,0,0,0,0,0,1,0,0
Jung Hoo Lee,0,0,0,0,0,1,1,1,1,0,0
Dennis Santana,0,0,0,0,0,0,0,0,0,0,1
Otto Lopez,0,0,1,0,1,0,0,0,1,0,0
Jeremiah Estrada,0,0,0,0,0,0,0,0,0,0,1
Jake Cronenworth,0,0,1,0,0,0,0,0,1,0,0
Marcell Ozuna,0,0,0,0,0,0,0,0,1,0,0
Kyle Stowers,0,0,0,0,0,1,1,1,1,0,0
Dansby Swanson,0,0,0,0,1,0,0,0,1,0,0
Daylen Lile,0,0,0,0,0,1,1,1,1,0,0
Brady Singer,0,0,0,0,0,0,0,0,0,1,0
Kodai Senga,0,0,0,0,0,0,0,0,0,1,0
TJ Friedl,0,0,0,0,0,1,1,1,1,0,0
Kyle Finnegan,0,0,0,0,0,0,0,0,0,0,1
Xander Bogaerts,0,0,0,0,1,0,0,0,1,0,0
Mitch Keller,0,0,0,0,0,0,0,0,0,1,0
Ryan O'Hearn,0,1,0,0,0,1,1,1,1,0,0
Matt McLain,0,0,1,0,0,0,0,0,1,0,0
Luke Weaver,0,0,0,0,0,0,0,0,0,0,1
Luis Robert Jr.,0,0,0,0,0,1,1,1,1,0,0
Nolan Arenado,0,0,0,1,0,0,0,0,1,0,0
Gabriel Moreno,1,0,0,0,0,0,0,0,1,0,0
Adolis Garcia,0,0,0,0,0,1,1,1,1,0,0
Tanner Scott,0,0,0,0,0,0,0,0,0,0,1
Riley O'Brien,0,0,0,0,0,0,0,0,0,0,1
Sean Manaea,0,0,0,0,0,0,0,0,0,1,0
Jeff McNeil,0,0,1,0,0,1,1,1,1,0,0
Ivan Herrera,0,0,0,0,0,0,0,0,1,0,0
Adrian Morejon,0,0,0,0,0,0,0,0,0,0,1
Tommy Edman,0,0,1,0,0,1,1,1,1,0,0
Logan Henderson,0,0,0,0,0,0,0,0,0,1,0
JoJo Romero,0,0,0,0,0,0,0,0,0,0,1
Heliot Ramos,0,0,0,0,0,1,1,1,1,0,0
Clay Holmes,0,0,0,0,0,0,0,0,0,1,0
David Peterson,0,0,0,0,0,0,0,0,0,1,0
Roki Sasaki,0,0,0,0,0,0,0,0,0,1,0
Spencer Schwellenbach,0,0,0,0,0,0,0,0,0,1,0
Andrew Kittredge,0,0,0,0,0,0,0,0,0,0,1
Michael Busch,0,1,0,0,0,0,0,0,1,0,0
Jameson Taillon,0,0,0,0,0,0,0,0,0,1,0
Dylan Crews,0,0,0,0,0,1,1,1,1,0,0
Cedric Mullins,0,0,0,0,0,1,1,1,1,0,0
Phil Maton,0,0,0,0,0,0,0,0,0,0,1
Willi Castro,0,0,1,1,0,1,1,1,1,0,0
Ryne Nelson,0,0,0,0,0,0,0,0,0,1,1
Brenton Doyle,0,0,0,0,0,1,1,1,1,0,0
Sal Stewart,0,1,0,1,0,0,0,0,1,0,0
Luis Arraez,0,1,0,0,0,0,0,0,1,0,0
Matt Shaw,0,0,0,1,0,0,0,0,1,0,0
Quinn Priester,0,0,0,0,0,0,0,0,0,1,0
Brad Keller,0,0,0,0,0,0,0,0,0,0,1
Ramon Laureano,0,0,0,0,0,1,1,1,1,0,0
Lars Nootbaar,0,0,0,0,0,1,1,1,1,0,0
Tony Santillan,0,0,0,0,0,0,0,0,0,0,1
Brandon Pfaadt,0,0,0,0,0,0,0,0,0,1,0
Ezequiel Tovar,0,0,0,0,1,0,0,0,1,0,0
J.T. Realmuto,1,0,0,0,0,0,0,0,1,0,0
Braxton Ashcraft,0,0,0,0,0,0,0,0,0,1,1
Mickey Moniak,0,0,0,0,0,1,1,1,1,0,0
Andrew Painter,0,0,0,0,0,0,0,0,0,1,0
Justin Steele,0,0,0,0,0,0,0,0,0,1,0
Calvin Faucher,0,0,0,0,0,0,0,0,0,0,1
Masyn Winn,0,0,0,0,1,0,0,0,1,0,0
Tyler Rogers,0,0,0,0,0,0,0,0,0,0,1
Mark Vientos,0,0,0,1,0,0,0,0,1,0,0
Victor Vodnik,0,0,0,0,0,0,0,0,0,0,1
Zack Littell,0,0,0,0,0,0,0,0,0,1,0
Chad Patrick,0,0,0,0,0,0,0,0,0,1,0
Alex Vesia,0,0,0,0,0,0,0,0,0,0,1
Connor Norby,0,0,0,1,0,0,0,0,1,0,0
JJ Wetherholt,0,0,1,0,1,0,0,0,1,0,0
Kyle Leahy,0,0,0,0,0,0,0,0,0,0,1
Kevin Ginkel,0,0,0,0,0,0,0,0,0,0,1
Braxton Garrett,0,0,0,0,0,0,0,0,0,1,0
Mike Burrows,0,0,0,0,0,0,0,0,0,1,0
Francisco Alvarez,1,0,0,0,0,0,0,0,1,0,0
Willson Contreras,0,1,0,0,0,0,0,0,1,0,0
Jared Jones,0,0,0,0,0,0,0,0,0,1,0
Gavin Sheets,0,0,0,0,0,1,1,1,1,0,0
Carson Kelly,1,0,0,0,0,0,0,0,1,0,0
Luis Rengifo,0,0,1,1,0,0,0,0,1,0,0
Spencer Steer,0,1,0,0,0,0,0,0,1,0,0
Hurston Waldrep,0,0,0,0,0,0,0,0,0,1,0
Brandon Marsh,0,0,0,0,0,1,1,1,1,0,0
Harrison Bader,0,0,0,0,0,1,1,1,1,0,0
Matt Svanson,0,0,0,0,0,0,0,0,0,0,1
Mike Yastrzemski,0,0,0,0,0,1,1,1,1,0,0
Ryan Weathers,0,0,0,0,0,0,0,0,0,1,0
Tyler Mahle,0,0,0,0,0,0,0,0,0,1,0
Tyler Stephenson,1,0,0,0,0,0,0,0,1,0,0
Aaron Ashby,0,0,0,0,0,0,0,0,0,0,1
Dustin May,0,0,0,0,0,0,0,0,0,1,0
Keibert Ruiz,1,0,0,0,0,0,0,0,1,0,0
Brett Baty,0,0,1,1,0,0,0,0,1,0,0
Austin Hays,0,0,0,0,0,1,1,1,1,0,0
Reynaldo Lopez,0,0,0,0,0,0,0,0,0,1,0
Jonah Tong,0,0,0,0,0,0,0,0,0,1,0
Dylan Lee,0,0,0,0,0,0,0,0,0,0,1
Robby Snelling,0,0,0,0,0,0,0,0,0,1,0
Seth Halvorsen,0,0,0,0,0,0,0,0,0,0,1
Carson Benge,0,0,0,0,0,1,1,1,1,0,0
Clayton Beeter,0,0,0,0,0,0,0,0,0,0,1
Orion Kerkering,0,0,0,0,0,0,0,0,0,0,1
Jose Alvarado,0,0,0,0,0,0,0,0,0,0,1
Jordan Beck,0,0,0,0,0,1,1,1,1,0,0
Cade Cavalli,0,0,0,0,0,0,0,0,0,1,0
Isaac Collins,0,0,0,0,0,1,1,1,1,0,0
Jason Adam,0,0,0,0,0,0,0,0,0,0,1
A.J. Minter,0,0,0,0,0,0,0,0,0,0,1
Jack Dreyer,0,0,0,0,0,0,0,0,0,1,1
Sean Murphy,1,0,0,0,0,0,0,0,1,0,0
Jared Koenig,0,0,0,0,0,0,0,0,0,0,1
Michael McGreevy,0,0,0,0,0,0,0,0,0,1,0
Michael Soroka,0,0,0,0,0,0,0,0,0,1,0
Isaac Mattson,0,0,0,0,0,0,0,0,0,0,1
Caleb Thielbar,0,0,0,0,0,0,0,0,0,0,1
Colin Rea,0,0,0,0,0,0,0,0,0,1,0
Miguel Andujar,0,0,0,1,0,1,1,1,1,0,0
Brooks Raley,0,0,0,0,0,0,0,0,0,0,1
Grant Holmes,0,0,0,0,0,0,0,0,0,1,0
Nick Martinez,0,0,0,0,0,0,0,0,0,1,1
Anthony Bender,0,0,0,0,0,0,0,0,0,0,1
Carmen Mlodzinski,0,0,0,0,0,0,0,0,0,1,1
Matthew Liberatore,0,0,0,0,0,0,0,0,0,1,0
Ben Brown,0,0,0,0,0,0,0,0,0,1,1
Spencer Horwitz,0,1,0,0,0,0,0,0,1,0,0
Victor Scott II,0,0,0,0,0,1,1,1,1,0,0
Gregory Soto,0,0,0,0,0,0,0,0,0,0,1
Justin Crawford,0,0,0,0,0,1,1,1,1,0,0
Landen Roupp,0,0,0,0,0,0,0,0,0,1,0
Foster Griffin,0,0,0,0,0,0,0,0,0,1,0
JP Sears,0,0,0,0,0,0,0,0,0,1,0
Andrew Vaughn,0,1,0,0,0,0,0,0,1,0,0
Nolan Gorman,0,0,1,1,0,0,0,0,1,0,0
Ryan Thompson,0,0,0,0,0,0,0,0,0,0,1
Adrian Houser,0,0,0,0,0,0,0,0,0,1,0
Jordan Walker,0,0,0,0,0,1,1,1,1,0,0
Pierce Johnson,0,0,0,0,0,0,0,0,0,0,1
Eduardo Rodriguez,0,0,0,0,0,0,0,0,0,1,0
Jimmy Herget,0,0,0,0,0,0,0,0,0,0,1
Hunter Harvey,0,0,0,0,0,0,0,0,0,0,1
Luisangel Acuna,0,0,1,0,0,0,0,0,1,0,0
Graham Ashcraft,0,0,0,0,0,0,0,0,0,0,1
Josh Bell,0,1,0,0,0,0,0,0,1,0,0
Andrew Nardi,0,0,0,0,0,0,0,0,0,0,1
Taylor Rogers,0,0,0,0,0,0,0,0,0,0,1
Max Meyer,0,0,0,0,0,0,0,0,0,1,0
Lourdes Gurriel Jr.,0,0,0,0,0,1,1,1,1,0,0
Mauricio Dubon,0,0,1,1,1,1,1,1,1,0,0
Tyler Kinley,0,0,0,0,0,0,0,0,0,0,1
Joe Jimenez,0,0,0,0,0,0,0,0,0,0,1
Hunter Barco,0,0,0,0,0,0,0,0,0,1,0
Danny Jansen,1,0,0,0,0,0,0,0,1,0,0
Jared Triolo,0,1,0,1,1,0,0,0,1,0,0
Alexis Diaz,0,0,0,0,0,0,0,0,0,0,1
Hoby Milner,0,0,0,0,0,0,0,0,0,0,1
Ke'Bryan Hayes,0,0,0,1,0,0,0,0,1,0,0
Jose Butto,0,0,0,0,0,0,0,0,0,0,1
Jordan Lawlar,0,0,0,1,0,0,0,0,1,0,0
Blake Treinen,0,0,0,0,0,0,0,0,0,0,1
Huascar Brazoban,0,0,0,0,0,0,0,0,0,0,1
Mason Montgomery,0,0,0,0,0,0,0,0,0,0,1
Tanner Banks,0,0,0,0,0,0,0,0,0,0,1
Caleb Ferguson,0,0,0,0,0,0,0,0,0,0,1
Spencer Bivens,0,0,0,0,0,0,0,0,0,0,1
Freddy Fermin,1,0,0,0,0,0,0,0,1,0,0
Owen Caissie,0,0,0,0,0,1,1,1,1,0,0
Gavin Lux,0,0,0,0,0,1,1,1,1,0,0
Patrick Bailey,1,0,0,0,0,0,0,0,1,0,0
Liam Hicks,1,1,0,0,0,0,0,0,1,0,0
Juan Mejia,0,0,0,0,0,0,0,0,0,0,1
Joey Ortiz,0,0,0,0,1,0,0,0,1,0,0
Corbin Burnes,0,0,0,0,0,0,0,0,0,1,0
Harry Ford,1,0,0,0,0,0,0,0,1,0,0
Erik Miller,0,0,0,0,0,0,0,0,0,0,1
Jaxon Wiggins,0,0,0,0,0,0,0,0,0,1,0
Nick Castellanos,0,0,0,0,0,1,1,1,1,0,0
Jake McCarthy,0,0,0,0,0,1,1,1,1,0,0
Ben Casparius,0,0,0,0,0,0,0,0,0,0,1
Jake Mangum,0,0,0,0,0,1,1,1,1,0,0
Adbert Alzolay,0,0,0,0,0,0,0,0,0,0,1
Cole Henry,0,0,0,0,0,0,0,0,0,0,1
Ryan Waldschmidt,0,0,0,0,0,1,1,1,1,0,0
Bryce Eldridge,0,0,0,0,0,0,0,0,1,0,0
Joel Peguero,0,0,0,0,0,0,0,0,0,0,1
Cade Gibson,0,0,0,0,0,0,0,0,0,0,1
Jacob Webb,0,0,0,0,0,0,0,0,0,0,1
Porter Hodge,0,0,0,0,0,0,0,0,0,0,1
Brad Lord,0,0,0,0,0,0,0,0,0,1,1
Konnor Griffin,0,0,0,0,1,0,0,0,1,0,0
Moises Ballesteros,0,0,0,0,0,0,0,0,1,0,0
Brock Burke,0,0,0,0,0,0,0,0,0,0,1
JJ Bleday,0,0,0,0,0,1,1,1,1,0,0
Aaron Bummer,0,0,0,0,0,0,0,0,0,0,1
Nick Gonzales,0,0,1,0,0,0,0,0,1,0,0
Miguel Amaya,1,0,0,0,0,0,0,0,1,0,0
Angel Zerpa,0,0,0,0,0,0,0,0,0,0,1
Justin Wrobleski,0,0,0,0,0,0,0,0,0,0,1
Ryne Stanek,0,0,0,0,0,0,0,0,0,0,1
Brady House,0,0,0,1,0,0,0,0,1,0,0
Tyler Freeman,0,0,0,0,0,1,1,1,1,0,0
Hayden Birdsong,0,0,0,0,0,0,0,0,0,1,1
Michael Kopech,0,0,0,0,0,0,0,0,0,0,1
Tobias Myers,0,0,0,0,0,0,0,0,0,1,1
Thomas White,0,0,0,0,0,0,0,0,0,1,0
David Morgan,0,0,0,0,0,0,0,0,0,0,1
Paul Sewald,0,0,0,0,0,0,0,0,0,0,1
Kade Strowd,0,0,0,0,0,0,0,0,0,0,1
Nasim Nunez,0,0,1,0,1,0,0,0,1,0,0
Richard Fitts,0,0,0,0,0,0,0,0,0,1,0
P.J. Poulin,0,0,0,0,0,0,0,0,0,0,1
Wandy Peralta,0,0,0,0,0,0,0,0,0,0,1
Ian Hamilton,0,0,0,0,0,0,0,0,0,0,1
Rhett Lowder,0,0,0,0,0,0,0,0,0,1,0
Ha-Seong Kim,0,0,0,0,1,0,0,0,1,0,0
Tyler Phillips,0,0,0,0,0,0,0,0,0,0,1
Lake Bachar,0,0,0,0,0,0,0,0,0,0,1
Griffin Canning,0,0,0,0,0,0,0,0,0,1,0
Brandon Sproat,0,0,0,0,0,0,0,0,0,1,0
Jake Fraley,0,0,0,0,0,1,1,1,1,0,0
Casey Schmitt,0,0,1,1,0,0,0,0,1,0,0
Brusdar Graterol,0,0,0,0,0,0,0,0,0,0,1
Alek Thomas,0,0,0,0,0,1,1,1,1,0,0
Sung-Mun Song,0,0,0,1,0,0,0,0,1,0,0
A.J. Puk,0,0,0,0,0,0,0,0,0,0,1
Yuki Matsui,0,0,0,0,0,0,0,0,0,0,1
Jordan Wicks,0,0,0,0,0,0,0,0,0,0,1
Tristan Beck,0,0,0,0,0,0,0,0,0,0,1
Justin Lawrence,0,0,0,0,0,0,0,0,0,0,1
Heriberto Hernandez,0,0,0,0,0,1,1,1,1,0,0
Javier Sanoja,0,0,1,1,0,1,1,1,1,0,1
Kyle Karros,0,0,0,1,0,0,0,0,1,0,0
Pedro Pages,1,0,0,0,0,0,0,0,1,0,0
Grant Anderson,0,0,0,0,0,0,0,0,0,0,1
Dalton Rushing,1,0,0,0,0,0,0,0,1,0,0
Christopher Morel,0,0,0,0,0,1,1,1,1,0,0
Hyeseong Kim,0,0,1,0,0,0,0,0,1,0,0
Luis Garcia,0,0,0,0,0,0,0,0,0,0,1
Shelby Miller,0,0,0,0,0,0,0,0,0,0,1
Andrew Saalfrank,0,0,0,0,0,0,0,0,0,0,1
Joey Bart,1,0,0,0,0,0,0,0,1,0,0
DL Hall,0,0,0,0,0,0,0,0,0,0,1
Matt Gage,0,0,0,0,0,0,0,0,0,0,1
Edouard Julien,0,1,1,0,0,0,0,0,1,0,0
Brennan Bernardino,0,0,0,0,0,0,0,0,0,0,1
Taylor Clarke,0,0,0,0,0,0,0,0,0,0,1
Kyle Hart,0,0,0,0,0,0,0,0,0,1,1
Jonathan Loaisiga,0,0,0,0,0,0,0,0,0,0,1
Jhostynxon Garcia,0,0,0,0,0,1,1,1,1,0,0
Joel Payamps,0,0,0,0,0,0,0,0,0,0,1
Chris Paddack,0,0,0,0,0,0,0,0,0,1,0
Jonathan Bowlan,0,0,0,0,0,0,0,0,0,0,1
Jaden Hill,0,0,0,0,0,0,0,0,0,0,1
Christian Scott,0,0,0,0,0,0,0,0,0,1,0
Jose Quintana,0,0,0,0,0,0,0,0,0,1,0
Joshua Baez,0,0,0,0,0,1,1,1,1,0,0
Drey Jameson,0,0,0,0,0,0,0,0,0,0,1
Henry Davis,1,0,0,0,0,0,0,0,1,0,0
Connor Phillips,0,0,0,0,0,0,0,0,0,0,1
Ryan Fernandez,0,0,0,0,0,0,0,0,0,0,1
Sam Moll,0,0,0,0,0,0,0,0,0,0,1
Janson Junk,0,0,0,0,0,0,0,0,0,1,0
Joe Mack,1,0,0,0,0,0,0,0,1,0,0
Endy Rodriguez,1,1,0,0,0,0,0,0,1,0,0
Trent Thornton,0,0,0,0,0,0,0,0,0,0,1
Randy Vasquez,0,0,0,0,0,0,0,0,0,1,0
Troy Johnston,0,1,0,0,0,1,1,1,1,0,0
Julian Fernandez,0,0,0,0,0,0,0,0,0,0,1
Daysbel Hernandez,0,0,0,0,0,0,0,0,0,0,1
Juan Morillo,0,0,0,0,0,0,0,0,0,0,1
Zach Agnos,0,0,0,0,0,0,0,0,0,0,1
Michael Lorenzen,0,0,0,0,0,0,0,0,0,1,0
Bryce Elder,0,0,0,0,0,0,0,0,0,1,0
Sam Hentges,0,0,0,0,0,0,0,0,0,0,1
River Ryan,0,0,0,0,0,0,0,0,0,1,0
Evan Sisk,0,0,0,0,0,0,0,0,0,0,1
Luis Torrens,1,0,0,0,0,0,0,0,1,0,0
Edmundo Sosa,0,0,1,1,0,0,0,0,1,0,0
Kyle Nicolas,0,0,0,0,0,0,0,0,0,0,1
Ronny Henriquez,0,0,0,0,0,0,0,0,0,0,1
Miles Mikolas,0,0,0,0,0,0,0,0,0,1,0
JT Brubaker,0,0,0,0,0,0,0,0,0,0,1
Max Lazar,0,0,0,0,0,0,0,0,0,0,1
Andre Pallante,0,0,0,0,0,0,0,0,0,1,0
Edgardo Henriquez,0,0,0,0,0,0,0,0,0,0,1
Kyle Freeland,0,0,0,0,0,0,0,0,0,1,0
Garrett Mitchell,0,0,0,0,0,1,1,1,1,0,0
Kyle Backhus,0,0,0,0,0,0,0,0,0,0,1
Jeferson Quero,1,0,0,0,0,0,0,0,1,0,0
Jackson Rutledge,0,0,0,0,0,0,0,0,0,0,1
Chase Dollander,0,0,0,0,0,0,0,0,0,1,0
Jason Foley,0,0,0,0,0,0,0,0,0,0,1
Paxton Schultz,0,0,0,0,0,0,0,0,0,0,1
Lou Trivino,0,0,0,0,0,0,0,0,0,0,1
Yohan Ramirez,0,0,0,0,0,0,0,0,0,0,1
Rob Zastryzny,0,0,0,0,0,0,0,0,0,0,1
Chase Shugart,0,0,0,0,0,0,0,0,0,0,1
Braxton Fulford,1,0,0,0,0,0,0,0,1,0,0
Jacob Young,0,0,0,0,0,1,1,1,1,0,0
Kyle Harrison,0,0,0,0,0,0,0,0,0,1,0
Jake Bauers,0,1,0,0,0,1,1,1,1,0,0
Bryan Hudson,0,0,0,0,0,0,0,0,0,0,1
Tomoyuki Sugano,0,0,0,0,0,0,0,0,0,1,0
Griffin Conine,0,0,0,0,0,1,1,1,1,0,0
Luis Mey,0,0,0,0,0,0,0,0,0,0,1
Justin Bruihl,0,0,0,0,0,0,0,0,0,0,1
John King,0,0,0,0,0,0,0,0,0,0,1
Ron Marinaccio,0,0,0,0,0,0,0,0,0,0,1
Grant Holman,0,0,0,0,0,0,0,0,0,0,1
Tommy Pham,0,0,0,0,0,1,1,1,1,0,0
Joe Ross,0,0,0,0,0,0,0,0,0,0,1
Andrew McCutchen,0,0,0,0,0,0,0,0,1,0,0
Richard Lovelady,0,0,0,0,0,0,0,0,0,0,1
Robert Hassell III,0,0,0,0,0,1,1,1,1,0,0
Reiver Sanmartin,0,0,0,0,0,0,0,0,0,0,1
Trevor McDonald,0,0,0,0,0,0,0,0,0,1,0
Thomas Saggese,0,0,1,0,1,0,0,0,1,0,0
Miguel Rojas,0,0,1,1,1,0,0,0,1,0,0
Adael Amador,0,0,1,0,0,0,0,0,1,0,0
Brock Stewart,0,0,0,0,0,0,0,0,0,0,1
Keegan Thompson,0,0,0,0,0,0,0,0,0,1,1
Aidan Miller,0,0,0,0,1,0,0,0,1,0,0
Brandyn Garcia,0,0,0,0,0,0,0,0,0,0,1
Michael Conforto,0,0,0,0,0,1,1,1,1,0,0
Tim Tawa,0,1,1,0,0,1,1,1,1,0,0
Andre Granillo,0,0,0,0,0,0,0,0,0,0,1
Graham Pauley,0,0,0,1,0,0,0,0,1,0,0
Gary Sanchez,1,0,0,0,0,0,0,0,1,0,0
Hunter Dobbins,0,0,0,0,0,0,0,0,0,1,0
Justin Hagenman,0,0,0,0,0,0,0,0,0,0,1
Pierson Ohl,0,0,0,0,0,0,0,0,0,0,1
Justin Martinez,0,0,0,0,0,0,0,0,0,0,1
Genesis Cabrera,0,0,0,0,0,0,0,0,0,0,1
Juan Burgos,0,0,0,0,0,0,0,0,0,0,1
Evan Phillips,0,0,0,0,0,0,0,0,0,0,1
Bradgley Rodriguez,0,0,0,0,0,0,0,0,0,0,1
Hayden Harris,0,0,0,0,0,0,0,0,0,0,1
Jake Irvin,0,0,0,0,0,0,0,0,0,1,0
Kyle Hurt,0,0,0,0,0,0,0,0,0,0,1
Austin Warren,0,0,0,0,0,0,0,0,0,0,1
Jonah Heim,1,0,0,0,0,0,0,0,1,0,0
Jose Trevino,1,0,0,0,0,0,0,0,1,0,0
Christian Encarnacion-Strand,0,1,0,1,0,0,0,0,1,0,0
James McCann,1,0,0,0,0,0,0,0,1,0,0
Bobby Miller,0,0,0,0,0,0,0,0,0,1,1
Nick Burdi,0,0,0,0,0,0,0,0,0,0,1
Luis Matos,0,0,0,0,0,1,1,1,1,0,0
John Brebbia,0,0,0,0,0,0,0,0,0,0,1
Joey Wentz,0,0,0,0,0,0,0,0,0,1,1
Jimmy Crooks,1,0,0,0,0,0,0,0,1,0,0
Esteury Ruiz,0,0,0,0,0,1,1,1,1,0,0
Walker Buehler,0,0,0,0,0,0,0,0,0,1,0
Michael Petersen,0,0,0,0,0,0,0,0,0,0,1
Philip Abner,0,0,0,0,0,0,0,0,0,0,1
Luis Campusano,0,0,0,0,0,0,0,0,1,0,0
Hunter Stratton,0,0,0,0,0,0,0,0,0,0,1
Bryan Hoeing,0,0,0,0,0,0,0,0,0,0,1
Erick Fedde,0,0,0,0,0,0,0,0,0,1,1
Tyrone Taylor,0,0,0,0,0,1,1,1,1,0,0
Craig Yoho,0,0,0,0,0,0,0,0,0,0,1
Gordon Graceffo,0,0,0,0,0,0,0,0,0,0,1
Jose Urquidy,0,0,0,0,0,0,0,0,0,1,0
Tim Mayza,0,0,0,0,0,0,0,0,0,0,1
Taijuan Walker,0,0,0,0,0,0,0,0,0,1,1
Robert Gasser,0,0,0,0,0,0,0,0,0,1,0
Ethan Roberts,0,0,0,0,0,0,0,0,0,0,1
Derek Law,0,0,0,0,0,0,0,0,0,0,1
Carlos Santana,0,1,0,0,0,0,0,0,1,0,0
McCade Brown,0,0,0,0,0,0,0,0,0,1,0
Ryan Ritter,0,0,1,0,1,0,0,0,1,0,0
Easton McGee,0,0,0,0,0,0,0,0,0,0,1
Zachary Maxwell,0,0,0,0,0,0,0,0,0,0,1
Nick Raquet,0,0,0,0,0,0,0,0,0,0,1
Ethan Salas,1,0,0,0,0,0,0,0,1,0,0
Eric Wagaman,0,1,0,0,0,1,1,1,1,0,0
Dylan Dodd,0,0,0,0,0,0,0,0,0,0,1
Joey Gerber,0,0,0,0,0,0,0,0,0,1,1
Ronny Mauricio,0,0,0,1,0,0,0,0,1,0,0
George Soriano,0,0,0,0,0,0,0,0,0,0,1
Dylan Moore,0,0,1,0,1,1,1,1,1,0,0
Chris Devenski,0,0,0,0,0,0,0,0,0,0,1
Ryan Feltner,0,0,0,0,0,0,0,0,0,1,0
Alejandro Carrillo,0,0,0,0,0,0,0,0,0,0,1
Jorge Mateo,0,0,0,0,1,1,1,1,1,0,0
Mitchell Parker,0,0,0,0,0,0,0,0,0,1,0
Keaton Winn,0,0,0,0,0,0,0,0,0,0,1
Jesse Winker,0,0,0,0,0,0,0,0,1,0,0
Andrew Hoffmann,0,0,0,0,0,0,0,0,0,0,1
German Marquez,0,0,0,0,0,0,0,0,0,1,0
Bryan Torres,0,0,1,0,0,1,1,1,1,0,0
Luke Little,0,0,0,0,0,0,0,0,0,0,1
Ryan Gusto,0,0,0,0,0,0,0,0,0,1,1
Jose Suarez,0,0,0,0,0,0,0,0,0,1,1
Otto Kemp,0,1,0,1,0,0,0,0,1,0,0
Will Klein,0,0,0,0,0,0,0,0,0,0,1
Yohel Pozo,1,0,0,0,0,0,0,0,1,0,0
Ty Adcock,0,0,0,0,0,0,0,0,0,0,1
David Hamilton,0,0,1,0,0,0,0,0,1,0,0
Alek Jacob,0,0,0,0,0,0,0,0,0,0,1
Oliver Dunn,0,0,0,1,0,0,0,0,1,0,0
Tanner Gordon,0,0,0,0,0,0,0,0,0,1,0
Orlando Ribalta,0,0,0,0,0,0,0,0,0,0,1
Shinnosuke Ogasawara,0,0,0,0,0,0,0,0,0,0,1
Brandon Waddell,0,0,0,0,0,0,0,0,0,0,1
Shawn Dubin,0,0,0,0,0,0,0,0,0,0,1
Liam Doyle,0,0,0,0,0,0,0,0,0,1,0
Chris Roycroft,0,0,0,0,0,0,0,0,0,0,1
Rafael Marchan,1,0,0,0,0,0,0,0,1,0,0
Quinn Mathews,0,0,0,0,0,0,0,0,0,1,0
T.J. Rumfield,0,0,0,1,0,0,0,0,1,0,0
Zac Veen,0,0,0,0,0,1,1,1,1,0,0
Daison Acosta,0,0,0,0,0,0,0,0,0,0,1
Luis Peralta,0,0,0,0,0,0,0,0,0,0,1
Jhony Brito,0,0,0,0,0,0,0,0,0,0,1
Yilber Diaz,0,0,0,0,0,0,0,0,0,1,1
Jake Eder,0,0,0,0,0,0,0,0,0,0,1
Carson Seymour,0,0,0,0,0,0,0,0,0,0,1
Gus Varland,0,0,0,0,0,0,0,0,0,0,1
Paul Gervase,0,0,0,0,0,0,0,0,0,0,1
Ramon Urias,0,0,1,1,0,0,0,0,1,0,0
Jett Williams,0,0,1,0,1,1,1,1,1,0,0
Ryan Rolison,0,0,0,0,0,0,0,0,0,0,1
Javier Assad,0,0,0,0,0,0,0,0,0,1,0
Jack Wenninger,0,0,0,0,0,0,0,0,0,1,0
Joe La Sorsa,0,0,0,0,0,0,0,0,0,0,1
Roansy Contreras,0,0,0,0,0,0,0,0,0,1,1
Seth Johnson,0,0,0,0,0,0,0,0,0,0,1
Bryse Wilson,0,0,0,0,0,0,0,0,0,1,1
Scott Blewett,0,0,0,0,0,0,0,0,0,0,1
Gino Groover,0,0,0,1,0,0,0,0,1,0,0
Jonathan Pintaro,0,0,0,0,0,0,0,0,0,1,1
Pavin Smith,0,1,0,0,0,0,0,0,1,0,0
Will Wagner,0,0,0,1,0,0,0,0,1,0,0
Craig Kimbrel,0,0,0,0,0,0,0,0,0,0,1
John Curtiss,0,0,0,0,0,0,0,0,0,0,1
Will Benson,0,0,0,0,0,1,1,1,1,0,0
Kevin Alcantara,0,0,0,0,0,1,1,1,1,0,0
Nolan Hoffman,0,0,0,0,0,0,0,0,0,0,1
Max Kepler,0,0,0,0,0,1,1,1,1,0,0
Lyon Richardson,0,0,0,0,0,0,0,0,0,0,1
Sammy Peralta,0,0,0,0,0,0,0,0,0,1,1
Josiah Gray,0,0,0,0,0,0,0,0,0,1,0
Chris Flexen,0,0,0,0,0,0,0,0,0,0,1
Cam Sanders,0,0,0,0,0,0,0,0,0,0,1
Gregory Santos,0,0,0,0,0,0,0,0,0,0,1
Thomas Hatch,0,0,0,0,0,0,0,0,0,0,1
Valente Bellozo,0,0,0,0,0,0,0,0,0,1,1
Gavin Hollowell,0,0,0,0,0,0,0,0,0,0,1
Andry Lara,0,0,0,0,0,0,0,0,0,0,1
Starling Marte,0,0,0,0,0,0,0,0,1,0,0
Jack Neely,0,0,0,0,0,0,0,0,0,0,1
Danny Young,0,0,0,0,0,0,0,0,0,0,1
Jeff Criswell,0,0,0,0,0,0,0,0,0,0,1
Isaiah Campbell,0,0,0,0,0,0,0,0,0,0,1
Rolddy Munoz,0,0,0,0,0,0,0,0,0,0,1
Nick Yorke,0,1,1,0,0,0,0,0,1,0,0
Dane Myers,0,0,0,0,0,1,1,1,1,0,0
Taylor Rashi,0,0,0,0,0,0,0,0,0,0,1
Adrian Del Castillo,0,0,0,0,0,0,0,0,1,0,0
Zach Brzykcy,0,0,0,0,0,0,0,0,0,0,1
Kevin Herget,0,0,0,0,0,0,0,0,0,0,1
Sam Benschoter,0,0,0,0,0,0,0,0,0,1,1
James Triantos,0,0,1,0,0,1,1,1,1,0,0
Mike Clevinger,0,0,0,0,0,0,0,0,0,0,1
RJ Petit,0,0,0,0,0,0,0,0,0,0,1
Mike Tauchman,0,0,0,0,0,1,1,1,1,0,0
Reese McGuire,1,0,0,0,0,0,0,0,1,0,0
Garrett Acton,0,0,0,0,0,0,0,0,0,0,1
Davis Daniel,0,0,0,0,0,0,0,0,0,1,1
Daniel Robert,0,0,0,0,0,0,0,0,0,0,1
Michael Darrell-Hicks,0,0,0,0,0,0,0,0,0,0,1
Andrew Alvarez,0,0,0,0,0,0,0,0,0,1,0
Nate Lavender,0,0,0,0,0,0,0,0,0,0,1
Enrique Hernandez,0,1,0,1,0,1,1,1,1,0,0
Jose Tena,0,0,0,1,0,0,0,0,1,0,0
Maximo Acosta,0,0,1,1,1,0,0,0,1,0,0
Alex Call,0,0,0,0,0,1,1,1,1,0,0
Bryce Jarvis,0,0,0,0,0,0,0,0,0,0,1
Jack Suwinski,0,0,0,0,0,1,1,1,1,0,0
Ryan Ward,0,1,1,0,0,1,1,1,1,0,0
Nathaniel Lowe,0,1,0,0,0,0,0,0,1,0,0
Zach Pop,0,0,0,0,0,0,0,0,0,0,1
Dylan Ross,0,0,0,0,0,0,0,0,0,0,1
Carson Whisenhunt,0,0,0,0,0,0,0,0,0,1,0
Patrick Monteverde,0,0,0,0,0,0,0,0,0,1,1
Drew Gilbert,0,0,0,0,0,1,1,1,1,0,0
Abimelec Ortiz,0,1,0,0,0,1,1,1,1,0,0
Tyler Zuber,0,0,0,0,0,0,0,0,0,0,1
DJ Herz,0,0,0,0,0,0,0,0,0,1,0
Riley Adams,1,0,0,0,0,0,0,0,1,0,0
Christian Montes De Oca,0,0,0,0,0,0,0,0,0,0,1
Beau Burrows,0,0,0,0,0,0,0,0,0,0,1
Anthony Molina,0,0,0,0,0,0,0,0,0,0,1
Gavin Stone,0,0,0,0,0,0,0,0,0,1,0
Jhancarlos Lara,0,0,0,0,0,0,0,0,0,1,1
Austin Pope,0,0,0,0,0,0,0,0,0,0,1
Anthony Misiewicz,0,0,0,0,0,0,0,0,0,0,1
Collin Snider,0,0,0,0,0,0,0,0,0,0,1
Brandon Williamson,0,0,0,0,0,0,0,0,0,1,0
Blake Perkins,0,0,0,0,0,1,1,1,1,0,0
Lucas Gilbreath,0,0,0,0,0,0,0,0,0,0,1
Darren McCaughan,0,0,0,0,0,0,0,0,0,1,1
Tink Hence,0,0,0,0,0,0,0,0,0,1,0
James Karinchak,0,0,0,0,0,0,0,0,0,0,1
Charlie Condon,0,1,0,0,0,0,0,0,1,0,0
Omar Cruz,0,0,0,0,0,0,0,0,0,1,1
Jared Shuster,0,0,0,0,0,0,0,0,0,0,1
Michael Mercado,0,0,0,0,0,0,0,0,0,0,1
Nick Frasso,0,0,0,0,0,0,0,0,0,1,1
Joe Jacques,0,0,0,0,0,0,0,0,0,0,1
Nathan Church,0,0,0,0,0,1,1,1,1,0,0
Jose Fermin,0,0,1,0,0,0,0,0,1,0,0
Matthew Pushard,0,0,0,0,0,0,0,0,0,0,1
Jesus Rodriguez,1,0,0,1,0,0,0,0,1,0,0
Santiago Espinal,0,0,0,1,0,0,0,0,1,0,0
Zachary McCambley,0,0,0,0,0,0,0,0,0,0,1
Riley Martin,0,0,0,0,0,0,0,0,0,0,1
Austin Love,0,0,0,0,0,0,0,0,0,0,1
Deyvison De Los Santos,0,1,0,1,0,0,0,0,1,0,0
Wilmer Flores,0,1,0,0,0,0,0,0,1,0,0
Jerar Encarnacion,0,0,0,0,0,1,1,1,1,0,0
Austin Barnes,1,0,0,0,0,0,0,0,1,0,0
Trevor Williams,0,0,0,0,0,0,0,0,0,1,0
Alan Rangel,0,0,0,0,0,0,0,0,0,1,0
Ben Rortvedt,1,0,0,0,0,0,0,0,1,0,0
Kyle Farmer,0,0,1,0,0,0,0,0,1,0,0
Joey Wiemer,0,0,0,0,0,1,1,1,1,0,0
Coleman Crow,0,0,0,0,0,0,0,0,0,1,0
Alex Freeland,0,0,1,1,0,0,0,0,1,0,0
Eli White,0,0,0,0,0,1,1,1,1,0,0
Thomas Harrington,0,0,0,0,0,0,0,0,0,1,0
Tirso Ornelas,0,0,0,0,0,1,1,1,1,0,0
JR Ritchie,0,0,0,0,0,0,0,0,0,1,0
Drew Millas,1,0,0,0,0,0,0,0,1,0,0
Johan Rojas,0,0,0,0,0,1,1,1,1,0,0
Dylan Carlson,0,0,0,0,0,1,1,1,1,0,0
Bryce Johnson,0,0,0,0,0,1,1,1,1,0,0
Garrett Stubbs,1,0,0,0,0,0,0,0,1,0,0
Esmerlyn Valdez,0,0,0,0,0,1,1,1,1,0,0
Christian Koss,0,0,1,0,0,0,0,0,1,0,0
Tyler Fitzgerald,0,0,1,0,0,0,0,0,1,0,0
Martin Perez,0,0,0,0,0,0,0,0,0,1,0
Adam Mazur,0,0,0,0,0,0,0,0,0,1,0
Jorge Barrosa,0,0,0,0,0,1,1,1,1,0,0
Cristian Mena,0,0,0,0,0,0,0,0,0,1,0
Phillip Glasser,0,0,0,0,0,1,1,1,1,0,0
Hayden Senger,1,0,0,0,0,0,0,0,1,0,0
Brian Navarreto,1,0,0,0,0,0,0,0,1,0,0
Gabriel Rincones Jr.,0,0,0,0,0,1,1,1,1,0,0
Daniel Susac,1,0,0,0,0,0,0,0,1,0,0
Mitch Bratt,0,0,0,0,0,0,0,0,0,1,0
Will Banfield,1,0,0,0,0,0,0,0,1,0,0
Ildemaro Vargas,0,1,1,0,0,0,0,0,1,0,0
Chas McCormick,0,0,0,0,0,1,1,1,1,0,0
Aramis Garcia,1,0,0,0,0,0,0,0,1,0,0
Jesus Bastidas,0,0,1,1,1,0,0,0,1,0,0
Julian Aguiar,0,0,0,0,0,0,0,0,0,1,0
Will Brennan,0,0,0,0,0,1,1,1,1,0,0
Landon Knack,0,0,0,0,0,0,0,0,0,1,0
Sandy Leon,1,0,0,0,0,0,0,0,1,0,0
Chuckie Robinson,1,0,0,0,0,0,0,0,1,0,0
Matt Waldron,0,0,0,0,0,0,0,0,0,1,0
Nacho Alvarez Jr.,0,0,0,1,0,0,0,0,1,0,0
Tyler Austin,0,0,0,0,0,1,1,1,1,0,0
MJ Melendez,0,0,0,0,0,1,1,1,1,0,0
Pedro Ramirez,0,0,1,1,0,0,0,0,1,0,0
Jesus Made,0,0,0,0,1,0,0,0,1,0,0
Eddys Leonard,0,0,1,1,0,1,1,1,1,0,0
Blade Tidwell,0,0,0,0,0,0,0,0,0,1,0
Akil Baddoo,0,0,0,0,0,1,1,1,1,0,0
Termarr Johnson,0,0,1,0,0,0,0,0,1,0,0
Brandon Lockridge,0,0,0,0,0,1,1,1,1,0,0
Jose Rodriguez,0,0,1,0,1,0,0,0,1,0,1
Aroon Escobar,0,0,1,0,0,0,0,0,1,0,0
Didier Fuentes,0,0,0,0,0,0,0,0,0,1,0
Ji Hwan Bae,0,0,0,0,0,1,1,1,1,0,0
Carlos Carrasco,0,0,0,0,0,0,0,0,0,1,0
Luis Perales,0,0,0,0,0,0,0,0,0,1,0
AJ Smith-Shawver,0,0,0,0,0,0,0,0,0,1,0
Kris Bryant,0,0,0,0,0,0,0,0,1,0,0
Samad Taylor,0,0,1,0,0,1,1,1,1,0,0
Hector Rodriguez,0,0,0,0,0,1,1,1,1,0,0
Ryan Clifford,0,1,0,0,0,1,1,1,1,0,0
Jacob Berry,0,0,1,1,0,1,1,1,1,0,0
Greg Jones,0,0,1,0,0,1,1,1,1,0,0
Christian Cairo,0,0,1,1,0,1,1,1,1,0,0
Tyler Black,0,1,0,0,0,1,1,1,1,0,0
Tyler Callihan,0,0,1,0,0,1,1,1,1,0,0
Vidal Brujan,0,0,0,1,0,0,0,0,1,0,0
Michael Chavis,0,1,1,0,0,0,0,0,1,0,0
Robert Stock,0,0,0,0,0,0,0,0,0,1,0
Griff McGarry,0,0,0,0,0,0,0,0,0,1,0
Garrett Hampson,0,0,0,0,0,1,1,1,1,0,0
Grant McCray,0,0,0,0,0,1,1,1,1,0,0
Jarlin Susana,0,0,0,0,0,0,0,0,0,1,0
Carlos Rodriguez,0,0,0,0,0,1,1,1,1,1,0
Rece Hinds,0,0,0,0,0,1,1,1,1,0,0
Tommy Troy,0,0,1,0,0,1,1,1,1,0,0
Brock Wilken,0,0,0,1,0,0,0,0,1,0,0
Cayden Wallace,0,0,0,1,0,0,0,0,1,0,0
Pedro Leon,0,0,0,0,0,1,1,1,1,0,0
DaShawn Keirsey Jr.,0,0,0,0,0,1,1,1,1,0,0
Blaine Crim,0,1,0,0,0,0,0,0,1,0,0
Billy Cook,0,1,0,0,0,1,1,1,1,0,0
Blake Walston,0,0,0,0,0,0,0,0,0,1,0
Blake Dunn,0,0,0,0,0,1,1,1,1,0,0
Chase Petty,0,0,0,0,0,0,0,0,0,1,0
Ken Waldichuk,0,0,0,0,0,0,0,0,0,1,0
Antonio Senzatela,0,0,0,0,0,0,0,0,0,1,0
Nabil Crismatt,0,0,0,0,0,0,0,0,0,1,0
Ixan Henderson,0,0,0,0,0,0,0,0,0,1,0
Carson Palmquist,0,0,0,0,0,0,0,0,0,1,0
Jeremy Rivas,0,0,1,0,1,0,0,0,1,0,0
Tony Gonsolin,0,0,0,0,0,0,0,0,0,1,0
Jean Cabrera,0,0,0,0,0,0,0,0,0,1,0
Dominic Smith,0,1,0,0,0,0,0,0,1,0,0
Zack Thompson,0,0,0,0,0,0,0,0,0,1,0
Sterlin Thompson,0,0,0,0,0,1,1,1,1,0,0
Ronny Simon,0,0,1,0,0,1,1,1,1,0,0
Justin Dean,0,0,0,0,0,1,1,1,1,0,0
Leonado Balcazar,0,0,1,0,1,0,0,0,1,0,0
Brody Moore,0,0,1,0,1,0,0,0,1,0,0
Jurrangelo Cijntje,0,0,0,0,0,0,0,0,0,1,0
Andres Chaparro,0,1,0,0,0,0,0,0,1,0,0
Steward Berroa,0,0,0,0,0,1,1,1,1,0,0
Lucas Braun,0,0,0,0,0,0,0,0,0,1,0
Marco Gonzales,0,0,0,0,0,0,0,0,0,1,0
Trey Lipscomb,0,0,1,1,0,1,1,1,1,0,0
Yoniel Curet,0,0,0,0,0,0,0,0,0,1,0
Brycen Mautz,0,0,0,0,0,0,0,0,0,1,0
Cole Irvin,0,0,0,0,0,0,0,0,0,1,0
Daniel Johnson,0,0,0,0,0,1,1,1,1,0,0
Kohl Drake,0,0,0,0,0,0,0,0,0,1,0
Nelson Velazquez,0,0,0,0,0,1,1,1,1,0,0
Dominic Fletcher,0,0,0,0,0,1,1,1,1,0,0
Michael Siani,0,0,0,0,0,1,1,1,1,0,0
Matt Koperniak,0,0,0,0,0,1,1,1,1,0,0
Jesus Tinoco,0,0,0,0,0,0,0,0,0,0,1
Ty France,0,1,0,0,0,0,0,0,1,0,0
Dax Fulton,0,0,0,0,0,0,0,0,0,1,0
Bradley Blalock,0,0,0,0,0,0,0,0,0,1,0
Tyler Locklear,0,1,0,0,0,0,0,0,1,0,0
Jared Young,0,0,0,0,0,0,0,0,1,0,0
Rafael Flores,0,1,0,0,0,0,0,0,1,0,0
Enmanuel Valdez,0,1,0,0,0,0,0,0,1,0,0
Mason McCoy,0,0,0,0,1,0,0,0,1,0,0
Cesar Prieto,0,0,1,1,1,0,0,0,1,0,0
Jared Serna,0,0,1,0,1,0,0,0,1,0,0
Brett Wisely,0,0,1,0,0,0,0,0,1,0,0
Gabriel Hughes,0,0,0,0,0,0,0,0,0,1,0
Dylan Ray,0,0,0,0,0,0,0,0,0,1,0
Shane Drohan,0,0,0,0,0,0,0,0,0,1,0
Leonardo Bernal,1,0,0,0,0,0,0,0,1,0,0
Jose Franco,0,0,0,0,0,0,0,0,0,1,0
Wilber Dotel,0,0,0,0,0,0,0,0,0,1,0
Nick Morabito,0,0,0,0,0,1,1,1,1,0,0
Christian Franklin,0,0,0,0,0,1,1,1,1,0,0
Riley Cornelio,0,0,0,0,0,0,0,0,0,1,0
Yu Darvish,0,0,0,0,0,0,0,0,0,1,0
Moises Chace,0,0,0,0,0,0,0,0,0,1,0
Tekoah Roby,0,0,0,0,0,0,0,0,0,1,0
Cooper Hjerpe,0,0,0,0,0,0,0,0,0,1,0
Garrett Hawkins,0,0,0,0,0,0,0,0,0,0,1
Brandan Bidois,0,0,0,0,0,0,0,0,0,0,1
Ryan Harbin,0,0,0,0,0,0,0,0,0,0,1
Welinton Herrera,0,0,0,0,0,0,0,0,0,0,1
William Kempner,0,0,0,0,0,0,0,0,0,0,1
Ronan Kopp,0,0,0,0,0,0,0,0,0,0,1
Joshua White,0,0,0,0,0,0,0,0,0,0,1
Alex McFarlane,0,0,0,0,0,0,0,0,0,1,1
Antwone Kelly,0,0,0,0,0,0,0,0,0,1,0
Miguel Mendez,0,0,0,0,0,0,0,0,0,1,0
Jose Fernandez,0,0,0,0,1,0,0,0,1,0,0
Jack Brannigan,0,0,0,0,1,0,0,0,1,0,0
Edwin Arroyo,0,0,0,0,1,0,0,0,1,0,0
Warming Bernabel,0,1,0,0,0,0,0,0,1,0,0
Michael Toglia,0,1,0,0,0,0,0,0,1,0,0
Jonathon Long,0,1,0,0,0,0,0,0,1,0,0
Aaron Schunk,0,0,1,0,1,0,0,0,1,0,0
Liover Peguero,0,1,0,0,1,0,0,0,1,0,0
Luke Williams,0,0,0,0,1,0,0,0,1,0,0
Ryan Fitzgerald,0,0,1,0,1,0,0,0,1,0,0
Jackson Wolf,0,0,0,0,0,0,0,0,0,1,0
Sem Robberse,0,0,0,0,0,0,0,0,0,1,0
Orelvis Martinez,0,0,1,0,0,0,0,0,1,0,0
Jose Miranda,0,0,0,1,0,0,0,0,1,0,0
Jacob Reimer,0,0,0,1,0,0,0,0,1,0,0
Nicky Lopez,0,0,0,1,0,0,0,0,1,0,0
Kyle McCann,1,0,0,0,0,0,0,0,1,0,0
Kemp Alderman,0,0,0,0,0,1,1,1,1,0,0
Chadwick Tromp,1,0,0,0,0,0,0,0,1,0,0
Scott Kingery,0,0,1,0,0,1,1,1,1,0,0
Alika Williams,0,0,1,1,1,0,0,0,1,0,0
Carson Spiers,0,0,0,0,0,0,0,0,0,1,0
Tommy Henry,0,0,0,0,0,0,0,0,0,1,0
Michael Fulmer,0,0,0,0,0,0,0,0,0,0,1
Trevor Richards,0,0,0,0,0,0,0,0,0,0,1
Tayler Scott,0,0,0,0,0,0,0,0,0,0,1
Triston McKenzie,0,0,0,0,0,0,0,0,0,1,1
Paul McIntosh,1,0,0,0,0,0,0,0,1,0,0
Vimael Machin,0,1,1,1,0,0,0,0,1,0,0
Connor Noland,0,0,0,0,0,0,0,0,0,1,0
Nick Senzel,0,0,0,1,0,1,1,1,1,0,0
Buddy Kennedy,0,0,0,1,0,0,0,0,1,0,0
Brett Sullivan,1,0,0,0,0,0,0,0,1,0,0
Eliezer Alfonzo,1,0,0,0,0,0,0,0,1,0,0
Rodolfo Duran,1,0,0,0,0,0,0,0,1,0,0
Blake Hunt,1,0,0,0,0,0,0,0,1,0,0
Packy Naughton,0,0,0,0,0,0,0,0,0,0,1
Carl Edwards Jr.,0,0,0,0,0,0,0,0,0,1,1
Evan Otto Fitterer,0,0,0,0,0,0,0,0,0,1,1
Jerming Rosario,0,0,0,0,0,0,0,0,0,1,1
Wyatt Mills,0,0,0,0,0,0,0,0,0,1,1
Zach Penrod,0,0,0,0,0,0,0,0,0,1,1
Jose Rojas,0,0,0,0,0,1,1,1,1,0,0
Cristian Pache,0,0,0,0,0,1,1,1,1,0,0
A.J. Vukovich,0,0,0,0,0,1,1,1,1,0,0
Kristian Robinson,0,0,0,0,0,1,1,1,1,0,0
Marcos Castanon,0,0,1,1,0,0,0,0,1,0,0
Jagger Haynes,0,0,0,0,0,0,0,0,0,1,0
Andrew Pintar,0,0,0,0,0,1,1,1,1,0,0
Brewer Hicklen,0,0,0,0,0,1,1,1,1,0,0
Jordan Weems,0,0,0,0,0,0,0,0,0,0,1
Jeff Brigham,0,0,0,0,0,0,0,0,0,0,1
Travis Sykora,0,0,0,0,0,0,0,0,0,1,0
Evan McKendry,0,0,0,0,0,0,0,0,0,1,1
Bruce Zimmermann,0,0,0,0,0,0,0,0,0,1,0
Noah Davis,0,0,0,0,0,0,0,0,0,0,1
Corbin Martin,0,0,0,0,0,0,0,0,0,0,1
Tejay Antone,0,0,0,0,0,0,0,0,0,0,1
Oddanier Mosqueda,0,0,0,0,0,0,0,0,0,0,1
Eiberson Castellano,0,0,0,0,0,0,0,0,0,0,1
Mike Baumann,0,0,0,0,0,0,0,0,0,0,1
Peter Strzelecki,0,0,0,0,0,0,0,0,0,0,1
Ryder Ryan,0,0,0,0,0,0,0,0,0,0,1
Yunior Marte,0,0,0,0,0,0,0,0,0,1,1
Stephen Jones,0,0,0,0,0,0,0,0,0,0,1
Daniel Duarte,0,0,0,0,0,0,0,0,0,0,1
Antoine Kelly,0,0,0,0,0,0,0,0,0,0,1
Gerson Moreno,0,0,0,0,0,0,0,0,0,0,1
Justin Yeager,0,0,0,0,0,0,0,0,0,0,1
Skylar Hales,0,0,0,0,0,0,0,0,0,0,1
Caleb Kilian,0,0,0,0,0,0,0,0,0,0,1
Andrew Bechtold,0,0,0,0,0,0,0,0,0,0,1
Jacob Waguespack,0,0,0,0,0,0,0,0,0,0,1
Francis Pena,0,0,0,0,0,0,0,0,0,0,1
Will Bednar,0,0,0,0,0,0,0,0,0,0,1
Junior Fernandez,0,0,0,0,0,0,0,0,0,0,1
Ryan Och,0,0,0,0,0,0,0,0,0,0,1
Elieser Hernandez,0,0,0,0,0,0,0,0,0,0,1
Jonathan Hernandez,0,0,0,0,0,0,0,0,0,0,1
Hagen Danner,0,0,0,0,0,0,0,0,0,0,1
Noah Murdock,0,0,0,0,0,0,0,0,0,0,1
Garrett McDaniels,0,0,0,0,0,0,0,0,0,0,1
Parker Mushinski,0,0,0,0,0,0,0,0,0,0,1
Josh Ekness,0,0,0,0,0,0,0,0,0,0,1
Tyler Baum,0,0,0,0,0,0,0,0,0,0,1
Eddy Yean,0,0,0,0,0,0,0,0,0,0,1
Dale Stanavich,0,0,0,0,0,0,0,0,0,0,1
Juan Sanchez,0,0,0,0,0,0,0,0,0,0,1
Gerardo Carrillo,0,0,0,0,0,0,0,0,0,0,1
Landon Sims,0,0,0,0,0,0,0,0,0,0,1
Anderson Severino,0,0,0,0,0,0,0,0,0,0,1
Carlos Duran,0,0,0,0,0,0,0,0,0,0,1
Ryan Lambert,0,0,0,0,0,0,0,0,0,0,1
Eric Haase,1,0,0,0,0,0,0,0,1,0,0
Diego Cartaya,1,0,0,0,0,0,0,0,1,0,0
Logan Porter,1,0,0,0,0,0,0,0,1,0,0
Jair Camargo,1,0,0,0,0,0,0,0,1,0,0
P.J. Higgins,1,1,0,1,0,0,0,0,1,0,0
Ramon Rodriguez,1,0,0,0,0,0,0,0,1,0,0
Kevin Parada,1,0,0,0,0,0,0,0,1,0,0
Ryan Ignoffo,1,0,0,0,0,0,0,0,1,0,0
Caleb Ricketts,1,0,0,0,0,0,0,0,1,0,0
Andy Yerzy,1,0,0,0,0,0,0,0,1,0,0
Bryant Betancourt,1,0,0,0,0,0,0,0,1,0,0
Bennett Hostetler,1,0,0,1,0,0,0,0,1,0,0
Seby Zavala,1,0,0,0,0,0,0,0,1,0,0
Christian Bethancourt,1,0,0,0,0,0,0,0,1,0,0
Rene Pinto,1,0,0,0,0,0,0,0,1,0,0
Tres Barrera,1,0,0,0,0,0,0,0,1,0,0
Michael Trautwein,1,0,0,0,0,0,0,0,1,0,0
Omar Alfonzo,1,1,0,0,0,0,0,0,1,0,0
Griffin Lockwood-Powell,1,0,0,0,0,0,0,0,1,0,0
Mark Kolozsvary,1,0,0,0,0,0,0,0,1,0,0
Darrien Miller,1,0,0,0,0,0,0,0,1,0,0
Carlos Linarez,1,0,0,0,0,0,0,0,1,0,0
Caleb Lomavita,1,0,0,0,0,0,0,0,1,0,0
Grae Kessinger,0,0,0,1,0,0,0,0,1,0,0
Drew Rom,0,0,0,0,0,0,0,0,0,1,0
Owen Murphy,0,0,0,0,0,0,0,0,0,1,0
Logan Gillaspie,0,0,0,0,0,0,0,0,0,1,1
Gerson Garabito,0,0,0,0,0,0,0,0,0,1,0
Maxwel Rajcic,0,0,0,0,0,0,0,0,0,1,0
Tucker Davidson,0,0,0,0,0,0,0,0,0,1,0
Nick Margevicius,0,0,0,0,0,0,0,0,0,1,0
Yu-Min Lin,0,0,0,0,0,0,0,0,0,1,0
Jackson Ferris,0,0,0,0,0,0,0,0,0,1,0
Spencer Giesting,0,0,0,0,0,0,0,0,0,1,0
Karson Milbrandt,0,0,0,0,0,0,0,0,0,1,0
Davis Wendzel,0,0,0,0,1,0,0,0,1,0,0
Matt Mervis,0,1,0,0,0,0,0,0,1,0,0
Yohandy Morales,0,1,0,1,0,0,0,0,1,0,0
Blaze Jordan,0,1,0,1,0,0,0,0,1,0,0
Nathan Martorella,0,1,0,0,0,0,0,0,1,0,0
Victor Bericoto,0,1,0,0,0,1,1,1,1,0,0
Romeo Sanabria,0,1,0,0,0,0,0,0,1,0,0
Ivan Melendez,0,1,0,0,0,0,0,0,1,0,0
Keston Hiura,0,1,0,0,0,0,0,0,1,0,0
Tristin English,0,1,0,0,0,0,0,0,1,0,0
Cam Collier,0,1,0,1,0,0,0,0,1,0,0
Nick Solak,0,1,1,0,0,0,0,0,1,0,0
B.J. Murray Jr.,0,1,0,1,0,0,0,0,1,0,0
Osleivis Basabe,0,0,1,1,1,0,0,0,1,0,0
Chad Stevens,0,0,1,1,1,0,0,0,1,0,0
Bryan De La Cruz,0,0,0,0,0,1,1,1,1,0,0
Jose Ramos,0,0,0,0,0,1,1,1,1,0,0
Josue De Paula,0,0,0,0,0,1,1,1,1,0,0
Jose Azocar,0,0,0,0,0,1,1,1,1,0,0
Eduardo Garcia,0,0,0,0,1,1,1,1,1,0,0
Matt Gorski,0,1,0,0,0,1,1,1,1,0,0
Jared Oliva,0,0,0,0,0,1,1,1,1,0,0
Brett Bateman,0,0,0,0,0,1,1,1,1,0,0
Nick Schnell,0,0,0,0,0,1,1,1,1,0,0
Cole Carrigg,0,0,0,0,0,1,1,1,1,0,0
Ben Gamel,0,0,0,0,0,1,1,1,1,0,0
Christopher Newell,0,0,0,0,0,1,1,1,1,0,0
Chase Davis,0,0,0,0,0,1,1,1,1,0,0
Matthew Etzel,0,0,0,0,0,1,1,1,1,0,0
Luis Lara,0,0,0,0,0,1,1,1,1,0,0
Drew Avans,0,0,0,0,0,1,1,1,1,0,0
Pablo Reyes,0,0,0,0,0,1,1,1,1,0,0
Druw Jones,0,0,0,0,0,1,1,1,1,0,0
James Tibbs III,0,0,0,0,0,1,1,1,1,0,0
Kendall George,0,0,0,0,0,1,1,1,1,0,0
Dante Nori,0,0,0,0,0,1,1,1,1,0,0
Zyhir Hope,0,0,0,0,0,1,1,1,1,0,0
Jared Thomas,0,0,0,0,0,1,1,1,1,0,0
Luke Waddell,0,0,1,0,1,0,0,0,1,0,0
Jacob Amaya,0,0,0,0,1,0,0,0,1,0,0
Jackson Cluff,0,0,0,0,1,0,0,0,1,0,0
Cooper Pratt,0,0,0,0,1,0,0,0,1,0,0
Sergio Alcantara,0,0,0,0,1,0,0,0,1,0,0
Seaver King,0,0,0,0,1,0,0,0,1,0,0
Luken Baker,0,0,0,0,0,0,0,0,1,0,0
Jon Adams,0,1,0,1,0,0,0,0,1,0,0
Keaton Anthony,0,1,0,0,0,0,0,0,1,0,0
Ben McLaughlin,0,1,0,0,0,0,0,0,1,0,0
Carson DeMartini,0,0,0,1,1,0,0,0,1,0,0
Dylan Jasso,0,0,0,1,0,0,0,0,1,0,0
Ramon Mendoza,0,0,0,1,0,0,0,0,1,0,0
Connor Burns,1,0,0,0,0,0,0,0,1,0,0
Kehden Hettiger,1,1,0,0,0,0,0,0,1,0,0
Gavin Logan,1,0,0,0,0,0,0,0,1,0,0
Matt O'Neill,1,0,0,0,0,0,0,0,1,0,0
Sam Praytor,1,0,0,0,0,0,0,0,1,0,0
Shawn Ross,1,0,0,0,0,0,0,0,1,0,0
Graysen Tarlow,1,0,0,0,0,0,0,0,1,0,0
Matthew Wood,1,0,0,0,0,0,0,0,1,0,0
Michael Antico,0,0,0,0,0,1,1,1,1,0,0
Dillon Lewis,0,0,0,0,0,1,1,1,1,0,0
Felix Reyes,0,0,0,0,0,1,1,1,1,0,0
Fenwick Trimble,0,0,0,0,0,1,1,1,1,0,0
Nigel Belgrave,0,0,0,0,0,0,0,0,0,0,1
Hayden Durke,0,0,0,0,0,0,0,0,0,0,1
Luis Gastelum,0,0,0,0,0,0,0,0,0,0,1
Alfred Morillo,0,0,0,0,0,0,0,0,0,0,1
Jack Ralston,0,0,0,0,0,0,0,0,0,0,1
Joel Alberto Valdez,0,0,0,0,0,0,0,0,0,0,1
Samuel Vasquez,0,0,0,0,0,0,0,0,0,0,1
Daniel Eagen,0,0,0,0,0,0,0,0,0,1,0
Tate Kuehner,0,0,0,0,0,0,0,0,0,1,0
Hancel Rincon,0,0,0,0,0,0,0,0,0,1,0
Johnny Olmstead,0,0,1,0,1,0,0,0,1,0,0
Cristofer Torin,0,0,1,0,1,0,0,0,1,0,0
Bryan Rincon,0,0,0,0,1,0,0,0,1,0,0
Mitch Jebb,0,0,1,0,0,1,1,1,1,0,0
Adam Serwinowski,0,0,0,0,0,0,0,0,0,1,0
Derek Berg,1,1,0,0,0,0,0,0,1,0,0
Nicholas Cimillo,0,1,0,0,0,0,0,0,1,0,0
Nicholas Dombkowski,0,0,0,0,0,0,0,0,0,1,1
Francisco Acuna,0,0,0,0,1,0,0,0,1,0,0
Garrett Baumann,0,0,0,0,0,0,0,0,0,1,0
Jase Bowen,0,0,0,0,0,1,1,1,1,0,0
Manuel Castro,0,0,0,0,0,0,0,0,0,0,1
Chanteyon Davidson,0,0,0,0,0,1,1,1,1,0,0
John Gil,0,0,0,0,1,0,0,0,1,0,0
Trenton Harris,0,0,0,0,0,0,0,0,0,0,1
Jake Holton,0,1,0,0,0,0,0,0,1,0,0
James Jarvis,0,0,0,0,1,0,0,0,1,0,0
Ethan Routzahn,0,0,0,0,0,0,0,0,0,0,1
Casey Opitz,1,0,0,0,0,0,0,0,1,0,0
Cole Messina,1,0,0,0,0,0,0,0,1,0,0
Nelson Quiroz,1,0,0,0,0,0,0,0,1,0,0
Ariel Armas,1,0,0,0,0,0,0,0,1,0,0
Christopher Suero,1,0,0,0,0,1,1,1,1,0,0
Andrew Ewing,0,0,0,0,0,1,1,1,1,0,0
Zachary Ehrhard,0,0,0,0,0,1,1,1,1,0,0
Lucas Wepf,0,0,0,0,0,0,0,0,0,0,1
Carson Hobbs,0,0,0,0,0,0,0,0,0,0,1
Matthew Turner,0,0,0,0,0,0,0,0,0,0,1
Connor Schultz,0,0,0,0,0,0,0,0,0,1,1
Patrick Copen,0,0,0,0,0,0,0,0,0,1,0
Konner Eaton,0,0,0,0,0,0,0,0,0,1,0
Grant Kipp,0,0,0,0,0,0,0,0,0,1,0
Chris Campos,0,0,0,0,0,0,0,0,0,1,0
Adam Laskey,0,0,0,0,0,0,0,0,0,1,1
Jefferson Rojas,0,0,1,0,1,0,0,0,1,0,0
Dedniel Nunez,0,0,0,0,0,0,0,0,0,0,1
Tylor Megill,0,0,0,0,0,0,0,0,0,1,0
Randy Rodriguez,0,0,0,0,0,0,0,0,0,0,1
Reed Garrett,0,0,0,0,0,0,0,0,0,0,1
Rowan Wick,0,0,0,0,0,0,0,0,0,0,1
Bligh Madris,0,1,0,0,0,0,0,0,1,0,0
Jacob Hurtubise,0,0,0,0,0,1,1,1,1,0,0
Owen Miller,0,0,1,0,0,0,0,0,1,0,0
Cam Michael Devanney,0,0,0,1,0,0,0,0,1,0,0
Jordyn Adams,0,0,0,0,0,1,1,1,1,0,0
Cionel Perez,0,0,0,0,0,0,0,0,0,0,1
Alexander Albertus,0,0,0,1,0,0,0,0,1,0,0
Ryan Cusick,0,0,0,0,0,0,0,0,0,1,1
Nick Nastrini,0,0,0,0,0,0,0,0,0,1,1
Nicholas Kent,0,0,1,1,0,0,0,0,1,0,0
Candido Cuevas,0,0,0,0,0,0,0,0,0,1,1
Dustin Saenz,0,0,0,0,0,0,0,0,0,1,1
Aldo Ramirez,0,0,0,0,0,0,0,0,0,0,1
Reginald Preciado,0,0,0,1,0,0,0,0,1,0,0
Scott Randall,0,0,0,0,0,0,0,0,0,0,1
Riley Thompson,0,0,0,0,0,0,0,0,0,0,1
Junior Tilien,0,0,1,0,0,1,1,1,1,0,0
Yeiler Peguero,0,0,0,1,0,0,0,0,1,0,0
Andrew Fischer,0,0,0,1,0,0,0,0,1,0,0
Nolan Kingham,0,0,0,0,0,0,0,0,0,0,1
Anderson Franco,0,0,0,1,0,0,0,0,1,0,0
Colin Houck,0,0,0,1,1,0,0,0,1,0,0
Aaron Leasher,0,0,0,0,0,0,0,0,0,0,1
Josh Maciejewski,0,0,0,0,0,0,0,0,0,1,1
Vladimir Gutierrez,0,0,0,0,0,0,0,0,0,0,1
Filippo Di Turi,0,0,1,1,1,0,0,0,1,0,0
Derian Cruz,0,0,0,1,0,0,0,0,1,0,0
Austin Gauthier,0,0,1,0,0,0,0,0,1,0,0
Cody Morissette,0,0,1,0,0,0,0,0,1,0,0
J.B. Bukauskas,0,0,0,0,0,0,0,0,0,0,1
Clayton Kershaw,0,0,0,0,0,0,0,0,0,1,0
Adam Seminaris,0,0,0,0,0,0,0,0,0,1,0
Garrett Stallings,0,0,0,0,0,0,0,0,0,1,1
Ryan Jensen,0,0,0,0,0,0,0,0,0,0,1
Ben Heller,0,0,0,0,0,0,0,0,0,0,1
Luis Ortiz,0,0,0,0,0,0,0,0,0,0,1
Ray Kerr,0,0,0,0,0,0,0,0,0,0,1
Evan Justice,0,0,0,0,0,0,0,0,0,0,1
John McMillon,0,0,0,0,0,0,0,0,0,0,1
Brett de Geus,0,0,0,0,0,0,0,0,0,0,1
Victor Santos,0,0,0,0,0,0,0,0,0,0,1
Misael Tamarez,0,0,0,0,0,0,0,0,0,0,1
Buck Farmer,0,0,0,0,0,0,0,0,0,0,1
Giovanny Gallegos,0,0,0,0,0,0,0,0,0,0,1
Josh Winder,0,0,0,0,0,0,0,0,0,0,1
Miguel Diaz,0,0,0,0,0,0,0,0,0,0,1
Sean Reid-Foley,0,0,0,0,0,0,0,0,0,0,1
Albert Abreu,0,0,0,0,0,0,0,0,0,0,1
Chad Kuhl,0,0,0,0,0,0,0,0,0,0,1
Kolton Ingram,0,0,0,0,0,0,0,0,0,0,1
Jose Hernandez,0,0,0,0,0,0,0,0,0,0,1
Riley Pint,0,0,0,0,0,0,0,0,0,0,1
Tyler Jay,0,0,0,0,0,0,0,0,0,0,1
Chasen Shreve,0,0,0,0,0,0,0,0,0,0,1
Josh Staumont,0,0,0,0,0,0,0,0,0,0,1
Jackson Stephens,0,0,0,0,0,0,0,0,0,0,1
Thyago Vieira,0,0,0,0,0,0,0,0,0,0,1
Nicholas Padilla,0,0,0,0,0,0,0,0,0,0,1
Alex Young,0,0,0,0,0,0,0,0,0,0,1
Kevin Kopps,0,0,0,0,0,0,0,0,0,0,1
Connor Overton,0,0,0,0,0,0,0,0,0,0,1
Ricky Karcher,0,0,0,0,0,0,0,0,0,0,1
Matt Carasiti,0,0,0,0,0,0,0,0,0,0,1
Kade McClure,0,0,0,0,0,0,0,0,0,0,1
Tyler Beede,0,0,0,0,0,0,0,0,0,0,1
Brandon Hughes,0,0,0,0,0,0,0,0,0,0,1
Cameron Robinson,0,0,0,0,0,0,0,0,0,0,1
Stephen Nogosek,0,0,0,0,0,0,0,0,0,1,1
Junior Rafael Santos,0,0,0,0,0,0,0,0,0,0,1
Colin Peluse,0,0,0,0,0,0,0,0,0,0,1
Ricardo Pinto,0,0,0,0,0,0,0,0,0,0,1
Brooks Wilson,0,0,0,0,0,0,0,0,0,0,1
Matt Barnes,0,0,0,0,0,0,0,0,0,0,1
Brandon Bielak,0,0,0,0,0,0,0,0,0,0,1
Austin Davis,0,0,0,0,0,0,0,0,0,0,1
Nick Robertson,0,0,0,0,0,0,0,0,0,0,1
Oliver Ortega,0,0,0,0,0,0,0,0,0,0,1
Raffi Vizcaino,0,0,0,0,0,0,0,0,0,0,1
Raymond Burgos,0,0,0,0,0,0,0,0,0,0,1
Anthony Gose,0,0,0,0,0,0,0,0,0,0,1
Jesus Liranzo,0,0,0,0,0,0,0,0,0,0,1
Jose Cruz,0,0,0,0,0,0,0,0,0,0,1
Drew Carlton,0,0,0,0,0,0,0,0,0,0,1
Matt Tabor,0,0,0,0,0,0,0,0,0,0,1
Anderson Pilar,0,0,0,0,0,0,0,0,0,0,1
Joan Adon,0,0,0,0,0,0,0,0,0,0,1
Diego Castillo,0,0,0,0,0,0,0,0,0,0,1
Brailyn Marquez,0,0,0,0,0,0,0,0,0,0,1
Parker Dunshee,0,0,0,0,0,0,0,0,0,0,1
Nick Vespi,0,0,0,0,0,0,0,0,0,0,1
Quinn Brodey,0,0,0,0,0,0,0,0,0,0,1
Russell Smith,0,0,0,0,0,0,0,0,0,0,1
Michael Flynn,0,0,0,0,0,0,0,0,0,0,1
Erick Mejia,0,0,0,0,0,0,0,0,0,0,1
Jacob Wallace,0,0,0,0,0,0,0,0,0,0,1
Jordi Martinez,0,0,0,0,0,0,0,0,0,0,1
Chad Smith,0,0,0,0,0,0,0,0,0,0,1
Nelson Alvarez,0,0,0,0,0,0,0,0,0,0,1
Ryan Miller,0,0,0,0,0,0,0,0,0,0,1
Alan Busenitz,0,0,0,0,0,0,0,0,0,0,1
Royber Salinas,0,0,0,0,0,0,0,0,0,0,1
Silvino Bracho,0,0,0,0,0,0,0,0,0,0,1
Domingo Tapia,0,0,0,0,0,0,0,0,0,0,1
Michael Gomez,0,0,0,0,0,0,0,0,0,0,1
Enmanuel Mejia,0,0,0,0,0,0,0,0,0,0,1
Reiss Knehr,0,0,0,0,0,0,0,0,0,0,1
Daniel Castano,0,0,0,0,0,0,0,0,0,0,1
Geronimo Franzua,0,0,0,0,0,0,0,0,0,0,1
Reggie Crawford,0,0,0,0,0,0,0,0,0,0,1
Edwin Nunez,0,0,0,0,0,0,0,0,0,0,1
James Meeker,0,0,0,0,0,0,0,0,0,0,1
Luis Reyes,0,0,0,0,0,0,0,0,0,0,1
Edwin Escobar,0,0,0,0,0,0,0,0,0,0,1
Seth Corry,0,0,0,0,0,0,0,0,0,0,1
Evan Kravetz,0,0,0,0,0,0,0,0,0,0,1
Jorge Benitez,0,0,0,0,0,0,0,0,0,0,1
Mason Fox,0,0,0,0,0,0,0,0,0,0,1
Andrew Moore,0,0,0,0,0,0,0,0,0,0,1
Sam Delaplane,0,0,0,0,0,0,0,0,0,0,1
Blake Cederlind,0,0,0,0,0,0,0,0,0,0,1
Darien Nunez,0,0,0,0,0,0,0,0,0,0,1
Alberto Baldonado,0,0,0,0,0,0,0,0,0,0,1
Marcel Renteria,0,0,0,0,0,0,0,0,0,0,1
Jose Martinez,0,0,0,0,0,0,0,0,0,0,1
Tahnaj Thomas,0,0,0,0,0,0,0,0,0,0,1
Jose Mujica,0,0,0,0,0,0,0,0,0,0,1
Tommy Eveld,0,0,0,0,0,0,0,0,0,0,1
Keegan Curtis,0,0,0,0,0,0,0,0,0,0,1
Odalvi Javier,0,0,0,0,0,0,0,0,0,0,1
Victor Castaneda,0,0,0,0,0,0,0,0,0,0,1
Tyler Dyson,0,0,0,0,0,0,0,0,0,0,1
Sam Weatherly,0,0,0,0,0,0,0,0,0,0,1
Mason Denaburg,0,0,0,0,0,0,0,0,0,0,1
Koen Moreno,0,0,0,0,0,0,0,0,0,0,1
James Bourque,0,0,0,0,0,0,0,0,0,0,1
Santiago Florez,0,0,0,0,0,0,0,0,0,0,1
Jimmy Lewis,0,0,0,0,0,0,0,0,0,0,1
Sandy Gaston,0,0,0,0,0,0,0,0,0,0,1
Burl Carraway,0,0,0,0,0,0,0,0,0,0,1
John Patterson,0,0,0,0,0,0,0,0,0,0,1
Alec Willis,0,0,0,0,0,0,0,0,0,0,1
Alvin Guzman,0,0,0,0,0,0,0,0,0,0,1
Sadrac Franco,0,0,0,0,0,0,0,0,0,0,1
Sam Thoresen,0,0,0,0,0,0,0,0,0,0,1
Luis A Rodriguez,0,0,0,0,0,0,0,0,0,0,1
Reiner Lopez,0,0,0,0,0,0,0,0,0,0,1
Luis Vizcaino,0,0,0,0,0,0,0,0,0,0,1
Will Ethridge,0,0,0,0,0,0,0,0,0,0,1
Eduar Segovia,0,0,0,0,0,0,0,0,0,0,1
Koyo Aoyagi,0,0,0,0,0,0,0,0,0,1,1
Thomas Burrows,0,0,0,0,0,0,0,0,0,0,1
Daniel Alvarez,0,0,0,0,0,0,0,0,0,0,1
Ramon Santos,0,0,0,0,0,0,0,0,0,0,1
Yorvin Pantoja,0,0,0,0,0,0,0,0,0,0,1
Carlos Belen,0,0,0,0,0,0,0,0,0,0,1
Jeff Singer,0,0,0,0,0,0,0,0,0,0,1
Alexander Guillen,0,0,0,0,0,0,0,0,0,0,1
Moises Gomez,0,0,0,0,0,1,1,1,1,0,1
Yennsy Diaz,0,0,0,0,0,0,0,0,0,0,1
Ryley Gilliam,0,0,0,0,0,0,0,0,0,0,1
Juan Gamez,0,0,0,0,0,0,0,0,0,0,1
Thomas Jankins,0,0,0,0,0,0,0,0,0,0,1
Arnaldo Hernandez,0,0,0,0,0,0,0,0,0,0,1
Pedro Payano,0,0,0,0,0,0,0,0,0,0,1
Jacob Condra-Bogan,0,0,0,0,0,0,0,0,0,0,1
Morgan Cooper,0,0,0,0,0,0,0,0,0,0,1
Adonis Uceta,0,0,0,0,0,0,0,0,0,0,1
Elvis Escobar,0,0,0,0,0,0,0,0,0,0,1
Jose Paulino,0,0,0,0,0,0,0,0,0,0,1
Elniery Garcia,0,0,0,0,0,0,0,0,0,0,1
Emerson Jimenez,0,0,0,0,0,0,0,0,0,0,1
Alberto Tirado,0,0,0,0,0,0,0,0,0,0,1
Garrett Cave,0,0,0,0,0,0,0,0,0,0,1
Luis Escobar,0,0,0,0,0,0,0,0,0,0,1
Merandy Gonzalez,0,0,0,0,0,0,0,0,0,0,1
Cody Reed,0,0,0,0,0,0,0,0,0,0,1
Drew Finley,0,0,0,0,0,0,0,0,0,0,1
Robert Dominguez,0,0,0,0,0,0,0,0,0,0,1
Luis Perdomo,0,0,0,0,0,0,0,0,0,0,1
Angel Rondon,0,0,0,0,0,0,0,0,0,0,1
Kevin Smith,0,0,0,0,0,0,0,0,0,0,1
Pearson McMahan,0,0,0,0,0,0,0,0,0,0,1
Kevin Joel Gadea,0,0,0,0,0,0,0,0,0,0,1
Yadier Alvarez,0,0,0,0,0,0,0,0,0,0,1
Jose Almonte,0,0,0,0,0,0,0,0,0,0,1
William Tribucher,0,0,0,0,0,0,0,0,0,0,1
Austin Smith,0,0,0,0,0,0,0,0,0,0,1
Tomas Alastre,0,0,0,0,0,0,0,0,0,0,1
Jose Albertos,0,0,0,0,0,0,0,0,0,0,1
Osvanni Gutierrez,0,0,0,0,0,0,0,0,0,0,1
Octavio Becerra,0,0,0,0,0,0,0,0,0,0,1
Brian Marconi,0,0,0,0,0,0,0,0,0,0,1
Nathan Kirby,0,0,0,0,0,0,0,0,0,0,1
Danny Denz,0,0,0,0,0,0,0,0,0,0,1
Hunter Cranton,0,0,0,0,0,0,0,0,0,0,1
Accimias Morales,0,0,0,0,0,0,0,0,0,0,1
Chris Clarke,0,0,0,0,0,0,0,0,0,0,1
Ryan Murphy,0,0,0,0,0,0,0,0,0,0,1
Thomas Farr,0,0,0,0,0,0,0,0,0,0,1
Janero Miller,0,0,0,0,0,0,0,0,0,0,1
Dylan Lesko,0,0,0,0,0,0,0,0,0,0,1
Branneli Franco,0,0,0,0,0,0,0,0,0,0,1
Jun-Seok Shim,0,0,0,0,0,0,0,0,0,0,1
Bryan Shaw,0,0,0,0,0,0,0,0,0,0,1
Richard Rodriguez,0,0,0,0,0,0,0,0,0,0,1
Enrique Burgos,0,0,0,0,0,0,0,0,0,0,1
Javier D'Orazio,1,0,0,0,0,0,0,0,1,0,0
Samuel Hernandez,1,1,0,0,0,0,0,0,1,0,0
Andrick Nava,1,0,0,0,0,0,0,0,1,0,0
Eric Yang,1,0,0,0,0,0,0,0,1,0,0
Pablo Aliendo,1,1,0,0,0,0,0,0,1,0,0
Chris Okey,1,0,0,0,0,0,0,0,1,0,0
Caleb Knight,1,0,0,0,0,0,0,0,1,0,0
Matheu Nelson,1,0,0,0,0,0,0,0,1,0,0
Nicholas Kahle,1,0,0,0,0,0,0,0,1,0,0
Adrian Sugastey,1,0,0,0,0,0,0,0,1,0,0
Jesus Galiz,1,0,0,0,0,0,0,0,1,0,0
Aaron Antonini,1,0,0,0,0,0,0,0,1,0,0
Ethan Hearn,1,1,0,0,0,0,0,0,1,0,0
Brett Cumberland,1,0,0,0,0,0,0,0,1,0,0
Rayner Santana,1,0,0,0,0,0,0,0,1,0,0
Hendrik Clementina,1,0,0,0,0,0,0,0,1,0,0
Santiago Chavez,1,0,0,0,0,0,0,0,1,0,0
Francisco Arcia,1,0,0,0,0,0,0,0,1,0,0
Logan Tanner,1,0,0,0,0,0,0,0,1,0,0
Will Simoneit,1,0,0,0,0,0,0,0,1,0,0
Alfredo Duno,1,0,0,0,0,0,0,0,1,0,0
Daiverson Gutierrez,1,0,0,0,0,0,0,0,1,0,0
Grant Koch,1,0,0,0,0,0,0,0,1,0,0
Yovanny Rodriguez,1,0,0,0,0,0,0,0,1,0,0
Yohendry Sanchez,1,0,0,0,0,0,0,0,1,0,0
Wade Stauss,1,0,0,0,0,0,0,0,1,0,0
Harrison Wenson,1,0,0,0,0,0,0,0,1,0,0
Carlos Martinez,1,0,0,0,0,0,0,0,1,0,0
Logan Brown,1,0,0,0,0,0,0,0,1,0,0
Carlos Soto,1,0,0,0,0,0,0,0,1,0,0
B.J. Lopez,1,0,0,0,0,0,0,0,1,0,0
Ronnier Quintero,1,0,0,0,0,0,0,0,1,0,0
Eduardo Tait,1,0,0,0,0,0,0,0,1,0,0
Rainiel Rodriguez,1,0,0,0,0,0,0,0,1,0,0
Cristopher Larez,0,0,0,1,0,0,0,0,1,0,0
Anthony Rodriguez,0,0,0,1,0,0,0,0,1,0,0
Luis Tejeda,0,0,0,1,0,0,0,0,1,0,0
Cristhian Rodriguez,0,0,0,1,0,0,0,0,1,0,0
Aaron Bracho,0,1,0,1,0,0,0,0,1,0,0
Malcom Nunez,0,1,0,1,0,0,0,0,1,0,0
Luis Verdugo,0,1,0,1,0,0,0,0,1,0,0
Luis Toribio,0,0,0,1,0,0,0,0,1,0,0
Jose Sanchez,0,0,0,1,0,0,0,0,1,0,0
Debby Santana,0,0,0,1,0,0,0,0,1,0,0
Yeison Coca,0,0,0,1,0,0,0,0,1,0,0
Luis De Los Santos,0,0,0,1,0,0,0,0,1,0,0
Juan Fernandez,0,0,0,1,0,0,0,0,1,0,0
Charles Leblanc,0,1,0,1,0,0,0,0,1,0,0
Hernan Perez,0,0,0,1,0,0,0,0,1,0,0
David Bote,0,0,0,1,0,0,0,0,1,0,0
David Fletcher,0,0,1,1,0,0,0,0,1,0,0
Mike Brosseau,0,0,0,1,0,0,0,0,1,0,0
Juniel Querecuto,0,0,0,1,0,0,0,0,1,0,0
Nicholas Quintana,0,0,0,1,0,0,0,0,1,0,0
Richard Urena,0,0,0,1,0,0,0,0,1,0,0
Rayder Ascanio,0,0,0,1,0,0,0,0,1,0,0
Ruddy Giron,0,0,0,1,0,0,0,0,1,0,0
Jordan Cowan,0,0,0,1,0,0,0,0,1,0,0
Abiatal Avelino,0,0,0,1,0,0,0,0,1,0,0
Darius Vines,0,0,0,0,0,0,0,0,0,1,0
Oscar Pujols,0,0,0,0,0,0,0,0,0,1,1
Drue Hackenberg,0,0,0,0,0,0,0,0,0,1,0
Richard Gallardo,0,0,0,0,0,0,0,0,0,1,0
Chris McMahon,0,0,0,0,0,0,0,0,0,1,0
Kohl Franklin,0,0,0,0,0,0,0,0,0,1,0
Joander David Suarez,0,0,0,0,0,0,0,0,0,1,0
Peter Heubeck,0,0,0,0,0,0,0,0,0,1,0
Maddux Bruns,0,0,0,0,0,0,0,0,0,1,0
Anthony Solometo,0,0,0,0,0,0,0,0,0,1,0
Calvin William Ziegler,0,0,0,0,0,0,0,0,0,1,0
Mason Albright,0,0,0,0,0,0,0,0,0,1,0
Victor Lizarraga,0,0,0,0,0,0,0,0,0,1,0
Manuel Mercedes,0,0,0,0,0,0,0,0,0,1,1
Jacob Steinmetz,0,0,0,0,0,0,0,0,0,1,0
Christian McGowan,0,0,0,0,0,0,0,0,0,1,0
Matt Frisbee,0,0,0,0,0,0,0,0,0,1,0
Efrain Contreras,0,0,0,0,0,0,0,0,0,1,0
Josh Rogers,0,0,0,0,0,0,0,0,0,1,0
Noah Skirrow,0,0,0,0,0,0,0,0,0,1,0
Jack O'Loughlin,0,0,0,0,0,0,0,0,0,1,1
Sixto Sanchez,0,0,0,0,0,0,0,0,0,1,0
Daulton Jefferies,0,0,0,0,0,0,0,0,0,1,0
Thomas Parsons,0,0,0,0,0,0,0,0,0,1,0
Javier Atencio,0,0,0,0,0,0,0,0,0,1,0
Hyun-il Choi,0,0,0,0,0,0,0,0,0,1,1
Brandon Birdsell,0,0,0,0,0,0,0,0,0,1,0
Luis Patino,0,0,0,0,0,0,0,0,0,1,0
Kyle Brnovich,0,0,0,0,0,0,0,0,0,1,0
Ty Blach,0,0,0,0,0,0,0,0,0,1,0
Deivi Garcia,0,0,0,0,0,0,0,0,0,1,0
Julio Teheran,0,0,0,0,0,0,0,0,0,1,0
Max Castillo,0,0,0,0,0,0,0,0,0,1,0
Peyton Battenfield,0,0,0,0,0,0,0,0,0,1,0
Yonny Chirinos,0,0,0,0,0,0,0,0,0,1,0
Dallas Keuchel,0,0,0,0,0,0,0,0,0,1,0
Jay Groome,0,0,0,0,0,0,0,0,0,1,0
Aaron Wilkerson,0,0,0,0,0,0,0,0,0,1,0
Roenis Elias,0,0,0,0,0,0,0,0,0,1,0
Miguel Yajure,0,0,0,0,0,0,0,0,0,1,0
Franklyn Kilome,0,0,0,0,0,0,0,0,0,1,0
Nolan Watson,0,0,0,0,0,0,0,0,0,1,0
Kendall Williams,0,0,0,0,0,0,0,0,0,1,0
Brayan Medina,0,0,0,0,0,0,0,0,0,1,0
Humberto Mejia,0,0,0,0,0,0,0,0,0,1,0
Anderson Espinoza,0,0,0,0,0,0,0,0,0,1,0
Dinelson Lamet,0,0,0,0,0,0,0,0,0,1,0
Justin Armbruester,0,0,0,0,0,0,0,0,0,1,0
Drew Gray,0,0,0,0,0,0,0,0,0,1,0
Ty Floyd,0,0,0,0,0,0,0,0,0,1,0
Josh Knoth,0,0,0,0,0,0,0,0,0,1,0
Jeter Martinez,0,0,0,0,0,0,0,0,0,1,0
Noble Meyer,0,0,0,0,0,0,0,0,0,1,0
Humberto Cruz,0,0,0,0,0,0,0,0,0,1,0
Cam Caminiti,0,0,0,0,0,0,0,0,0,1,0
Kash Mayfield,0,0,0,0,0,0,0,0,0,1,0
Levi Sterling,0,0,0,0,0,0,0,0,0,1,0
Brody Brecht,0,0,0,0,0,0,0,0,0,1,0
Hyun-Seok Jang,0,0,0,0,0,0,0,0,0,1,0
Wei-Chieh Huang,0,0,0,0,0,0,0,0,0,1,0
Steven Fuentes,0,0,0,0,0,0,0,0,0,1,0
Yefry Ramirez,0,0,0,0,0,0,0,0,0,1,0
Rogelio Armenteros,0,0,0,0,0,0,0,0,0,1,0
Bo Takahashi,0,0,0,0,0,0,0,0,0,1,0
Ethan Elliott,0,0,0,0,0,0,0,0,0,1,0
Oscar De La Cruz,0,0,0,0,0,0,0,0,0,1,0
Harol Gonzalez,0,0,0,0,0,0,0,0,0,1,0
Jordan Humphreys,0,0,0,0,0,0,0,0,0,1,0
Breiling Eusebio,0,0,0,0,0,0,0,0,0,1,0
Adrian Florencio,0,0,0,0,0,0,0,0,0,1,0
Alvaro Seijas,0,0,0,0,0,0,0,0,0,1,0
Felix Jorge,0,0,0,0,0,0,0,0,0,1,0
Matt Blandino,0,0,0,0,0,0,0,0,0,1,0
Matt Ball,0,0,0,0,0,0,0,0,0,1,0
Casey Meisner,0,0,0,0,0,0,0,0,0,1,0
Jen-Ho Tseng,0,0,0,0,0,0,0,0,0,1,0
Marcos Molina,0,0,0,0,0,0,0,0,0,1,0
Erling Moreno,0,0,0,0,0,0,0,0,0,1,0
Imani Abdullah,0,0,0,0,0,0,0,0,0,1,0
Carlos Herrera,0,0,0,0,0,0,0,0,0,1,0
Wennington Romero,0,0,0,0,0,0,0,0,0,1,0
Christian James,0,0,0,0,0,0,0,0,0,1,0
Alfredo Jose Garcia,0,0,0,0,0,0,0,0,0,1,0
Matthew Bruce Allan,0,0,0,0,0,0,0,0,0,1,0
Ariel Jurado,0,0,0,0,0,0,0,0,0,1,0
Jose Acuna,0,0,0,0,0,0,0,0,0,1,0
Seth Hernandez,0,0,0,0,0,0,0,0,0,1,0
Kruz Schoolcraft,0,0,0,0,0,0,0,0,0,1,0
Gage Wood,0,0,0,0,0,0,0,0,0,1,0
Zach Root,0,0,0,0,0,0,0,0,0,1,0
Patrick Forbes,0,0,0,0,0,0,0,0,0,1,0
Manuel Rodriguez,0,0,0,0,0,0,0,0,0,1,0
Chen-Wei Lin,0,0,0,0,0,0,0,0,0,1,0
Carlson Reed,0,0,0,0,0,0,0,0,0,1,0
Brandon Clarke,0,0,0,0,0,0,0,0,0,1,0
Luke Holman,0,0,0,0,0,0,0,0,0,1,0
Micah Ottenbreit,0,0,0,0,0,0,0,0,0,1,0
Tyler Schlaffer,0,0,0,0,0,0,0,0,0,1,0
Jonathan Santucci,0,0,0,0,0,0,0,0,0,1,0
Julio Garcia,0,0,1,0,0,0,0,0,1,0,0
Mitch Voit,0,0,1,0,0,0,0,0,1,0,0
Adbiel Feliz,0,0,1,0,1,0,0,0,1,0,0
Nikau Pouaka-Grego,0,0,1,1,0,0,0,0,1,0,0
Eric Brown,0,0,1,0,0,1,1,1,1,0,0
Armando Cruz,0,0,1,0,0,0,0,0,1,0,0
Yiddi Cappe,0,0,1,0,0,0,0,0,1,0,0
Jheremy Vargas,0,0,1,0,0,0,0,0,1,0,0
Kevin Made,0,0,1,0,1,0,0,0,1,0,0
Ambioris Tavarez,0,0,1,0,1,0,0,0,1,0,0
Ludwing Espinoza,0,0,1,0,1,0,0,0,1,0,0
JD Dix,0,0,1,0,0,0,0,0,1,0,0
Demetrio Crisantes,0,0,1,1,0,0,0,0,1,0,0
Roc Riggio,0,0,1,0,0,0,0,0,1,0,0
Edwin Solano,0,0,1,0,0,0,0,0,1,0,0
Wilman Diaz,0,0,1,0,0,0,0,0,1,0,0
Jordan Eugene McCants,0,0,1,0,0,0,0,0,1,0,0
Alexander Manuel Perez,0,0,1,0,0,0,0,0,1,0,0
Carlos Santiago,0,0,1,0,0,0,0,0,1,0,0
Yeison Santana,0,0,1,0,0,0,0,0,1,0,0
James Glowenke,0,0,1,0,0,0,0,0,1,0,0
Jose Devers,0,0,1,0,0,0,0,0,1,0,0
Eddy Diaz,0,0,1,0,0,0,0,0,1,0,0
Jonathan Guzman,0,0,1,0,0,0,0,0,1,0,0
Jordy Barley,0,0,1,0,0,0,0,0,1,0,0
Julio Carreras,0,0,1,1,0,0,0,0,1,0,0
Joey Wendle,0,0,1,0,0,0,0,0,1,0,0
Yolbert Sanchez,0,0,1,0,0,0,0,0,1,0,0
Jake Alu,0,0,1,0,0,0,0,0,1,0,0
Jonathan Arauz,0,0,1,0,0,0,0,0,1,0,0
Elvis Andrus,0,0,1,0,0,0,0,0,1,0,0
Niko Goodrum,0,0,1,0,1,0,0,0,1,0,0
Victor Acosta,0,0,1,0,0,0,0,0,1,0,0
Alfredo Rodriguez,0,0,1,0,0,0,0,0,1,0,0
Osvaldo Manuel Abreu,0,0,1,0,0,0,0,0,1,0,0
Jonathan Willems,0,0,1,0,0,0,0,0,1,0,0
Javier Betancourt,0,0,1,0,0,0,0,0,1,0,0
Aramis Ademan,0,0,1,0,0,0,0,0,1,0,0
Mike Boeve,0,1,0,0,0,0,0,0,1,0,0
JT Schwartz,0,1,0,0,0,0,0,0,1,0,0
Alex Binelas,0,1,0,0,0,0,0,0,1,0,0
Haydn McGeary,0,1,0,0,0,0,0,0,1,0,0
Raymond Mola,0,1,0,0,0,1,1,1,1,0,0
Wes Clarke,0,1,0,0,0,0,0,0,1,0,0
Brock Vradenburg,0,1,0,0,0,0,0,0,1,0,0
Branden Boissiere,0,1,0,0,0,0,0,0,1,0,0
Manuel Cabrera,0,1,0,1,0,0,0,0,1,0,0
Blake Burke,0,1,0,0,0,0,0,0,1,0,0
Kevin Ereu,0,1,0,1,1,0,0,0,1,0,0
Rickardo Perez,0,1,0,0,0,0,0,0,1,0,0
Roismar Quintana,0,1,0,0,0,0,0,0,1,0,0
Alexander Mojica,0,1,0,0,0,0,0,0,1,0,0
Jesus David Parra,0,1,0,0,0,0,0,0,1,0,0
Yan Contreras,0,1,0,0,0,0,0,0,1,0,0
Diowill Manuel Burgos,0,1,0,0,0,0,0,0,1,0,0
Matthew Batten,0,1,0,1,0,0,0,0,1,0,0
Brian Anderson,0,1,0,0,0,0,0,0,1,0,0
Yairo Munoz,0,1,0,0,0,0,0,0,1,0,0
Alfonso Rivas III,0,1,0,0,0,0,0,0,1,0,0
Jhailyn Ortiz,0,1,0,0,0,0,0,0,1,0,0
Michel Triana,0,1,0,0,0,0,0,0,1,0,0
Grant Lavigne,0,1,0,0,0,0,0,0,1,0,0
Jiman Choi,0,1,0,0,0,0,0,0,1,0,0
Cristian Santana,0,1,0,0,0,0,0,0,1,0,0
Elehuris Montero,0,1,0,0,0,0,0,0,1,0,0
Lewin Diaz,0,1,0,0,0,0,0,0,1,0,0
Garrett Cooper,0,1,0,0,0,0,0,0,1,0,0
Bryce Ball,0,1,0,0,0,0,0,0,1,0,0
Edwin Rios,0,1,0,0,0,0,0,0,1,0,0
Brandon Lewis,0,1,0,0,0,0,0,0,1,0,0
Jose Peraza,0,1,0,0,0,0,0,0,1,0,0
Thomas Dillard,0,1,0,0,0,0,0,0,1,0,0
Allen Cordoba,0,1,0,0,0,0,0,0,1,0,0
Angel Cepeda,0,0,0,1,1,0,0,0,1,0,0
Erik Gonzalez,0,0,0,0,1,0,0,0,1,0,0
Pedro Martinez,0,0,0,0,1,0,0,0,1,0,0
Alexander Vargas,0,0,0,1,1,0,0,0,1,0,0
Levi Jordan,0,0,0,1,1,0,0,0,1,0,0
Jeremy Rodriguez,0,0,1,1,1,0,0,0,1,0,0
Joendry Vargas,0,0,0,1,1,0,0,0,1,0,0
Naibel Mariano,0,0,0,1,1,0,0,0,1,0,0
Jay Allen,0,0,0,0,0,1,1,1,1,0,0
Eduardo Quintero,0,0,0,0,0,1,1,1,1,0,0
Carlos Jorge,0,0,0,0,0,1,1,1,1,0,0
Ivan Johnson,0,0,0,0,0,1,1,1,1,0,0
Madison Stokes,0,0,0,0,1,0,0,0,1,0,0
Derniche Valdez,0,0,0,0,1,1,1,1,1,0,0
Charlie Blackmon,0,0,0,0,0,1,1,1,1,0,0
Conner Capel,0,0,0,0,0,1,1,1,1,0,0
DJ Stewart,0,0,0,0,0,1,1,1,1,0,0
Forrest Wall,0,0,0,0,0,1,1,1,1,0,0
Stone Garrett,0,0,0,0,0,1,1,1,1,0,0
J.P. Martinez,0,0,0,0,0,1,1,1,1,0,0
Simon Muzziotti,0,0,0,0,0,1,1,1,1,0,0
Bubba Thompson,0,0,0,0,0,1,1,1,1,0,0
Taylor Kohlwey,0,0,0,0,0,1,1,1,1,0,0
Bladimir Restituyo,0,0,0,0,0,1,1,1,1,0,0
Jeremy De La Rosa,0,0,0,0,0,1,1,1,1,0,0
David Dahl,0,0,0,0,0,1,1,1,1,0,0
Ryan McKenna,0,0,0,0,0,1,1,1,1,0,0
Leury Garcia,0,0,0,0,0,1,1,1,1,0,0
Peyton Burdick,0,0,0,0,0,1,1,1,1,0,0
Robert Perez,0,0,0,0,0,1,1,1,1,0,0
Felix Valerio,0,0,0,0,0,1,1,1,1,0,0
Matt Fraizer,0,0,0,0,0,1,1,1,1,0,0
Carlos De La Cruz,0,0,0,0,0,1,1,1,1,0,0
Dasan Brown,0,0,0,0,0,1,1,1,1,0,0
Justin Dirden,0,0,0,0,0,1,1,1,1,0,0
Marty Costes,0,0,0,0,0,1,1,1,1,0,0
Jairo Pomares,0,0,0,0,0,1,1,1,1,0,0
Ethan Wilson,0,0,0,0,0,1,1,1,1,0,0
Vaun Brown,0,0,0,0,0,1,1,1,1,0,0
Wilderd Patino,0,0,0,0,0,1,1,1,1,0,0
Dalvy Rosario,0,0,0,0,0,1,1,1,1,0,0
Franchy Cordero,0,0,0,0,0,1,1,1,1,0,0
Matt James Kroon,0,0,0,0,0,1,1,1,1,0,0
Jordan Nwogu,0,0,0,0,0,1,1,1,1,0,0
Lolo Sanchez,0,0,0,0,0,1,1,1,1,0,0
Yonathan Perlaza,0,0,0,0,0,1,1,1,1,0,0
Hunter David Bishop,0,0,0,0,0,1,1,1,1,0,0
Jimmy Herron,0,0,0,0,0,1,1,1,1,0,0
Chavez Young,0,0,0,0,0,1,1,1,1,0,0
Alexander Ovalles,0,0,0,0,0,1,1,1,1,0,0
Yasel Antuna,0,0,0,0,0,1,1,1,1,0,0
Jameson Hannah,0,0,0,0,0,1,1,1,1,0,0
Stanley Consuegra,0,0,0,0,0,1,1,1,1,0,0
Benny Montgomery,0,0,0,0,0,1,1,1,1,0,0
Rafael Ortega,0,0,0,0,0,1,1,1,1,0,0
Trey Harris,0,0,0,0,0,1,1,1,1,0,0
Alex Ramirez,0,0,0,0,0,1,1,1,1,0,0
Abraham Almonte,0,0,0,0,0,1,1,1,1,0,0
Victor Mesa,0,0,0,0,0,1,1,1,1,0,0
Tanner Allen,0,0,0,0,0,1,1,1,1,0,0
Rodolfo Nolasco,0,0,0,0,0,1,1,1,1,0,0
Eddy Alvarez,0,0,0,0,0,1,1,1,1,0,0
Alexander Suarez,0,0,0,0,0,1,1,1,1,0,0
Korry Howell,0,0,0,0,0,1,1,1,1,0,0
Justice Thompson,0,0,0,0,0,1,1,1,1,0,0
Rafael Morel,0,0,0,0,0,1,1,1,1,0,0
Ian Lewis,0,0,0,0,0,1,1,1,1,0,0
Robby Martin,0,0,0,0,0,1,1,1,1,0,0
Jordan Viars,0,0,0,0,0,1,1,1,1,0,0
Jack Herman,0,0,0,0,0,1,1,1,1,0,0
Jorge Ona,0,0,0,0,0,1,1,1,1,0,0
Ryan Holgate,0,0,0,0,0,1,1,1,1,0,0
Malvin Valdez,0,0,0,0,0,1,1,1,1,0,0
Adrian Hernandez,0,0,0,0,0,1,1,1,1,0,0
Daniel Montesino,0,0,0,0,0,1,1,1,1,0,0
Yhoswar Garcia,0,0,0,0,0,1,1,1,1,0,0
Ariel Almonte,0,0,0,0,0,1,1,1,1,0,0
Daniel Montano,0,0,0,0,0,1,1,1,1,0,0
Lonnie White Jr.,0,0,0,0,0,1,1,1,1,0,0
Esmil Valencia,0,0,0,0,0,1,1,1,1,0,0
Sergio Campana,0,0,0,0,0,1,1,1,1,0,0
Jake Vogel,0,0,0,0,0,1,1,1,1,0,0
Gian Zapata,0,0,0,0,0,1,1,1,1,0,0
Luis David Medina,0,0,0,0,0,1,1,1,1,0,0
Adolfo Sanchez,0,0,0,0,0,1,1,1,1,0,0
Jalvin Arias,0,0,0,0,0,1,1,1,1,0,0
Ismael Mena,0,0,0,0,0,1,1,1,1,0,0
Eduardo Diaz,0,0,0,0,0,1,1,1,1,0,0
Eric Santana,0,0,0,0,0,1,1,1,1,0,0
Adriel Radney,0,0,0,0,0,1,1,1,1,0,0
Yermin Mercedes,0,0,0,0,0,1,1,1,1,0,0
Luis Pino,0,0,0,0,0,1,1,1,1,0,0
Eduarqui Fernandez,0,0,0,0,0,1,1,1,1,0,0
Victor Hurtado,0,0,0,0,0,1,1,1,1,0,0
Carlos Tocci,0,0,0,0,0,1,1,1,1,0,0
Elijah Green,0,0,0,0,0,1,1,1,1,0,0
Belfi Rivera,0,0,0,0,0,1,1,1,1,0,0
Cristhian Vaquero,0,0,0,0,0,1,1,1,1,0,0
Edward Lantigua,0,0,0,0,0,1,1,1,1,0,0
Juan Alonso,0,0,0,0,0,1,1,1,1,0,0
Chris Roller,0,0,0,0,0,1,1,1,1,0,0
Bralyn Brazoban,0,0,0,0,0,1,1,1,1,0,0
Mariel Bautista,0,0,0,0,0,1,1,1,1,0,0
Andy Acevedo,0,0,0,0,0,1,1,1,1,0,0
Rayner Arias,0,0,0,0,0,1,1,1,1,0,0
Omar Estevez,0,0,0,0,0,1,1,1,1,0,0
Anthony Baptist,0,0,0,0,0,1,1,1,1,0,0
Luis Cova,0,0,0,0,0,1,1,1,1,0,0
Jonatan Machado,0,0,0,0,0,1,1,1,1,0,0
Robert Calaz,0,0,0,0,0,1,1,1,1,0,0
Shalin Polanco,0,0,0,0,0,1,1,1,1,0,0
Jhon Torres,0,0,0,0,0,1,1,1,1,0,0
PJ Morlando,0,0,0,0,0,1,1,1,1,0,0
Luis Guanipa,0,0,0,0,0,1,1,1,1,0,0
Osvaldo Gavilan,0,0,0,0,0,1,1,1,1,0,0
Braylon Payne,0,0,0,0,0,1,1,1,1,0,0
Dillon Head,0,0,0,0,0,1,1,1,1,0,0
José Cardona,0,0,0,0,0,1,1,1,1,0,0
Galvi Moscat,0,0,0,0,0,1,1,1,1,0,0
Arnaldo Lantigua,0,0,0,0,0,1,1,1,1,0,0
Slade Caldwell,0,0,0,0,0,1,1,1,1,0,0
Wuilmer Becerra,0,0,0,0,0,1,1,1,1,0,0
Eddy Martinez,0,0,0,0,0,1,1,1,1,0,0
Deivy Castillo,0,0,0,0,0,1,1,1,1,0,0
Ricardo Marcano,0,0,0,0,0,1,1,1,1,0,0
Omar Carrizales,0,0,0,0,0,1,1,1,1,0,0
Michael Medina,0,0,0,0,0,1,1,1,1,0,0
Wadye Ynfante,0,0,0,0,0,1,1,1,1,0,0
Zeke White,0,0,0,0,0,1,1,1,1,0,0
Isael Soto,0,0,0,0,0,1,1,1,1,0,0
Conner Uselton,0,0,0,0,0,1,1,1,1,0,0
Starling Heredia,0,0,0,0,0,1,1,1,1,0,0
Larry Ernesto,0,0,0,0,0,1,1,1,1,0,0
Mac Wainwright,0,0,0,0,0,1,1,1,1,0,0
Carlos Rincon,0,0,0,0,0,1,1,1,1,0,0
Mike Sirota,0,0,0,0,0,1,1,1,1,0,0
Ethan Conrad,0,0,0,0,0,1,1,1,1,0,0
Cam Cannarella,0,0,0,0,0,1,1,1,1,0,0
Charles Davalan,0,0,0,0,0,1,1,1,1,0,0
Edward Florentino,0,0,0,0,0,1,1,1,1,0,0
Tai Peete,0,0,0,0,0,1,1,1,1,0,0
Andrew Salas,0,0,0,0,0,1,1,1,1,0,0
Eduardo Lopez,0,0,0,0,0,1,1,1,1,0,0
Carlos Gutierrez,0,0,0,0,0,1,1,1,1,0,0
Dakota Jordan,0,0,0,0,0,1,1,1,1,0,0
Cal Conley,0,0,1,0,1,0,0,0,1,0,0
Yonny Hernandez,0,0,1,0,1,0,0,0,1,0,0
Jace Peterson,0,0,0,0,1,0,0,0,1,0,0
Fernando Cruz,0,0,1,0,1,0,0,0,1,0,0
Luis Pena,0,0,1,0,1,0,0,0,1,0,0
Tate Southisene,0,0,1,0,1,0,0,0,1,0,0
Gavin Kilen,0,0,1,0,1,0,0,0,1,0,0
Cristian Hernandez,0,0,0,0,1,0,0,0,1,0,0
Aeverson Arteaga,0,0,0,0,1,0,0,0,1,0,0
Jose Torres,0,0,0,0,1,0,0,0,1,0,0
Freddy Zamora,0,0,0,0,1,0,0,0,1,0,0
Rodolfo Castro,0,0,0,0,1,0,0,0,1,0,0
Ray-Patrick Elijah Didder,0,0,0,0,1,0,0,0,1,0,0
Tucupita Marcano,0,0,0,0,1,0,0,0,1,0,0
Arquimedes Gamboa,0,0,0,0,1,0,0,0,1,0,0
Johan Camargo,0,0,0,0,1,0,0,0,1,0,0
Fabian Pertuz,0,0,0,0,1,0,0,0,1,0,0
Maikol Escotto,0,0,0,0,1,0,0,0,1,0,0
Adeiny Hechavarria,0,0,0,0,1,0,0,0,1,0,0
Ed Howard,0,0,0,0,1,0,0,0,1,0,0
Jose Antonio Caballero,0,0,0,0,1,0,0,0,1,0,0
Starlyn Caba,0,0,0,0,1,0,0,0,1,0,0
Jorge Quintana,0,0,0,0,1,0,0,0,1,0,0
Emil Morales,0,0,0,0,1,0,0,0,1,0,0
Jose Perdomo,0,0,0,0,1,0,0,0,1,0,0
Ashly Andujar,0,0,0,0,1,0,0,0,1,0,0
Angel Feliz,0,0,0,0,1,0,0,0,1,0,0
Jhonny Level,0,0,0,0,1,0,0,0,1,0,0
Kellon Lindsey,0,0,0,0,1,0,0,0,1,0,0
Yariel Gonzalez,0,0,0,0,1,0,0,0,1,0,0
Wilmer Andres Reyes,0,0,0,0,1,0,0,0,1,0,0
Kayson Cunningham,0,0,0,0,1,0,0,0,1,0,0
Ethan Holliday,0,0,0,0,1,0,0,0,1,0,0
Steele Hall,0,0,0,0,1,0,0,0,1,0,0
Brady Ebel,0,0,0,0,1,0,0,0,1,0,0
Josuar De Jesus Gonzalez,0,0,0,0,1,0,0,0,1,0,0
Eli Willits,0,0,0,0,1,0,0,0,1,0,0
Aiva Arquette,0,0,0,0,1,0,0,0,1,0,0
Maui Ahuna,0,0,0,0,1,0,0,0,1,0,0
Wilson Garcia,0,0,0,0,0,0,0,0,1,0,0
Ibandel Euclides Isabel,0,0,0,0,0,0,0,0,1,0,0
Wendell Rijo,0,0,0,0,0,0,0,0,1,0,0
Desmond Lindsay,0,0,0,0,0,0,0,0,1,0,0
Jonny Brooks Homza,0,0,0,0,0,0,0,0,1,0,0
Jackson Miller,0,0,0,0,0,0,0,0,1,0,0
Tony Blanco Jr.,0,0,0,0,0,0,0,0,1,0,0
Ronny Cruz,0,0,0,0,1,0,0,0,1,0,0
Joshua Grosz,0,0,0,0,0,0,0,0,0,1,0
Jack Gurevitch,0,1,0,0,0,0,0,0,1,0,0
Alcides Hernandez,0,0,0,0,0,0,0,0,1,0,0
Ivan Luciano,1,0,0,0,0,0,0,0,1,0,0
Truitt Madonna,1,0,0,0,0,0,0,0,1,0,0
Gerelmi Maldonado,0,0,0,0,0,0,0,0,0,1,0
Nate Payne,0,0,0,0,0,0,0,0,0,1,0
Helder Rosario,0,0,0,0,0,0,0,0,1,0,0
Devin Saltiban,0,0,0,0,0,1,1,1,1,0,0
Tanner Thach,0,1,0,0,0,0,0,0,1,0,0
Jancel Villarroel,1,0,0,0,0,1,1,1,1,0,0
Ryan Wideman,0,0,0,0,0,1,1,1,1,0,0
Josiah Hartshorn,0,0,0,0,0,1,1,1,1,0,0
Dylan Campbell,0,0,0,0,0,1,1,1,1,0,0
Gavin Conticello,0,0,0,0,0,1,1,1,1,0,0
Chase Jaworsky,0,0,1,0,1,0,0,0,1,0,0
Rosman Verdugo,0,0,1,1,0,0,0,0,1,0,0
Lamar King,1,1,0,0,0,0,0,0,1,0,0
Jhonny Severino,0,0,1,1,0,0,0,0,1,0,0
Joshua Adamczewski,0,0,1,0,0,0,0,0,1,0,0
Juan Tomas,0,0,0,0,1,0,0,0,1,0,0
Cam Maldonado,0,0,0,0,0,1,1,1,1,0,0
Khristian Curtis,0,0,0,0,0,0,0,0,0,1,0
Ethan Gourson,0,1,1,1,0,0,0,0,1,0,0
Luke Fox,0,0,0,0,0,0,0,0,0,1,0
Luiyin Alastre,0,0,0,0,0,1,1,1,1,0,0
Brayan Castillo,0,0,0,0,0,0,0,0,0,0,1
Saul Garcia,0,0,0,0,0,0,0,0,0,0,1
Felipe De La Cruz,0,0,0,0,0,0,0,0,0,1,1
Peter Hansen,0,0,0,0,0,0,0,0,0,1,0
Ethan O'Donnell,0,0,0,0,0,1,1,1,1,0,0
Jhoan De La Cruz,0,0,1,0,1,0,0,0,1,0,0
Deivid Coronil,0,0,0,1,1,0,0,0,1,0,0
Carlos de la Rosa,0,0,0,0,0,0,0,0,0,1,0
Edgleen Perez,1,0,0,0,0,0,0,0,1,0,0
Chung-Hsiang Huang,0,0,0,0,0,0,0,0,0,1,0
Alex Lodise,0,0,0,0,1,0,0,0,1,0,0
Marconi German,0,0,1,0,1,0,0,0,1,0,0
Daniel Hernandez,1,0,0,0,0,0,0,0,1,0,0
Darell Morel,0,0,0,0,1,0,0,0,1,0,0
Kenly Hunter,0,0,0,0,0,1,1,1,1,0,0
Kevin Defrank,0,0,0,0,0,0,0,0,0,1,0
Trevor Cohen,0,0,0,0,0,1,1,1,1,0,0
Ian Mejia,0,0,0,0,0,0,0,0,0,1,0
Tyson Lewis,0,0,0,0,1,0,0,0,1,0,0
Wyatt Sanford,0,0,1,0,1,0,0,0,1,0,0
Eli Serrano III,0,0,0,0,0,1,1,1,1,0,0
Kevin Hidalgo,0,0,0,1,1,0,0,0,1,0,0
Axiel Plaz,1,0,0,0,0,0,0,0,1,0,0
Liberts Aponte,0,0,0,0,1,0,0,0,1,0,0
Diego Tornes,0,0,0,0,0,1,1,1,1,0,0
Brayan Cortesia,0,0,0,0,1,0,0,0,1,0,0
Juan Cabada,0,0,1,1,0,0,0,0,1,0,0
Elian Peña,0,0,0,0,1,0,0,0,1,0,0
Ching-Hsien Ko,0,0,0,0,0,1,1,1,1,0,0
Ethan Dorchies,0,0,0,0,0,0,0,0,0,1,1
Joel Diaz,0,0,0,0,0,0,0,0,0,1,0
Ricardo Cabrera,0,0,0,1,0,0,0,0,1,0,0
Kavares Tears,0,0,0,0,0,1,1,1,1,0,0
Parks Harber,0,0,0,1,0,0,0,0,1,0,0
Griffin Burkholder,0,0,0,0,0,1,1,1,1,0,0
Nazier Mule,0,0,0,0,0,0,0,0,0,1,0
Bryce Meccage,0,0,0,0,0,0,0,0,0,1,0
Luke Dickerson,0,0,1,0,1,0,0,0,1,0,0
Isaiah Lowe,0,0,0,0,0,0,0,0,0,1,0
Chase Harlan,0,0,0,1,0,0,0,0,1,0,0
Ronald Hernandez,1,1,0,0,0,0,0,0,1,0,0
Jaron Deberry,0,0,0,0,0,0,0,0,0,1,0
Bishop Letson,0,0,0,0,0,0,0,0,0,1,0
Kannon Kemp,0,0,0,0,0,0,0,0,0,1,1
Will Sanders,0,0,0,0,0,0,0,0,0,1,0
Daury Vasquez,0,0,0,0,0,0,0,0,0,1,0
Carlos Virahonda,1,0,0,0,0,0,0,0,1,0,0
Wen-Hui Pan,0,0,0,0,0,0,0,0,0,1,1
Payton Martin,0,0,0,0,0,0,0,0,0,1,0
Kale Fountain,0,1,0,0,0,0,0,0,1,0,0
Sheng-En Lin,0,0,0,0,0,0,0,0,1,1,0
Ramon Marquez,0,0,0,0,0,0,0,0,0,1,0
Alberto Laroche,0,0,0,0,0,0,0,0,0,1,0
Ashton Izzi,0,0,0,0,0,0,0,0,0,1,0
Liomar Martinez,0,0,0,0,0,0,0,0,0,1,0
Yhoiker Fajardo,0,0,0,0,0,0,0,0,0,1,0
Argenis Cayama,0,0,0,0,0,0,0,0,0,1,0
Christian Arroyo,0,1,0,0,0,0,0,0,1,0,0
Eliazar Dishmey,0,0,0,0,0,0,0,0,0,1,0
Yairo Padilla,0,0,0,0,1,0,0,0,1,0,0
Owen Carey,0,0,0,0,0,1,1,1,1,0,0
Wellington Aracena,0,0,0,0,0,0,0,0,0,1,1
Grant Shepardson,0,0,0,0,0,0,0,0,0,1,0
Ethan Petry,0,0,0,0,0,1,1,1,1,0,0
Kade Snell,0,0,0,0,0,1,1,1,1,0,0
Griffin Herring,0,0,0,0,0,0,0,0,0,1,0
Tyson Hardin,0,0,0,0,0,0,0,0,0,1,0
Ty Southisene,0,0,1,0,0,0,0,0,1,0,0
Keyner Benitez,0,0,0,0,0,0,0,0,0,1,0
Bryan Balzer,0,0,0,0,0,0,0,0,0,1,0
Luis De La Torre,0,0,0,0,0,0,0,0,0,1,0
Keyner Martinez,0,0,0,0,0,0,0,0,0,1,1
Ethan Bagwell,0,0,0,0,0,0,0,0,0,1,0
Brendan Tunink,0,0,0,0,0,1,1,1,1,0,0
Eli Lovich,0,0,0,0,0,1,1,1,1,0,0
Lorenzo Meola,0,0,1,0,1,0,0,0,1,0,0
Yordany De Los Santos,0,0,1,0,1,0,0,0,1,0,0
Kai Roberts,0,0,0,0,0,1,1,1,1,0,0
Sammy Stafura,0,0,0,0,1,0,0,0,1,0,0
Walker Martin,0,0,0,1,1,0,0,0,1,0,0
Andrew Faurot,0,0,1,0,0,0,0,0,1,0,0
Zander Mueth,0,0,0,0,0,0,0,0,0,1,0
Eric Bitonti,0,1,0,0,0,0,0,0,1,0,0
Braden Davis,0,0,0,0,0,0,0,0,0,1,0
John Spikerman,0,0,0,0,0,1,1,1,1,0,0
Alex Clemmey,0,0,0,0,0,0,0,0,0,1,0
Alirio Ferrebus,1,1,0,0,0,0,0,0,1,0,0
Christian Zazueta,0,0,0,0,0,0,0,0,0,1,0
Jaron Elkins,0,0,0,0,0,1,1,1,1,0,0
Sean Linan,0,0,0,0,0,0,0,0,0,1,0
Isaiah Drake,0,0,0,0,0,1,1,1,1,0,0
Sir Jamison Jones,1,0,0,0,0,0,0,0,1,0,0
Yoel Tejeda Jr.,0,0,0,0,0,0,0,0,0,1,0
David McCabe,0,1,0,1,0,0,0,0,1,0,0
Samuel Petersen,0,0,0,0,0,1,1,1,1,0,0
David Hagaman,0,0,0,0,0,0,0,0,0,1,0
Cole Mathis,0,0,0,0,0,0,0,0,1,0,0
Jansel Luis,0,0,1,1,0,0,0,0,1,0,0
Herick Hernandez,0,0,0,0,0,0,0,0,0,1,0
Yassel Soler,0,0,0,1,0,0,0,0,1,0,0
Jakob Wright,0,0,0,0,0,0,0,0,0,1,0
Joe Whitman,0,0,0,0,0,0,0,0,0,1,0
Diego Velasquez,0,0,1,0,0,0,0,0,1,0,0
Marco Vargas,0,0,1,0,1,0,0,0,1,0,0
Blake Burkhalter,0,0,0,0,0,0,0,0,0,1,1
Jackson Cox,0,0,0,0,0,0,0,0,0,1,0
Deniel Ortiz,0,1,0,1,0,0,0,0,1,0,0
Colton Ledbetter,0,0,0,0,0,1,1,1,1,0,0
Nate Dohm,0,0,0,0,0,0,0,0,0,1,0
Eriq Swan,0,0,0,0,0,0,0,0,0,1,0
Keiner Delgado,0,0,1,1,0,0,0,0,1,0,0
Kane Kepley,0,0,0,0,0,1,1,1,1,0,0
Luke Sinnard,0,0,0,0,0,0,0,0,0,1,0
William Watson,0,0,0,0,0,0,0,0,0,1,0
Jackson Kent,0,0,0,0,0,0,0,0,0,1,0
Andrew Walling,0,0,0,0,0,0,0,0,0,0,1
Boston Baro,0,0,0,1,1,0,0,0,1,0,0
Yordin Chalas,0,0,0,0,0,0,0,0,0,1,1
Andy Perez,0,0,0,0,1,0,0,0,1,0,0
Jacob Bresnahan,0,0,0,0,0,0,0,0,0,1,0
Douglas Orellana,0,0,0,0,0,0,0,0,0,0,1
Jakob Christian,0,1,0,0,0,1,1,1,1,0,0
Jose Ortiz,0,0,0,0,0,1,1,1,1,0,0
Jesus Baez,0,0,0,1,1,0,0,0,1,0,0
Ethan Hedges,0,0,0,1,0,0,0,0,1,0,0
Marco Dinges,1,0,0,0,0,0,0,0,1,0,0
