billikenTeam,slot,player,team,2021eligibility,contract,salary
NA,NA,NA,NA,NA,,
NA,Melonheads,NA,NA,NA,,
Melonheads,SLOT,PLAYER,TEAM,2021 ELIGIBILITY,,
Melonheads,C,William Contreras,NA,C,,
Melonheads,C,Danny Jansen,NA,C,,
Melonheads,1B,Carlos Santana,LAD,1B,,
Melonheads,2B,Enrique Hernandez,NA,"SS, 2B, 3B",,
Melonheads,3B,Noelvi Marte,NA,NA,,
Melonheads,SS,C.J. Abrams,SDG,SS,,
Melonheads,2B/SS,NA,NA,SS,,
Melonheads,1B/3B,Eric Wagaman,NA,NA,,
Melonheads,OF,Willi Castro,NA,OF,,
Melonheads,OF,Griffin Conine,NA,"OF, 1B",,
Melonheads,OF,Pete Crow-Armstrong,CIN,OF,,
Melonheads,OF,Brandon Nimmo,NA,OF,,
Melonheads,OF,Seiya Suzuki,NA,OF,,
Melonheads,Util,Ramon Laureano,NA,SS,,
Melonheads,Bench,Kyle Tucker,NA,OF,,
Melonheads,Bench,NA,NA,NA,,
Melonheads,IL,Jesse Winker,NA,NA,,
Melonheads,NA,NA,NA,NA,,
Melonheads,P,Ronny Henriquez,NA,NA,,
Melonheads,P,Shota Imanaga,ATL,SP,,
Melonheads,P,Zack Littell,LAD,SP,,
Melonheads,P,Jacob Misiorowski,NA,RP,,
Melonheads,P,Tanner Scott,PHI,"RP, SP",,
Melonheads,P,Paul Skenes,ARZ,RP,,
Melonheads,P,NA,NA,SP,,
Melonheads,P,Yoshinobu Yamamoto,STL,SP,,
Melonheads,P,NA,NA,RP,,
Melonheads,IL,Anthony Bender,NA,NA,,
Melonheads,IL,Michael Kopech,NA,NA,,
Melonheads,IL,Shelby Miller,NA,NA,,
Melonheads,IL,Zach Wheeler,NA,NA,,
Melonheads,NA,NA,NA,NA,,
Melonheads,Free Birds,NA,NA,NA,,
Free Birds,SLOT,PLAYER,TEAM,2021 ELIGIBILITY,,
Free Birds,C,Drake Baldwin,NA,NA,,
Free Birds,C,Liam Hicks,NA,NA,,
Free Birds,1B,Matt Olson,NA,NA,,
Free Birds,2B,Nico Hoerner,NA,NA,,
Free Birds,3B,Max Muncy,NA,NA,,
Free Birds,SS,Ha-Seong Kim,NA,NA,,
Free Birds,2B/SS,Matt Shaw,NA,NA,,
Free Birds,1B/3B,Miguel Andujar,NA,NA,,
Free Birds,OF,T.J. Friedl,NA,NA,,
Free Birds,OF,Teoscar Hernandez,NA,NA,,
Free Birds,OF,NA,NA,NA,,
Free Birds,OF,Bryan Reynolds,NA,NA,,
Free Birds,OF,Alek Thomas,NA,NA,,
Free Birds,Util,Tommy Pham,NA,NA,,
Free Birds,Bench,Andrew McCutchen,NA,NA,,
Free Birds,Bench,Rafael Flores,NA,NA,,
Free Birds,IL,Jake Fraley,NA,NA,,
Free Birds,NA,NA,NA,NA,,
Free Birds,P,Andrew Abbott,NA,NA,,
Free Birds,P,Yu Darvish,NA,NA,,
Free Birds,P,Mitch Keller,NA,NA,,
Free Birds,P,Adrian Morejon,NA,NA,,
Free Birds,P,Robbie Ray,NA,NA,,
Free Birds,P,Brandon Sproat,NA,NA,,
Free Birds,P,Spencer Strider,NA,NA,,
Free Birds,P,Alex Vesia,NA,NA,,
Free Birds,P,Hurston Waldrep,NA,NA,,
Free Birds,IL,Jason Adam,NA,NA,,
Free Birds,IL,Logan Henderson,NA,NA,,
Free Birds,IL,Reynaldo Lopez,NA,NA,,
Free Birds,IL,Evan Phillips,NA,NA,,
Free Birds,IL,Jose Quintana,NA,NA,,
Free Birds,NA,NA,NA,NA,,
Free Birds,Westside Marauders,NA,NA,NA,,
Westside Marauders,SLOT,PLAYER,TEAM,2021 ELIGIBILITY,,
Westside Marauders,C,Joey Bart,NA,NA,,
Westside Marauders,C,Carson Kelly,NA,NA,,
Westside Marauders,1B,Pete Alonso,NA,NA,,
Westside Marauders,2B,Jeff McNeil,NA,NA,,
Westside Marauders,3B,Brady House,NA,NA,,
Westside Marauders,SS,Thomas Saggese,NA,NA,,
Westside Marauders,2B/SS,Jordan Lawler,NA,NA,,
Westside Marauders,1B/3B,Sal Stewart,NA,NA,,
Westside Marauders,OF,"Ronald Acuna, Jr.",NA,NA,,
Westside Marauders,OF,Oneil Cruz,NA,NA,,
Westside Marauders,OF,Brenton Doyle,NA,NA,,
Westside Marauders,OF,Andy Pages,NA,NA,,
Westside Marauders,OF,Spencer Steer,NA,NA,,
Westside Marauders,Util,Francisco Alvarez,NA,NA,,
Westside Marauders,Bench,Andrew Vaughan,NA,NA,,
Westside Marauders,Bench,James Tibbs III,NA,NA,,
Westside Marauders,IL,Will Smith,NA,NA,,
Westside Marauders,IL,Masyn Winn,NA,NA,,
Westside Marauders,NA,NA,NA,NA,,
Westside Marauders,P,Chase Burns,NA,NA,,
Westside Marauders,P,Zac Gallen,NA,NA,,
Westside Marauders,P,Hunter Greene,NA,NA,,
Westside Marauders,P,Mason Miller,NA,NA,,
Westside Marauders,P,Brandon Pfaadt,NA,NA,,
Westside Marauders,P,Quinn Priester,NA,NA,,
Westside Marauders,P,Chris Sale,NA,NA,,
Westside Marauders,P,Jameson Taillon,NA,NA,,
Westside Marauders,P,Amber Uribe,NA,NA,,
Westside Marauders,Bench,Hayden Birdsong,NA,NA,,
Westside Marauders,Bench,Alexis Diaz,NA,NA,,
Westside Marauders,Bench,Griffin Herring,NA,NA,,
Westside Marauders,Bench,Kohl Drake,NA,NA,,
Westside Marauders,IL,Kevin Ginkel,NA,NA,,
Westside Marauders,NA,NA,NA,NA,,
Westside Marauders,Hoosiers,NA,NA,NA,,
Hoosiers,SLOT,PLAYER,TEAM,2021 ELIGIBILITY,,
Hoosiers,C,Moises Ballesteros,NA,NA,,
Hoosiers,C,Agustin Ramirez,NA,NA,,
Hoosiers,1B,NA,NA,NA,,
Hoosiers,2B,Jake Cronenworth,NA,NA,,
Hoosiers,3B,Manny Machado,NA,NA,,
Hoosiers,SS,Elly De La Cruz,NA,NA,,
Hoosiers,2B/SS,Matt McLain,NA,NA,,
Hoosiers,1B/3B,Rafael Devers,NA,NA,,
Hoosiers,OF,Jordan Beck,NA,NA,,
Hoosiers,OF,Corbin Carroll,NA,NA,,
Hoosiers,OF,Drew Gilbert,NA,NA,,
Hoosiers,OF,Jakob Marsee,NA,NA,,
Hoosiers,OF,Heliot Ramos,NA,NA,,
Hoosiers,Util,Jerar Encarnacion,NA,NA,,
Hoosiers,Bench,Heriberto Hernandez,NA,NA,,
Hoosiers,Bench,Oliver Dunn,NA,NA,,
Hoosiers,Bench,Endy Rodriguez,NA,NA,,
Hoosiers,Bench,Zac Veen,NA,NA,,
Hoosiers,Bench,JJ Wetherholt,NA,NA,,
Hoosiers,Bench,Jett Williams,NA,NA,,
Hoosiers,IL,Garrett Mitchell,NA,NA,,
Hoosiers,NA,NA,NA,NA,,
Hoosiers,P,Edward Cabrera,NA,NA,,
Hoosiers,P,Cade Cavalli,NA,NA,,
Hoosiers,P,Bryce Elder,NA,NA,,
Hoosiers,P,Jose Ferrer,NA,NA,,
Hoosiers,P,Tyler Glasnow,NA,NA,,
Hoosiers,P,Ryan Helsey,NA,NA,,
Hoosiers,P,Andrew Kittredge,NA,NA,,
Hoosiers,P,Nolan McLean,NA,NA,,
Hoosiers,P,Logan Webb,NA,NA,,
Hoosiers,Bench,Quinn Mathews,NA,NA,,
Hoosiers,IL,Corbin Burnes,NA,NA,,
Hoosiers,IL,Jared Jones,NA,NA,,
Hoosiers,IL,Max Meyer,NA,NA,,
Hoosiers,IL,Daniel Palencia,NA,NA,,
Hoosiers,IL,Landen Roupp,NA,NA,,
Hoosiers,IL,Brandon Woodruff,NA,NA,,
Hoosiers,NA,NA,NA,NA,,
Hoosiers,Louisville Sluggers,NA,NA,NA,,
Louisville Sluggers,SLOT,PLAYER,TEAM,2021 ELIGIBILITY,,
Louisville Sluggers,C,Hunter Goodman,NA,NA,,
Louisville Sluggers,C,Ben Rortvedt,NA,NA,,
Louisville Sluggers,1B,Jared Triolo,NA,NA,,
Louisville Sluggers,2B,"Luis Garcia, Jr.",NA,NA,,
Louisville Sluggers,3B,NA,NA,NA,,
Louisville Sluggers,SS,Xavier Edwards,NA,NA,,
Louisville Sluggers,2B/SS,Nick Gonzales,NA,NA,,
Louisville Sluggers,1B/3B,Troy Johnston,NA,NA,,
Louisville Sluggers,OF,Jackson Chourio,NA,NA,,
Louisville Sluggers,OF,Issac Collins,NA,NA,,
Louisville Sluggers,OF,Tyler Freeman,NA,NA,,
Louisville Sluggers,OF,Austin Hays,NA,NA,,
Louisville Sluggers,OF,Jackson Merrill,NA,NA,,
Louisville Sluggers,Util,Will Benson,NA,NA,,
Louisville Sluggers,Bench,Brandon Lowe,NA,NA,,
Louisville Sluggers,Bench,Shohei Ohtani,NA,NA,,
Louisville Sluggers,IL,Brett Baty,NA,NA,,
Louisville Sluggers,IL,Willson Contreras,NA,NA,,
Louisville Sluggers,IL,Enmanual Valdez,NA,NA,,
Louisville Sluggers,NA,NA,NA,NA,,
Louisville Sluggers,P,NA,NA,NA,,
Louisville Sluggers,P,Dylan Cease,NA,NA,,
Louisville Sluggers,P,Edwin Diaz,NA,NA,,
Louisville Sluggers,P,Jesus Luzardo,NA,NA,,
Louisville Sluggers,P,Michael McGreevy,NA,NA,,
Louisville Sluggers,P,Emilio Pagan,NA,NA,,
Louisville Sluggers,P,JoJo Romero,NA,NA,,
Louisville Sluggers,P,Christopher Sanchez,NA,NA,,
Louisville Sluggers,P,Victor Vodnik,NA,NA,,
Louisville Sluggers,Bench,Jarlin Susana,NA,NA,,
Louisville Sluggers,NA,NA,NA,NA,,
Louisville Sluggers,Free At Last,NA,NA,NA,,
Free At Last,SLOT,PLAYER,TEAM,2021 ELIGIBILITY,,
Free At Last,C,Patrick Bailey,NA,NA,,
Free At Last,C,Luis Torrens,NA,NA,,
Free At Last,1B,NA,NA,NA,,
Free At Last,2B,Ozzie Albies,NA,NA,,
Free At Last,3B,Matt Chapman,NA,NA,,
Free At Last,SS,Gerardo Perdomo,NA,NA,,
Free At Last,2B/SS,Kyle Farmer,NA,NA,,
Free At Last,1B/3B,Gavin Sheets,NA,NA,,
Free At Last,OF,Alex Call,NA,NA,,
Free At Last,OF,Ian Happ,NA,NA,,
Free At Last,OF,Gavin Lux,NA,NA,,
Free At Last,OF,Victor Scott II,NA,NA,,
Free At Last,OF,Eli White,NA,NA,,
Free At Last,Util,Wilmer Flores,NA,NA,,
Free At Last,Bench,Kyle Schwarber,NA,NA,,
Free At Last,Bench,Hyeseong Kim,NA,NA,,
Free At Last,IL,Miguel Amaya,NA,NA,,
Free At Last,NA,NA,NA,NA,,
Free At Last,P,Ben Brown,NA,NA,,
Free At Last,P,Justin Lawrence,NA,NA,,
Free At Last,P,Nick Martinez,NA,NA,,
Free At Last,P,Miles Mikolas,NA,NA,,
Free At Last,P,Mitchell Parker,NA,NA,,
Free At Last,P,Colin Rea,NA,NA,,
Free At Last,P,NA,NA,NA,,
Free At Last,P,Tyler Rogers,NA,NA,,
Free At Last,P,Jonah Tong,NA,NA,,
Free At Last,Bench,Andrew Painter,NA,NA,,
Free At Last,IL,Roki Sasaki,NA,NA,,
Free At Last,NA,NA,NA,NA,,
Free At Last,Erie Lakers,NA,NA,NA,,
Erie Lakers,SLOT,PLAYER,TEAM,2021 ELIGIBILITY,,
Erie Lakers,C,Freddy Fermin,NA,NA,,
Erie Lakers,C,NA,NA,NA,,
Erie Lakers,1B,NA,NA,NA,,
Erie Lakers,2B,NA,NA,NA,,
Erie Lakers,3B,NA,NA,NA,,
Erie Lakers,SS,Ezequiel Tovar,NA,NA,,
Erie Lakers,2B/SS,NA,NA,NA,,
Erie Lakers,1B/3B,Ryan O'Hearn,NA,NA,,
Erie Lakers,OF,Mookie Betts,NA,NA,,
Erie Lakers,OF,NA,NA,NA,,
Erie Lakers,OF,Brandon Marsh,NA,NA,,
Erie Lakers,OF,Juan Soto,NA,NA,,
Erie Lakers,OF,Josh Wood,NA,NA,,
Erie Lakers,Util,Daylen Lile,NA,NA,,
Erie Lakers,Bench,NA,NA,NA,,
Erie Lakers,Bench,Jake McCarthy,NA,NA,,
Erie Lakers,IL,"Lourdes Gurriel, Jr.",NA,NA,,
Erie Lakers,IL,Austin Riley,NA,NA,,
Erie Lakers,NA,NA,NA,NA,,
Erie Lakers,P,Andrew Alvarez,NA,NA,,
Erie Lakers,P,Nabil Crismatt,NA,NA,,
Erie Lakers,P,Sonny Gray,NA,NA,,
Erie Lakers,P,Clayton Kershaw,NA,NA,,
Erie Lakers,P,Ryne Nelson,NA,NA,,
Erie Lakers,P,Tony Santillan,NA,NA,,
Erie Lakers,P,Brady Singer,NA,NA,,
Erie Lakers,P,Ranger Suarez,NA,NA,,
Erie Lakers,P,Randy Vasquez,NA,NA,,
Erie Lakers,IL,Justin Martinez,NA,NA,,
Erie Lakers,IL,Trevor Megill,NA,NA,,
Erie Lakers,IL,Justin Steele,NA,NA,,
Erie Lakers,NA,NA,NA,NA,,
Erie Lakers,Big Red Machine,NA,NA,NA,,
Big Red Machine,SLOT,PLAYER,TEAM,2021 ELIGIBILITY,,
Big Red Machine,C,Sean Murphy,NA,NA,,
Big Red Machine,C,Pedro Pages,NA,NA,,
Big Red Machine,1B,Michael Busch,NA,NA,,
Big Red Machine,2B,Ketel Marte,NA,NA,,
Big Red Machine,3B,Joey Ortiz,NA,NA,,
Big Red Machine,SS,Dansby Swanson,NA,NA,,
Big Red Machine,2B/SS,Caleb Durbin,NA,NA,,
Big Red Machine,1B/3B,Edmundo Sosa,NA,NA,,
Big Red Machine,OF,Owen Caissie,NA,NA,,
Big Red Machine,OF,Michael Conforto,NA,NA,,
Big Red Machine,OF,Pavin Smith,NA,NA,,
Big Red Machine,OF,Kyle Stowers,NA,NA,,
Big Red Machine,OF,"Fernando Tatis, Jr.",NA,NA,,
Big Red Machine,Util,Otto Lopez,NA,NA,,
Big Red Machine,Bench,Marcel Ozuna,NA,NA,,
Big Red Machine,NA,NA,NA,NA,,
Big Red Machine,P,Sandy Alcantara,NA,NA,,
Big Red Machine,P,Braxton Ashcraft,NA,NA,,
Big Red Machine,P,Bubba Chandler,NA,NA,,
Big Red Machine,P,Cade Horton,NA,NA,,
Big Red Machine,P,Brad Keller,NA,NA,,
Big Red Machine,P,Michael King,NA,NA,,
Big Red Machine,P,Robert Suarez,NA,NA,,
Big Red Machine,P,Ryan Walker,NA,NA,,
Big Red Machine,P,Ryan Weathers,NA,NA,,
Big Red Machine,IL,NA,NA,NA,,
Big Red Machine,IL,Zach Agnos,NA,NA,,
Big Red Machine,IL,Tony Gonsolin,NA,NA,,
Big Red Machine,IL,Grant Holmes,NA,NA,,
Big Red Machine,NA,NA,NA,NA,,
Big Red Machine,National Pastime,NA,NA,NA,,
National Pastime,SLOT,PLAYER,TEAM,2021 ELIGIBILITY,,
National Pastime,C,Ivan Herrera,NA,NA,,
National Pastime,C,Tyler Stephenson,NA,NA,,
National Pastime,1B,Michael Toglia,NA,NA,,
National Pastime,2B,Brice Turang,NA,NA,,
National Pastime,3B,Mark Vientos,NA,NA,,
National Pastime,SS,Francisco Lindor,NA,NA,,
National Pastime,2B/SS,Willy Adames,NA,NA,,
National Pastime,1B/3B,Casey Schmitt,NA,NA,,
National Pastime,OF,Alec Burleson,NA,NA,,
National Pastime,OF,NA,NA,NA,,
National Pastime,OF,Brendan Donovan,NA,NA,,
National Pastime,OF,Michael Harris II,NA,NA,,
National Pastime,OF,Max Kepler,NA,NA,,
National Pastime,Util,Tyler Fitzgerald,NA,NA,,
National Pastime,Bench,Nolan Gorman,NA,NA,,
National Pastime,IL,Kris Bryant,NA,NA,,
National Pastime,NA,NA,NA,NA,,
National Pastime,P,Matthew Boyd,NA,NA,,
National Pastime,P,Erick Fedde,NA,NA,,
National Pastime,P,Kyle Finnegan,NA,NA,,
National Pastime,P,Raisel Iglesias,NA,NA,,
National Pastime,P,Jake Irvin,NA,NA,,
National Pastime,P,Matthew Liberatore,NA,NA,,
National Pastime,P,Freddy Peralta,NA,NA,,
National Pastime,P,Nick Pivetta,NA,NA,,
National Pastime,P,Dennis Santana,NA,NA,,
National Pastime,IL,Tylor Megill,NA,NA,,
National Pastime,IL,Spencer Schwellenbach,NA,NA,,
National Pastime,NA,NA,NA,NA,,
National Pastime,Blue Socks,NA,NA,NA,,
Blue Socks,SLOT,PLAYER,TEAM,2021 ELIGIBILITY,,
Blue Socks,C,J.T. Realmuto,NA,NA,,
Blue Socks,C,Dalton Rushing,NA,NA,,
Blue Socks,1B,Bryce Eldridge,NA,NA,,
Blue Socks,2B,Connor Norby,NA,NA,,
Blue Socks,3B,Nolan Arenado,NA,NA,,
Blue Socks,SS,Tommy Edman,NA,NA,,
Blue Socks,2B/SS,Luisangel Acuna,NA,NA,,
Blue Socks,1B/3B,Ke'Bryan Hayes,NA,NA,,
Blue Socks,OF,Harrison Bader,NA,NA,,
Blue Socks,OF,Jung Ho Lee,NA,NA,,
Blue Socks,OF,Mickey Moniak,NA,NA,,
Blue Socks,OF,Cedric Mullins,NA,NA,,
Blue Socks,OF,Jurickson Profar,NA,NA,,
Blue Socks,Util,Dylan Crews,NA,NA,,
Blue Socks,Bench,NA,NA,NA,,
Blue Socks,Bench,Aidan Miller,NA,NA,,
Blue Socks,Bench,Liover Peguero,NA,NA,,
Blue Socks,IL,Trea Turner,NA,NA,,
Blue Socks,NA,NA,NA,NA,,
Blue Socks,P,Jhoan Duran,NA,NA,,
Blue Socks,P,Jeremiah Estrada,NA,NA,,
Blue Socks,P,Calvin Faucher,NA,NA,,
Blue Socks,P,Mackenzie Gore,NA,NA,,
Blue Socks,P,NA,NA,NA,,
Blue Socks,P,NA,NA,NA,,
Blue Socks,P,Aaron Nola,NA,NA,,
Blue Socks,P,Eury Perez,NA,NA,,
Blue Socks,P,Emmet Sheehan,NA,NA,,
Blue Socks,IL,A.J. Puk,NA,NA,,
Blue Socks,IL,Randy Rodriguez,NA,NA,,
Blue Socks,NA,NA,NA,NA,,
Blue Socks,NA,NA,NA,NA,,
Blue Socks,NA,NA,NA,NA,,
Blue Socks,NA,NA,NA,NA,,
Blue Socks,NA,NA,NA,NA,,
Blue Socks,NA,NA,NA,NA,,
Blue Socks,NA,NA,NA,NA,,
Blue Socks,NA,NA,NA,NA,,
Blue Socks,NA,NA,NA,NA,,
Blue Socks,NA,NA,NA,NA,,
Blue Socks,NA,NA,NA,NA,,
Blue Socks,NA,NA,NA,NA,,
Blue Socks,NA,NA,NA,NA,,
Blue Socks,NA,NA,NA,NA,,
Blue Socks,NA,NA,NA,NA,,
Blue Socks,NA,NA,NA,NA,,
Blue Socks,NA,NA,NA,NA,,
Blue Socks,NA,NA,NA,NA,,
Blue Socks,NA,NA,NA,NA,,
Blue Socks,NA,NA,NA,NA,,
Blue Socks,NA,NA,NA,NA,,
Blue Socks,NA,NA,NA,NA,,
Blue Socks,NA,NA,NA,NA,,
Blue Socks,NA,NA,NA,NA,,
