Player,Salary,Billiken Team
Shohei Ohtani,45,LOUISVILLE SLUGGERS
Ronald Acuna Jr.,40,WESTSIDE MARAUDERS
Juan Soto,39,ERIE LAKERS
Paul Skenes,35,MELONHEADS
Elly De La Cruz,33,HOOSIERS
Kyle Tucker,32,MELONHEADS
Fernando Tatis Jr.,31,BIG RED MACHINE
Rafael Devers,30,HOOSIERS
Cristopher Sanchez,30,LOUISVILLE SLUGGERS
Yoshinobu Yamamoto,29,FREE AT LAST
Trea Turner,29,BLUE SOCKS
Corbin Carroll,29,HOOSIERS
Jackson Chourio,28,LOUISVILLE SLUGGERS
Kyle Schwarber,27,FREE AT LAST
Bryce Harper,27,Big Red Machine
Chris Sale,27,WESTSIDE MARAUDERS
Ketel Marte,27,BIG RED MACHINE
Freddie Freeman,26,Blue Socks
Pete Crow-Armstrong,26,MELONHEADS
Matt Olson,25,FREE BIRDS
James Wood,25,ERIE LAKERS
Hunter Greene,25,WESTSIDE MARAUDERS
Oneil Cruz,25,WESTSIDE MARAUDERS
Francisco Lindor,25,NATIONAL PASTIME
Brice Turang,24,NATIONAL PASTIME
Mason Miller,24,WESTSIDE MARAUDERS
Jhoan Duran,24,BLUE SOCKS
Logan Webb,24,HOOSIERS
Edwin Diaz,24,LOUISVILLE SLUGGERS
Mookie Betts,23,ERIE LAKERS
Manny Machado,23,HOOSIERS
Jackson Merrill,22,LOUISVILLE SLUGGERS
William Contreras,22,MELONHEADS
Eugenio Suárez,21,Melonheads
Gerardo Perdomo,21,FREE AT LAST
Freddy Peralta,21,NATIONAL PASTIME
Austin Riley,20,Big Red Machine
Hunter Goodman,20,LOUISVILLE SLUGGERS
Jesus Luzardo,20,LOUISVILLE SLUGGERS
Seiya Suzuki,20,MELONHEADS
Dansby Swanson,20,BIG RED MACHINE
Michael Busch,20,BIG RED MACHINE
Devin Williams,20,Free At Last
CJ Abrams,20,MELONHEADS
Drake Baldwin,20,FREE BIRDS
Luis Robert Jr.,19,BLUE SOCKS
Nico Hoerner,19,FREE BIRDS
Eury Perez,19,BLUE SOCKS
Teoscar Hernandez,19,FREE BIRDS
Bo Bichette,19,Blue Socks
Emmet Sheehan,19,BLUE SOCKS
Alec Burleson,19,NATIONAL PASTIME
Will Smith,19,WESTSIDE MARAUDERS
Michael Harris II,19,NATIONAL PASTIME
Nick Pivetta,18,NATIONAL PASTIME
Alec Bohm,18,#N/A
Matt Chapman,18,FREE AT LAST
Alex Bregman,18,Erie Lakers
Andy Pages,18,WESTSIDE MARAUDERS
Jakob Marsee,17,HOOSIERS
Chase Burns,17,WESTSIDE MARAUDERS
Brandon Woodruff,17,HOOSIERS
Ezequiel Tovar,17,ERIE LAKERS
Brenton Doyle,17,WESTSIDE MARAUDERS
Ivan Herrera,17,NATIONAL PASTIME
Agustin Ramirez,17,HOOSIERS
Michael King,17,BIG RED MACHINE
Willy Adames,17,NATIONAL PASTIME
Bryson Stott,17,Free Birds
Kyle Stowers,17,BIG RED MACHINE
Gabriel Moreno,16,#N/A
Xavier Edwards,16,LOUISVILLE SLUGGERS
Christian Yelich,16,Free Birds
Tyler Glasnow,16,Big Red Machine
Jorge Polanco,16,#N/A
Brandon Lowe,16,LOUISVILLE SLUGGERS
Nolan McLean,16,HOOSIERS
Francisco Alvarez,16,WESTSIDE MARAUDERS
Otto Lopez,16,BIG RED MACHINE
Noelvi Marte,16,MELONHEADS
Nick Lodolo,16,Free At Last
Jacob Misiorowski,16,MELONHEADS
Spencer Strider,16,FREE BIRDS
Emilio Pagan,16,LOUISVILLE SLUGGERS
Xander Bogaerts,15,Free Birds
Adolis Garcia,15,Blue Socks
Sal Stewart,15,WESTSIDE MARAUDERS
Shota Imanaga,15,MELONHEADS
Matthew Boyd,15,NATIONAL PASTIME
Raisel Iglesias,15,National Pastime
Zack Wheeler,15,BLUE SOCKS
Willi Castro,15,MELONHEADS
Luis Arraez,15,#N/A
Daniel Palencia,15,HOOSIERS
Dylan Crews,15,BLUE SOCKS
Max Muncy,15,FREE BIRDS
Trevor Megill,14,ERIE LAKERS
Jurickson Profar,14,#N/A
Luis Garcia Jr.,14,Westside Marauders
Bryan Reynolds,14,FREE BIRDS
Ozzie Albies,14,Louisville Sluggers
J.T. Realmuto,14,BLUE SOCKS
Sal Frelick,14,National Pastime
Blake Snell,13,Westside Marauders
Ramon Laureano,13,MELONHEADS
Ryan Walker,13,BIG RED MACHINE
Ian Happ,13,FREE AT LAST
Daylen Lile,13,ERIE LAKERS
Konnor Griffin,13,Westside Marauders
Jordan Beck,13,Hoosiers
Robbie Ray,13,FREE BIRDS
Heliot Ramos,13,National Pastime
JJ Wetherholt,13,HOOSIERS
Pete Fairbanks,13,Free At Last
Dennis Santana,12,NATIONAL PASTIME
Ryan O'Hearn,12,#N/A
Aaron Nola,12,BLUE SOCKS
Brett Baty,12,LOUISVILLE SLUGGERS
Bubba Chandler,12,BIG RED MACHINE
Sandy Alcantara,12,National Pastime
Andrew Abbott,12,FREE BIRDS
Andrew Vaughn,12,#N/A
Harrison Bader,11,BLUE SOCKS
Mickey Moniak,11,BLUE SOCKS
Jordan Walker,11,#N/A
Victor Scott II,11,FREE AT LAST
Masyn Winn,11,WESTSIDE MARAUDERS
Edward Cabrera,11,Louisville Sluggers
Marcus Semien,11,BLUE SOCKS
Cade Horton,11,BIG RED MACHINE
Quinn Priester,10,#N/A
Jung Hoo Lee,10,Louisville Sluggers
Sean Manaea,10,#N/A
Nolan Arenado,10,#N/A
Braxton Ashcroft,10,#N/A
Merrill Kelly,10,Melonheads
Joe Musgrove,10,#N/A
Matt McLain,10,HOOSIERS
Abner Uribe,10,WESTSIDE MARAUDERS
Zac Gallen,10,Hoosiers
Brandon Marsh,10,ERIE LAKERS
Justin Crawford,10,#N/A
Tyler Stephenson,10,NATIONAL PASTIME
Nolan Gorman,9,NATIONAL PASTIME
Marcell Ozuna,9,BIG RED MACHINE
Ryne Nelson,9,ERIE LAKERS
Mitch Keller,9,FREE BIRDS
TJ Friedl,9,FREE BIRDS
Mark Vientos,9,NATIONAL PASTIME
Spencer Horowitz,9,#N/A
Jordan Lawlar,9,WESTSIDE MARAUDERS
Kodai Senga,8,Melonheads
Freddy Fermin,8,#N/A
Jake McCarthy,8,#N/A
Jake Cronenworth,8,#N/A
Spencer Steer,8,#N/A
Riley O'Brien,8,#N/A
Roki Sasaki,8,FREE AT LAST
Joey Ortiz,7,#N/A
Cade Cavalli,7,#N/A
Kevin Ginkel,7,#N/A
Harry Ford,7,#N/A
Lars Nootbaar,7,#N/A
Connor Norby,7,BLUE SOCKS
Miguel Andujar,7,#N/A
Clay Holmes,7,#N/A
Owen Caissie,7,#N/A
Moises Ballesteros,7,#N/A
Clayton Beeter,7,#N/A
Carson Benge,7,#N/A
Robert Suarez,7,BIG RED MACHINE
Luis Rengifo,7,#N/A
Braxton Garrett,6,#N/A
Garrett Mitchell,6,#N/A
Keibert Ruiz,6,#N/A
JoJo Romero,6,#N/A
Ke'Bryan Hayes,6,#N/A
Logan Henderson,6,#N/A
Carson Kelly,6,#N/A
Reynaldo Lopez,6,FREE BIRDS
Spencer Schwellenbach,6,NATIONAL PASTIME
Miguel Amaya,5,#N/A
Casey Schmitt,5,#N/A
Christoper Morel,5,#N/A
Mike Yastrzemski,5,#N/A
Seth Halvorsen,5,#N/A
Edouard Julien,5,#N/A
Brandon Pfaadt,5,#N/A
Brady Singer,5,ERIE LAKERS
Jared Triolo,5,#N/A
Justin Steele,5,ERIE LAKERS
Pavin Smith,5,#N/A
Tommy Edman,5,#N/A
Nick Castellanos,5,#N/A
Matthew Liberatore,5,NATIONAL PASTIME
David Peterson,5,#N/A
Brady House,5,WESTSIDE MARAUDERS
Matt Shaw,5,#N/A
Andrew Painter,4,FREE AT LAST
Jared Jones,4,#N/A
Lourdes Gurriel Jr.,4,#N/A
Phil Maton,4,#N/A
Max Meyer,4,#N/A
Paul Sewald,4,#N/A
Gavin Sheets,4,FREE AT LAST
Jameson Taillon,4,#N/A
Jeremiah Estrada,4,BLUE SOCKS
Luke Weaver,4,#N/A
Tyler Mahle,4,#N/A
Nasim Nunez,4,#N/A
JJ Bleday,4,#N/A
Dustin May,4,#N/A
Sean Murphy,4,#N/A
Patrick Bailey,4,FREE AT LAST
Joey Bart,4,#N/A
Bryce Eldridge,4,BLUE SOCKS
Corbin Burnes,4,#N/A
Jett Williams,3,#N/A
Javier Sanoja,3,#N/A
Ben Brown,3,FREE AT LAST
Jonah Tong,3,#N/A
Mauricio Dubon,3,#N/A
Dalton Rushing,3,#N/A
Nick Gonzales,3,#N/A
Chad Patrick,3,#N/A
Victor Vodnik,3,#N/A
Tony Santillan,3,#N/A
Brad Keller,3,#N/A
Ryan Waldschmidt,3,#N/A
Alek Thomas,3,#N/A
Zack Littell,2,MELONHEADS
Thomas Saggese,2,#N/A
Luis Campusano,2,#N/A
Landen Roupp,2,#N/A
Ty France,2,#N/A
Orion Kerkering,2,#N/A
Joe Mack,2,#N/A
Michael Soroka,2,#N/A
Brandon Sproat,2,#N/A
Jonah Heim,2,#N/A
Tanner Scott,2,MELONHEADS
Zac Veen,2,#N/A
Robert Gasser,1,#N/A
Griffin Canning,1,#N/A
Ryan Clifford,1,#N/A
Braxton Fulford,1,#N/A
Hunter Harvey,1,#N/A
Cole Henry,1,#N/A
Gregory Soto,1,#N/A
Justin Wrobleski,1,#N/A
Carson Whisenhunt,1,#N/A
Hurston Waldrep,1,FREE BIRDS
Randy Vasquez,1,#N/A
Miguel Rojas,1,#N/A
Jose Quintana,1,#N/A
Ben Casparius,1,#N/A
Matt Svanson,1,#N/A
Jake Mangum,1,#N/A
Jimmy Crooks,1,#N/A
Liam Hicks,1,#N/A
Michael Conforto,1,#N/A
Jacob Young,1,#N/A
Walker Buehler,1,#N/A
Mason Montogomery,1,#N/A
A.J. Punk,1,#N/A
Esteury Ruiz,1,#N/A
Jose Urquidy,1,#N/A
Ken Waldichuk,1,#N/A
Connor Phillips,1,#N/A
Joel Peguero,1,#N/A
Juan Mejia,1,#N/A
Troy Johnston,1,#N/A
Calvin Faucher,1,#N/A
Nathan Church,1,#N/A
Robby Snelling,1,#N/A
River Ryan,1,#N/A
Aaron Ashby,1,#N/A
Carlos Santana,1,MELONHEADS
Henry Davis,1,#N/A
Tyler Freeman,1,#N/A
Thomas White,1,#N/A
Richard Fitts,1,#N/A
Kyle Freeland,1,#N/A
Josiah Gray,1,#N/A
Janson Junk,1,#N/A
Dylan Lee,1,#N/A
Andre Pallante,1,#N/A
JR Ritchie,1,#N/A
Abimelec Ortiz,1,#N/A
Adrian Houser,1,#N/A
Jhostynxon Garcia,1,#N/A
Chase Dollander,1,#N/A
Jose Butto,1,#N/A
Grant Holmes,1,#N/A
Joshua Baez,1,#N/A
Luis Torrens,1,FREE AT LAST
Foster Griffin,1,#N/A
Michael McGreevy,1,#N/A
Hunter Dobbins,1,#N/A
Enrique Hernandez,1,#N/A
Jared Koenig,1,#N/A
A.J. Minter,1,#N/A
JP Sears,1,#N/A
Ramon Urias,1,#N/A
Alex Vesia,1,#N/A
Colin Rea,1,FREE AT LAST
Graham Pauley,1,#N/A
Rhett Lowder,1,#N/A
Alex Freeland,1,#N/A
Bryce Elder,1,#N/A
Otto Kemp,1,#N/A
German Marquez,1,#N/A
Kevin Alcantara,1,#N/A
Hunter Barco,1,#N/A
Gordon Graceffo,1,#N/A
David Hamilton,1,#N/A
Pedro Pages,1,#N/A
Mike Tauchman,1,#N/A
Jose Trevino,1,#N/A
Ryan Ritter,1,#N/A
Bobby Miller,1,#N/A
Quinn Matthews,1,#N/A
Adrian Del Castillo,1,#N/A
Kemp Alderman,1,#N/A
Eduardo Rodriguez,1,#N/A
Brad Lord,1,#N/A
Kyle Leahy,1,#N/A
MJ Melendez,1,#N/A
Hyeseong Kim,1,FREE AT LAST
Jose Fermin,1,#N/A
Nathaniel Lowe,1,#N/A
Sung Mun Song,1,#N/A
Jose Alvarado,1,#N/A
Ha-Seong Kim,1,#N/A
Aidan Miller,1,MELONHEADS
Adrian Morejon,1,#N/A
Chris Paddack,1,#N/A
Christian Scott,1,#N/A
Ryan Thompson,1,#N/A
Caleb Thielbar,1,#N/A
Carmen Mlodzinski,1,#N/A
Heriberto Hernandez,1,#N/A
Kyle Harrison,1,#N/A
Jake Bauers,1,#N/A
Lucas Giolito,1,#N/A
Edmundo Sosa,1,#N/A
Griffin Connie,1,#N/A
